time_us,pwm,pos
10004,0,0.0
20008,0,0.0
30008,0,0.0
40016,0,0.0
50020,0,0.0
60028,0,0.0
70028,0,0.0
80032,0,0.0
90040,0,0.0
100044,0,0.0
110044,0,0.0
120044,0,0.0
130044,0,0.0
140048,0,0.0
150048,0,0.0
160052,0,0.0
170056,0,0.0
180056,0,0.0
190064,0,0.0
200064,0,0.0
210064,0,0.0
220072,0,0.0
230080,0,0.0
240084,0,0.0
250092,0,0.0
260100,0,0.0
270108,0,0.0
280116,0,0.0
290116,0,0.0
300116,0,0.0
310116,0,0.0
320116,0,0.0
330116,0,0.0
340116,0,0.0
350124,0,0.0
360132,0,0.0
370132,0,0.0
380132,0,0.0
390132,0,0.0
400132,0,0.0
410140,0,0.0
420140,0,0.0
430140,0,0.0
440148,0,0.0
450156,0,0.0
460160,0,0.0
470168,0,0.0
480168,0,0.0
490176,0,0.0
500180,0,0.0
510188,0,0.0
520188,0,0.0
530196,0,0.0
540196,0,0.0
550196,0,0.0
560196,0,0.0
570196,0,0.0
580196,0,0.0
590200,0,0.0
600208,0,0.0
610208,0,0.0
620208,0,0.0
630208,0,0.0
640208,0,0.0
650208,0,0.0
660216,0,0.0
670216,0,0.0
680216,0,0.0
690216,0,0.0
700220,215,0.0
710220,215,2.0
720228,215,7.0
730236,215,14.0
740236,215,22.0
750236,215,30.0
760240,215,39.0
770240,215,49.0
780240,215,58.0
790240,215,68.0
800240,215,77.0
810244,215,87.0
820244,215,97.0
830252,215,106.0
840252,215,116.0
850256,215,126.0
860256,215,135.0
870260,215,145.0
880260,215,155.0
890268,215,164.0
900268,215,174.0
910268,215,184.0
920268,215,194.0
930268,215,203.0
940268,215,213.0
950268,215,223.0
960272,215,233.0
970272,215,243.0
980280,215,252.0
990280,215,262.0
1000284,215,272.0
1010284,215,282.0
1020284,215,291.0
1030288,215,301.0
1040292,215,311.0
1050292,215,321.0
1060300,215,331.0
1070304,215,340.0
1080308,215,350.0
1090308,215,360.0
1100312,215,370.0
1110312,215,379.0
1120316,215,389.0
1130320,215,399.0
1140324,215,409.0
1150332,215,418.0
1160336,215,428.0
1170336,215,438.0
1180340,215,448.0
1190348,215,458.0
1200356,215,467.0
1210360,215,477.0
1220364,215,487.0
1230368,215,497.0
1240372,215,506.0
1250376,215,516.0
1260380,215,526.0
1270384,215,536.0
1280384,215,545.0
1290388,215,555.0
1300392,215,565.0
1310392,215,575.0
1320392,215,585.0
1330396,215,594.0
1340400,215,604.0
1350404,215,614.0
1360408,215,624.0
1370416,215,633.0
1380416,215,643.0
1390420,215,653.0
1400420,-156,663.0
1410424,-156,669.0
1420428,-156,670.0
1430432,-156,667.0
1440436,-156,663.0
1450440,-156,658.0
1460444,-156,651.0
1470444,-156,645.0
1480448,-156,638.0
1490452,-156,632.0
1500456,-156,625.0
1510460,-156,618.0
1520464,-156,611.0
1530468,-156,604.0
1540476,-156,597.0
1550476,-156,590.0
1560480,-156,583.0
1570484,-156,576.0
1580488,-156,569.0
1590492,-156,562.0
1600496,-156,555.0
1610496,-156,548.0
1620500,-156,541.0
1630504,-156,534.0
1640508,-156,527.0
1650508,-156,520.0
1660512,-156,513.0
1670516,-156,506.0
1680520,-156,499.0
1690520,-156,492.0
1700520,-156,485.0
1710524,-156,478.0
1720528,-156,471.0
1730532,-156,464.0
1740532,-156,457.0
1750536,-156,450.0
1760544,-156,443.0
1770544,-156,436.0
1780548,-156,429.0
1790552,-156,422.0
1800560,-156,415.0
1810560,-156,408.0
1820564,-156,401.0
1830564,-156,394.0
1840572,-156,387.0
1850576,-156,380.0
1860576,-156,373.0
1870580,-156,366.0
1880580,-156,359.0
1890580,-156,352.0
1900580,-156,345.0
1910584,-156,338.0
1920588,-156,331.0
1930592,-156,324.0
1940596,-156,317.0
1950600,-156,310.0
1960600,-156,303.0
1970600,-156,296.0
1980600,-156,289.0
1990604,-156,282.0
2000608,-156,275.0
2010608,-156,268.0
2020616,-156,261.0
2030616,-156,254.0
2040620,-156,247.0
2050624,-156,240.0
2060628,-156,233.0
2070632,-156,226.0
2080632,-156,219.0
2090636,-156,212.0
2100636,-143,205.0
2110640,-143,198.0
2120640,-143,192.0
2130644,-143,185.0
2140652,-143,179.0
2150660,-143,172.0
2160660,-143,166.0
2170664,-143,159.0
2180664,-143,153.0
2190664,-143,146.0
2200664,-143,140.0
2210668,-143,134.0
2220672,-143,127.0
2230680,-143,121.0
2240680,-143,114.0
2250684,-143,108.0
2260684,-143,101.0
2270696,-143,95.0
2280704,-143,89.0
2290704,-143,82.0
2300708,-143,76.0
2310708,-143,69.0
2320712,-143,63.0
2330712,-143,57.0
2340716,-143,50.0
2350716,-143,44.0
2360724,-143,37.0
2370724,-143,31.0
2380724,-143,25.0
2390728,-143,18.0
2400732,-143,12.0
2410732,-143,5.0
2420732,-143,-1.0
2430740,-143,-7.0
2440744,-143,-14.0
2450744,-143,-20.0
2460748,-143,-27.0
2470756,-143,-33.0
2480760,-143,-40.0
2490768,-143,-46.0
2500772,-143,-52.0
2510780,-143,-59.0
2520784,-143,-65.0
2530792,-143,-72.0
2540792,-143,-78.0
2550796,-143,-84.0
2560804,-143,-91.0
2570808,-143,-97.0
2580816,-143,-104.0
2590816,-143,-110.0
2600824,-143,-116.0
2610828,-143,-123.0
2620836,-143,-129.0
2630840,-143,-136.0
2640844,-143,-142.0
2650848,-143,-149.0
2660852,-143,-155.0
2670852,-143,-161.0
2680856,-143,-168.0
2690860,-143,-174.0
2700864,-143,-181.0
2710872,-143,-187.0
2720876,-143,-193.0
2730880,-143,-200.0
2740884,-143,-206.0
2750892,-143,-213.0
2760896,-143,-219.0
2770904,-143,-225.0
2780908,-143,-232.0
2790912,-143,-238.0
2800912,-225,-245.0
2810916,-225,-252.0
2820920,-225,-260.0
2830920,-225,-269.0
2840920,-225,-278.0
2850924,-225,-287.0
2860924,-225,-297.0
2870928,-225,-307.0
2880936,-225,-317.0
2890940,-225,-327.0
2900940,-225,-337.0
2910944,-225,-347.0
2920944,-225,-357.0
2930944,-225,-367.0
2940944,-225,-377.0
2950948,-225,-388.0
2960952,-225,-398.0
2970960,-225,-408.0
2980960,-225,-418.0
2990964,-225,-428.0
3000964,-225,-438.0
3010972,-225,-448.0
3020976,-225,-458.0
3030976,-225,-468.0
3040984,-225,-478.0
3050984,-225,-489.0
3060984,-225,-499.0
3070988,-225,-509.0
3080992,-225,-519.0
3090992,-225,-529.0
3100992,-225,-539.0
3110996,-225,-549.0
3121000,-225,-559.0
3131004,-225,-569.0
3141008,-225,-580.0
3151012,-225,-590.0
3161016,-225,-600.0
3171020,-225,-610.0
3181020,-225,-620.0
3191024,-225,-630.0
3201032,-225,-640.0
3211032,-225,-650.0
3221036,-225,-660.0
3231040,-225,-670.0
3241044,-225,-681.0
3251044,-225,-691.0
3261048,-225,-701.0
3271048,-225,-711.0
3281052,-225,-721.0
3291052,-225,-731.0
3301056,-225,-741.0
3311060,-225,-751.0
3321064,-225,-761.0
3331068,-225,-772.0
3341068,-225,-782.0
3351072,-225,-792.0
3361080,-225,-802.0
3371080,-225,-812.0
3381084,-225,-822.0
3391084,-225,-832.0
3401092,-225,-842.0
3411104,-225,-853.0
3421108,-225,-863.0
3431112,-225,-873.0
3441124,-225,-883.0
3451132,-225,-893.0
3461136,-225,-903.0
3471136,-225,-913.0
3481140,-225,-923.0
3491140,-225,-933.0
3501144,-76,-944.0
3511148,-76,-952.0
3521156,-76,-959.0
3531156,-76,-965.0
3541164,-76,-969.0
3551172,-76,-974.0
3561180,-76,-977.0
3571188,-76,-981.0
3581192,-76,-984.0
3591200,-76,-988.0
3601208,-76,-991.0
3611216,-76,-995.0
3621216,-76,-998.0
3631224,-76,-1001.0
3641228,-76,-1005.0
3651228,-76,-1008.0
3661228,-76,-1012.0
3671232,-76,-1015.0
3681232,-76,-1018.0
3691240,-76,-1022.0
3701248,-76,-1025.0
3711248,-76,-1028.0
3721256,-76,-1032.0
3731264,-76,-1035.0
3741272,-76,-1038.0
3751272,-76,-1042.0
3761272,-76,-1045.0
3771280,-76,-1049.0
3781284,-76,-1052.0
3791288,-76,-1055.0
3801296,-76,-1059.0
3811304,-76,-1062.0
3821312,-76,-1065.0
3831320,-76,-1069.0
3841324,-76,-1072.0
3851328,-76,-1075.0
3861336,-76,-1079.0
3871344,-76,-1082.0
3881348,-76,-1085.0
3891352,-76,-1089.0
3901360,-76,-1092.0
3911360,-76,-1096.0
3921360,-76,-1099.0
3931360,-76,-1102.0
3941368,-76,-1106.0
3951376,-76,-1109.0
3961384,-76,-1112.0
3971388,-76,-1116.0
3981396,-76,-1119.0
3991404,-76,-1122.0
4001412,-76,-1126.0
4011412,-76,-1129.0
4021420,-76,-1132.0
4031428,-76,-1136.0
4041436,-76,-1139.0
4051444,-76,-1143.0
4061444,-76,-1146.0
4071444,-76,-1149.0
4081452,-76,-1153.0
4091460,-76,-1156.0
4101460,-76,-1159.0
4111468,-76,-1163.0
4121472,-76,-1166.0
4131472,-76,-1169.0
4141472,-76,-1173.0
4151480,-76,-1176.0
4161488,-76,-1179.0
4171492,-76,-1183.0
4181492,-76,-1186.0
4191492,-76,-1190.0
4201500,-169,-1193.0
4211504,-169,-1197.0
4221512,-169,-1203.0
4231520,-169,-1209.0
4241524,-169,-1216.0
4251528,-169,-1223.0
4261532,-169,-1230.0
4271532,-169,-1238.0
4281536,-169,-1245.0
4291540,-169,-1253.0
4301544,-169,-1260.0
4311548,-169,-1268.0
4321548,-169,-1275.0
4331552,-169,-1283.0
4341556,-169,-1290.0
4351560,-169,-1298.0
4361560,-169,-1306.0
4371564,-169,-1313.0
4381568,-169,-1321.0
4391572,-169,-1328.0
4401572,-169,-1336.0
4411576,-169,-1343.0
4421580,-169,-1351.0
4431584,-169,-1359.0
4441592,-169,-1366.0
4451600,-169,-1374.0
4461604,-169,-1381.0
4471608,-169,-1389.0
4481612,-169,-1397.0
4491612,-169,-1404.0
4501616,-169,-1412.0
4511620,-169,-1419.0
4521624,-169,-1427.0
4531624,-169,-1435.0
4541628,-169,-1442.0
4551632,-169,-1450.0
4561636,-169,-1457.0
4571640,-169,-1465.0
4581640,-169,-1472.0
4591644,-169,-1480.0
4601648,-169,-1488.0
4611652,-169,-1495.0
4621652,-169,-1503.0
4631656,-169,-1510.0
4641660,-169,-1518.0
4651664,-169,-1526.0
4661664,-169,-1533.0
4671668,-169,-1541.0
4681672,-169,-1548.0
4691676,-169,-1556.0
4701680,-169,-1564.0
4711680,-169,-1571.0
4721684,-169,-1579.0
4731688,-169,-1586.0
4741692,-169,-1594.0
4751692,-169,-1601.0
4761696,-169,-1609.0
4771700,-169,-1617.0
4781704,-169,-1624.0
4791704,-169,-1632.0
4801708,-169,-1639.0
4811712,-169,-1647.0
4821716,-169,-1655.0
4831724,-169,-1662.0
4841732,-169,-1670.0
4851736,-169,-1677.0
4861740,-169,-1685.0
4871748,-169,-1693.0
4881756,-169,-1700.0
4891760,-169,-1708.0
4901764,-127,-1715.0
4911772,-127,-1722.0
4921772,-127,-1729.0
4931776,-127,-1735.0
4941780,-127,-1741.0
4951788,-127,-1747.0
4961792,-127,-1753.0
4971792,-127,-1759.0
4981796,-127,-1765.0
4991804,-127,-1771.0
5001812,-127,-1776.0
5011812,-127,-1782.0
5021816,-127,-1788.0
5031824,-127,-1793.0
5041828,-127,-1799.0
5051828,-127,-1805.0
5061828,-127,-1810.0
5071832,-127,-1816.0
5081832,-127,-1822.0
5091836,-127,-1827.0
5101836,-127,-1833.0
5111836,-127,-1839.0
5121844,-127,-1845.0
5131848,-127,-1850.0
5141856,-127,-1856.0
5151860,-127,-1862.0
5161868,-127,-1867.0
5171872,-127,-1873.0
5181872,-127,-1879.0
5191880,-127,-1884.0
5201884,-127,-1890.0
5211888,-127,-1896.0
5221888,-127,-1901.0
5231888,-127,-1907.0
5241896,-127,-1913.0
5251900,-127,-1918.0
5261908,-127,-1924.0
5271916,-127,-1930.0
5281924,-127,-1935.0
5291928,-127,-1941.0
5301932,-127,-1947.0
5311932,-127,-1952.0
5321940,-127,-1958.0
5331944,-127,-1964.0
5341948,-127,-1969.0
5351956,-127,-1975.0
5361964,-127,-1981.0
5371968,-127,-1987.0
5381976,-127,-1992.0
5391980,-127,-1998.0
5401980,-127,-2004.0
5411988,-127,-2009.0
5421992,-127,-2015.0
5432000,-127,-2021.0
5442008,-127,-2026.0
5452012,-127,-2032.0
5462016,-127,-2038.0
5472024,-127,-2043.0
5482028,-127,-2049.0
5492028,-127,-2055.0
5502032,-127,-2060.0
5512040,-127,-2066.0
5522044,-127,-2072.0
5532044,-127,-2077.0
5542052,-127,-2083.0
5552056,-127,-2089.0
5562060,-127,-2095.0
5572060,-127,-2100.0
5582068,-127,-2106.0
5592072,-127,-2112.0
5602076,141,-2117.0
5612080,141,-2120.0
5622088,141,-2119.0
5632088,141,-2116.0
5642096,141,-2111.0
5652096,141,-2106.0
5662100,141,-2100.0
5672108,141,-2094.0
5682108,141,-2088.0
5692116,141,-2081.0
5702124,141,-2075.0
5712128,141,-2069.0
5722128,141,-2063.0
5732128,141,-2056.0
5742128,141,-2050.0
5752132,141,-2044.0
5762140,141,-2037.0
5772148,141,-2031.0
5782156,141,-2024.0
5792160,141,-2018.0
5802160,141,-2012.0
5812168,141,-2005.0
5822176,141,-1999.0
5832176,141,-1993.0
5842176,141,-1986.0
5852176,141,-1980.0
5862184,141,-1973.0
5872184,141,-1967.0
5882188,141,-1961.0
5892196,141,-1954.0
5902196,141,-1948.0
5912204,141,-1941.0
5922208,141,-1935.0
5932208,141,-1929.0
5942216,141,-1922.0
5952224,141,-1916.0
5962224,141,-1910.0
5972228,141,-1903.0
5982228,141,-1897.0
5992236,141,-1890.0
6002236,141,-1884.0
6012240,141,-1878.0
6022248,141,-1871.0
6032248,141,-1865.0
6042256,141,-1858.0
6052260,141,-1852.0
6062260,141,-1846.0
6072268,141,-1839.0
6082268,141,-1833.0
6092268,141,-1827.0
6102272,141,-1820.0
6112272,141,-1814.0
6122280,141,-1807.0
6132280,141,-1801.0
6142284,141,-1795.0
6152284,141,-1788.0
6162292,141,-1782.0
6172292,141,-1775.0
6182292,141,-1769.0
6192292,141,-1763.0
6202292,141,-1756.0
6212292,141,-1750.0
6222296,141,-1744.0
6232304,141,-1737.0
6242304,141,-1731.0
6252312,141,-1724.0
6262312,141,-1718.0
6272316,141,-1712.0
6282316,141,-1705.0
6292324,141,-1699.0
6302324,-249,-1693.0
6312328,-249,-1690.0
6322336,-249,-1693.0
6332340,-249,-1700.0
6342348,-249,-1708.0
6352348,-249,-1717.0
6362348,-249,-1727.0
6372352,-249,-1738.0
6382356,-249,-1748.0
6392360,-249,-1759.0
6402360,-249,-1770.0
6412360,-249,-1781.0
6422364,-249,-1792.0
6432364,-249,-1803.0
6442372,-249,-1815.0
6452372,-249,-1826.0
6462376,-249,-1837.0
6472376,-249,-1848.0
6482384,-249,-1859.0
6492388,-249,-1870.0
6502388,-249,-1881.0
6512392,-249,-1893.0
6522396,-249,-1904.0
6532396,-249,-1915.0
6542400,-249,-1926.0
6552400,-249,-1937.0
6562404,-249,-1948.0
6572408,-249,-1960.0
6582412,-249,-1971.0
6592412,-249,-1982.0
6602412,-249,-1993.0
6612420,-249,-2004.0
6622420,-249,-2015.0
6632420,-249,-2027.0
6642424,-249,-2038.0
6652424,-249,-2049.0
6662432,-249,-2060.0
6672432,-249,-2071.0
6682436,-249,-2083.0
6692436,-249,-2094.0
6702440,-249,-2105.0
6712444,-249,-2116.0
6722444,-249,-2127.0
6732448,-249,-2138.0
6742452,-249,-2150.0
6752456,-249,-2161.0
6762456,-249,-2172.0
6772460,-249,-2183.0
6782464,-249,-2194.0
6792468,-249,-2205.0
6802472,-249,-2217.0
6812472,-249,-2228.0
6822476,-249,-2239.0
6832484,-249,-2250.0
6842484,-249,-2261.0
6852488,-249,-2273.0
6862488,-249,-2284.0
6872496,-249,-2295.0
6882496,-249,-2306.0
6892500,-249,-2317.0
6902504,-249,-2328.0
6912504,-249,-2340.0
6922508,-249,-2351.0
6932512,-249,-2362.0
6942516,-249,-2373.0
6952520,-249,-2384.0
6962528,-249,-2395.0
6972532,-249,-2407.0
6982532,-249,-2418.0
6992536,-249,-2429.0
7002544,-164,-2440.0
7012544,-164,-2451.0
7022548,-164,-2460.0
7032556,-164,-2469.0
7042560,-164,-2477.0
7052568,-164,-2485.0
7062572,-164,-2492.0
7072580,-164,-2500.0
7082584,-164,-2507.0
7092584,-164,-2515.0
7102588,-164,-2522.0
7112592,-164,-2530.0
7122600,-164,-2537.0
7132600,-164,-2545.0
7142604,-164,-2552.0
7152612,-164,-2559.0
7162620,-164,-2567.0
7172624,-164,-2574.0
7182624,-164,-2581.0
7192628,-164,-2589.0
7202632,-164,-2596.0
7212640,-164,-2603.0
7222644,-164,-2611.0
7232652,-164,-2618.0
7242652,-164,-2626.0
7252656,-164,-2633.0
7262656,-164,-2640.0
7272660,-164,-2648.0
7282664,-164,-2655.0
7292668,-164,-2662.0
7302672,-164,-2670.0
7312672,-164,-2677.0
7322676,-164,-2684.0
7332680,-164,-2692.0
7342688,-164,-2699.0
7352688,-164,-2706.0
7362692,-164,-2714.0
7372696,-164,-2721.0
7382704,-164,-2729.0
7392704,-164,-2736.0
7402708,-164,-2743.0
7412712,-164,-2751.0
7422720,-164,-2758.0
7432724,-164,-2765.0
7442724,-164,-2773.0
7452728,-164,-2780.0
7462744,-164,-2788.0
7472748,-164,-2795.0
7482748,-164,-2802.0
7492756,-164,-2810.0
7502760,-164,-2817.0
7512768,-164,-2824.0
7522776,-164,-2832.0
7532784,-164,-2839.0
7542788,-164,-2846.0
7552796,-164,-2854.0
7562800,-164,-2861.0
7572800,-164,-2868.0
7582804,-164,-2876.0
7592812,-164,-2883.0
7602816,-164,-2891.0
7612816,-164,-2898.0
7622820,-164,-2905.0
7632824,-164,-2913.0
7642832,-164,-2920.0
7652836,-164,-2927.0
7662836,-164,-2935.0
7672844,-164,-2942.0
7682848,-164,-2949.0
7692852,-164,-2957.0
7702852,-69,-2964.0
7712860,-69,-2970.0
7722864,-69,-2975.0
7732872,-69,-2980.0
7742876,-69,-2983.0
7752884,-69,-2987.0
7762892,-69,-2990.0
7772900,-69,-2993.0
7782900,-69,-2996.0
7792900,-69,-2999.0
7802900,-69,-3002.0
7812908,-69,-3005.0
7822916,-69,-3008.0
7832920,-69,-3011.0
7842920,-69,-3015.0
7852928,-69,-3018.0
7862928,-69,-3021.0
7872932,-69,-3024.0
7882940,-69,-3027.0
7892948,-69,-3030.0
7902948,-69,-3033.0
7912956,-69,-3036.0
7922960,-69,-3039.0
7932960,-69,-3042.0
7942968,-69,-3045.0
7952968,-69,-3048.0
7962968,-69,-3051.0
7972968,-69,-3054.0
7982976,-69,-3057.0
7992976,-69,-3060.0
8002976,-69,-3063.0
8012976,-69,-3066.0
8022980,-69,-3069.0
8032980,-69,-3072.0
8042988,-69,-3076.0
8052988,-69,-3079.0
8062988,-69,-3082.0
8072988,-69,-3085.0
8082996,-69,-3088.0
8092996,-69,-3091.0
8102996,-69,-3094.0
8113004,-69,-3097.0
8123004,-69,-3100.0
8133004,-69,-3103.0
8143004,-69,-3106.0
8153004,-69,-3109.0
8163004,-69,-3112.0
8173008,-69,-3115.0
8183016,-69,-3118.0
8193016,-69,-3121.0
8203024,-69,-3124.0
8213028,-69,-3127.0
8223032,-69,-3130.0
8233040,-69,-3133.0
8243044,-69,-3137.0
8253044,-69,-3140.0
8263044,-69,-3143.0
8273044,-69,-3146.0
8283052,-69,-3149.0
8293060,-69,-3152.0
8303064,-69,-3155.0
8313072,-69,-3158.0
8323072,-69,-3161.0
8333080,-69,-3164.0
8343088,-69,-3167.0
8353088,-69,-3170.0
8363088,-69,-3173.0
8373096,-69,-3176.0
8383104,-69,-3179.0
8393108,-69,-3182.0
8403108,-180,-3185.0
8413116,-180,-3190.0
8423120,-180,-3196.0
8433128,-180,-3203.0
8443136,-180,-3210.0
8453140,-180,-3217.0
8463144,-180,-3225.0
8473148,-180,-3233.0
8483148,-180,-3241.0
8493152,-180,-3249.0
8503156,-180,-3257.0
8513160,-180,-3265.0
8523160,-180,-3273.0
8533164,-180,-3281.0
8543164,-180,-3289.0
8553172,-180,-3297.0
8563176,-180,-3306.0
8573184,-180,-3314.0
8583188,-180,-3322.0
8593192,-180,-3330.0
8603200,-180,-3338.0
8613208,-180,-3346.0
8623212,-180,-3354.0
8633216,-180,-3362.0
8643220,-180,-3370.0
8653220,-180,-3378.0
8663220,-180,-3386.0
8673228,-180,-3394.0
8683232,-180,-3403.0
8693236,-180,-3411.0
8703236,-180,-3419.0
8713240,-180,-3427.0
8723244,-180,-3435.0
8733248,-180,-3443.0
8743248,-180,-3451.0
8753252,-180,-3459.0
8763260,-180,-3467.0
8773264,-180,-3475.0
8783264,-180,-3483.0
8793268,-180,-3491.0
8803276,-180,-3500.0
8813280,-180,-3508.0
8823284,-180,-3516.0
8833284,-180,-3524.0
8843288,-180,-3532.0
8853292,-180,-3540.0
8863296,-180,-3548.0
8873296,-180,-3556.0
8883300,-180,-3564.0
8893304,-180,-3572.0
8903312,-180,-3580.0
8913312,-180,-3588.0
8923328,-180,-3597.0
8933332,-180,-3605.0
8943336,-180,-3613.0
8953344,-180,-3621.0
8963344,-180,-3629.0
8973348,-180,-3637.0
8983356,-180,-3645.0
8993360,-180,-3653.0
9003360,-180,-3661.0
9013364,-180,-3669.0
9023368,-180,-3677.0
9033376,-180,-3685.0
9043384,-180,-3694.0
9053388,-180,-3702.0
9063392,-180,-3710.0
9073400,-180,-3718.0
9083404,-180,-3726.0
9093404,-180,-3734.0
9103412,-238,-3742.0
9113416,-238,-3751.0
9123424,-238,-3760.0
9133432,-238,-3770.0
9143440,-238,-3780.0
9153444,-238,-3791.0
9163448,-238,-3801.0
9173448,-238,-3812.0
9183452,-238,-3822.0
9193456,-238,-3833.0
9203464,-238,-3844.0
9213468,-238,-3854.0
9223476,-238,-3865.0
9233476,-238,-3876.0
9243480,-238,-3886.0
9253484,-238,-3897.0
9263484,-238,-3908.0
9273488,-238,-3918.0
9283492,-238,-3929.0
9293496,-238,-3940.0
9303504,-238,-3950.0
9313508,-238,-3961.0
9323512,-238,-3972.0
9333516,-238,-3983.0
9343520,-238,-3993.0
9353520,-238,-4004.0
9363524,-238,-4015.0
9373528,-238,-4025.0
9383532,-238,-4036.0
9393540,-238,-4047.0
9403544,-238,-4057.0
9413548,-238,-4068.0
9423556,-238,-4079.0
9433564,-238,-4090.0
9443568,-238,-4100.0
9453572,-238,-4111.0
9463576,-238,-4122.0
9473580,-238,-4132.0
9483580,-238,-4143.0
9493584,-238,-4154.0
9503588,-238,-4164.0
9513592,-238,-4175.0
9523592,-238,-4186.0
9533608,-238,-4197.0
9543612,-238,-4207.0
9553616,-238,-4218.0
9563628,-238,-4229.0
9573628,-238,-4239.0
9583636,-238,-4250.0
9593640,-238,-4261.0
9603644,-238,-4271.0
9613644,-238,-4282.0
9623644,-238,-4293.0
9633652,-238,-4303.0
9643656,-238,-4314.0
9653664,-238,-4325.0
9663668,-238,-4336.0
9673672,-238,-4346.0
9683676,-238,-4357.0
9693680,-238,-4368.0
9703680,-238,-4378.0
9713684,-238,-4389.0
9723688,-238,-4400.0
9733692,-238,-4410.0
9743692,-238,-4421.0
9753696,-238,-4432.0
9763700,-238,-4442.0
9773704,-238,-4453.0
9783712,-238,-4464.0
9793716,-238,-4475.0
9803720,107,-4485.0
9813724,107,-4491.0
9823728,107,-4493.0
9833736,107,-4492.0
9843736,107,-4489.0
9853736,107,-4485.0
9863736,107,-4481.0
9873740,107,-4477.0
9883744,107,-4472.0
9893744,107,-4468.0
9903744,107,-4463.0
9913752,107,-4458.0
9923752,107,-4453.0
9933752,107,-4449.0
9943752,107,-4444.0
9953764,107,-4439.0
9963768,107,-4434.0
9973768,107,-4429.0
9983772,107,-4425.0
9993772,107,-4420.0
10003780,107,-4415.0
10013780,107,-4410.0
10023780,107,-4405.0
10033780,107,-4401.0
10043784,107,-4396.0
10053784,107,-4391.0
10063788,107,-4386.0
10073788,107,-4381.0
10083792,107,-4376.0
10093796,107,-4372.0
10103796,107,-4367.0
10113796,107,-4362.0
10123796,107,-4357.0
10133804,107,-4352.0
10143804,107,-4347.0
10153808,107,-4343.0
10163808,107,-4338.0
10173812,107,-4333.0
10183812,107,-4328.0
10193812,107,-4323.0
10203816,107,-4319.0
10213820,107,-4314.0
10223824,107,-4309.0
10233828,107,-4304.0
10243828,107,-4299.0
10253828,107,-4294.0
10263828,107,-4289.0
10273828,107,-4285.0
10283828,107,-4280.0
10293828,107,-4275.0
10303832,107,-4270.0
10313832,107,-4265.0
10323832,107,-4261.0
10333832,107,-4256.0
10343836,107,-4251.0
10353836,107,-4246.0
10363836,107,-4241.0
10373836,107,-4236.0
10383848,107,-4232.0
10393852,107,-4227.0
10403852,107,-4222.0
10413852,107,-4217.0
10423852,107,-4212.0
10433856,107,-4207.0
10443856,107,-4203.0
10453856,107,-4198.0
10463856,107,-4193.0
10473860,107,-4188.0
10483860,107,-4183.0
10493860,107,-4178.0
10503860,117,-4174.0
10513860,117,-4169.0
10523860,117,-4164.0
10533860,117,-4158.0
10543860,117,-4153.0
10553860,117,-4148.0
10563864,117,-4143.0
10573872,117,-4137.0
10583872,117,-4132.0
10593872,117,-4127.0
10603876,117,-4122.0
10613884,117,-4116.0
10623884,117,-4111.0
10633884,117,-4106.0
10643888,117,-4100.0
10653888,117,-4095.0
10663896,117,-4090.0
10673896,117,-4085.0
10683904,117,-4079.0
10693908,117,-4074.0
10703908,117,-4069.0
10713908,117,-4064.0
10723908,117,-4058.0
10733912,117,-4053.0
10743912,117,-4048.0
10753912,117,-4042.0
10763920,117,-4037.0
10773924,117,-4032.0
10783924,117,-4027.0
10793932,117,-4021.0
10803932,117,-4016.0
10813932,117,-4011.0
10823932,117,-4005.0
10833932,117,-4000.0
10843932,117,-3995.0
10853932,117,-3990.0
10863936,117,-3984.0
10873940,117,-3979.0
10883940,117,-3974.0
10893948,117,-3968.0
10903952,117,-3963.0
10913952,117,-3958.0
10923952,117,-3953.0
10933952,117,-3947.0
10943956,117,-3942.0
10953960,117,-3937.0
10963960,117,-3931.0
10973960,117,-3926.0
10983960,117,-3921.0
10993964,117,-3916.0
11003964,117,-3910.0
11013968,117,-3905.0
11023968,117,-3900.0
11033972,117,-3894.0
11043972,117,-3889.0
11053972,117,-3884.0
11063972,117,-3879.0
11073976,117,-3873.0
11083980,117,-3868.0
11093980,117,-3863.0
11103980,117,-3857.0
11113980,117,-3852.0
11123984,117,-3847.0
11133988,117,-3842.0
11143988,117,-3836.0
11153988,117,-3831.0
11163992,117,-3826.0
11173996,117,-3820.0
11183996,117,-3815.0
11194000,117,-3810.0
11204004,100,-3805.0
11214012,100,-3800.0
11224012,100,-3795.0
11234012,100,-3790.0
11244012,100,-3785.0
11254016,100,-3781.0
11264016,100,-3776.0
11274016,100,-3772.0
11284016,100,-3767.0
11294020,100,-3763.0
11304020,100,-3759.0
11314020,100,-3754.0
11324020,100,-3750.0
11334028,100,-3745.0
11344028,100,-3741.0
11354028,100,-3736.0
11364028,100,-3732.0
11374032,100,-3727.0
11384036,100,-3723.0
11394036,100,-3718.0
11404036,100,-3714.0
11414036,100,-3709.0
11424040,100,-3705.0
11434040,100,-3700.0
11444044,100,-3696.0
11454044,100,-3691.0
11464048,100,-3687.0
11474048,100,-3682.0
11484048,100,-3678.0
11494048,100,-3673.0
11504056,100,-3669.0
11514056,100,-3664.0
11524056,100,-3660.0
11534056,100,-3656.0
11544056,100,-3651.0
11554064,100,-3647.0
11564072,100,-3642.0
11574072,100,-3638.0
11584072,100,-3633.0
11594076,100,-3629.0
11604076,100,-3624.0
11614076,100,-3620.0
11624076,100,-3615.0
11634084,100,-3611.0
11644084,100,-3606.0
11654084,100,-3602.0
11664092,100,-3597.0
11674092,100,-3593.0
11684096,100,-3588.0
11694096,100,-3584.0
11704096,100,-3579.0
11714096,100,-3575.0
11724104,100,-3570.0
11734104,100,-3566.0
11744104,100,-3562.0
11754104,100,-3557.0
11764112,100,-3553.0
11774112,100,-3548.0
11784116,100,-3544.0
11794116,100,-3539.0
11804120,100,-3535.0
11814120,100,-3530.0
11824124,100,-3526.0
11834124,100,-3521.0
11844124,100,-3517.0
11854128,100,-3512.0
11864128,100,-3508.0
11874128,100,-3503.0
11884132,100,-3499.0
11894136,100,-3494.0
11904136,122,-3490.0
11914136,122,-3485.0
11924136,122,-3480.0
11934140,122,-3475.0
11944140,122,-3469.0
11954140,122,-3464.0
11964144,122,-3458.0
11974144,122,-3453.0
11984148,122,-3447.0
11994148,122,-3442.0
12004148,122,-3436.0
12014148,122,-3431.0
12024152,122,-3425.0
12034152,122,-3420.0
12044152,122,-3414.0
12054152,122,-3409.0
12064156,122,-3403.0
12074156,122,-3398.0
12084156,122,-3392.0
12094156,122,-3387.0
12104160,122,-3381.0
12114160,122,-3376.0
12124168,122,-3370.0
12134168,122,-3365.0
12144168,122,-3359.0
12154172,122,-3354.0
12164172,122,-3348.0
12174172,122,-3343.0
12184172,122,-3337.0
12194176,122,-3332.0
12204176,122,-3326.0
12214176,122,-3321.0
12224176,122,-3315.0
12234184,122,-3310.0
12244184,122,-3304.0
12254184,122,-3299.0
12264184,122,-3293.0
12274184,122,-3288.0
12284188,122,-3282.0
12294188,122,-3277.0
12304188,122,-3271.0
12314196,122,-3266.0
12324200,122,-3260.0
12334208,122,-3255.0
12344208,122,-3249.0
12354216,122,-3244.0
12364220,122,-3238.0
12374220,122,-3233.0
12384220,122,-3227.0
12394228,122,-3222.0
12404228,122,-3216.0
12414232,122,-3210.0
12424232,122,-3205.0
12434232,122,-3199.0
12444232,122,-3194.0
12454236,122,-3188.0
12464240,122,-3183.0
12474240,122,-3177.0
12484240,122,-3172.0
12494244,122,-3166.0
12504244,122,-3161.0
12514244,122,-3155.0
12524244,122,-3150.0
12534252,122,-3144.0
12544260,122,-3139.0
12554268,122,-3133.0
12564268,122,-3128.0
12574268,122,-3122.0
12584272,122,-3117.0
12594276,122,-3111.0
12604276,-166,-3106.0
12614276,-166,-3105.0
12624280,-166,-3108.0
12634288,-166,-3113.0
12644296,-166,-3118.0
12654300,-166,-3125.0
12664300,-166,-3132.0
12674300,-166,-3139.0
12684308,-166,-3146.0
12694312,-166,-3153.0
12704312,-166,-3161.0
12714312,-166,-3168.0
12724316,-166,-3176.0
12734324,-166,-3183.0
12744332,-166,-3190.0
12754332,-166,-3198.0
12764340,-166,-3205.0
12774344,-166,-3213.0
12784352,-166,-3220.0
12794356,-166,-3228.0
12804360,-166,-3235.0
12814360,-166,-3243.0
12824364,-166,-3250.0
12834368,-166,-3258.0
12844376,-166,-3265.0
12854380,-166,-3272.0
12864384,-166,-3280.0
12874388,-166,-3287.0
12884388,-166,-3295.0
12894392,-166,-3302.0
12904396,-166,-3310.0
12914400,-166,-3317.0
12924404,-166,-3325.0
12934404,-166,-3332.0
12944408,-166,-3340.0
12954412,-166,-3347.0
12964416,-166,-3354.0
12974416,-166,-3362.0
12984420,-166,-3369.0
12994424,-166,-3377.0
13004428,-166,-3384.0
13014428,-166,-3392.0
13024432,-166,-3399.0
13034436,-166,-3407.0
13044444,-166,-3414.0
13054448,-166,-3422.0
13064448,-166,-3429.0
13074452,-166,-3437.0
13084460,-166,-3444.0
13094468,-166,-3451.0
13104476,-166,-3459.0
13114484,-166,-3466.0
13124484,-166,-3474.0
13134488,-166,-3481.0
13144496,-166,-3489.0
13154500,-166,-3496.0
13164504,-166,-3504.0
13174508,-166,-3511.0
13184512,-166,-3519.0
13194512,-166,-3526.0
13204516,-166,-3534.0
13214520,-166,-3541.0
13224524,-166,-3548.0
13234532,-166,-3556.0
13244536,-166,-3563.0
13254540,-166,-3571.0
13264548,-166,-3578.0
13274556,-166,-3586.0
13284560,-166,-3593.0
13294564,-166,-3601.0
13304572,-61,-3608.0
13314576,-61,-3614.0
13324576,-61,-3619.0
13334584,-61,-3623.0
13344592,-61,-3626.0
13354596,-61,-3629.0
13364600,-61,-3632.0
13374608,-61,-3635.0
13384616,-61,-3638.0
13394624,-61,-3640.0
13404624,-61,-3643.0
13414624,-61,-3646.0
13424632,-61,-3648.0
13434640,-61,-3651.0
13444640,-61,-3654.0
13454640,-61,-3656.0
13464648,-61,-3659.0
13474656,-61,-3662.0
13484664,-61,-3664.0
13494668,-61,-3667.0
13504676,-61,-3670.0
13514684,-61,-3672.0
13524684,-61,-3675.0
13534684,-61,-3678.0
13544684,-61,-3681.0
13554692,-61,-3683.0
13564700,-61,-3686.0
13574700,-61,-3689.0
13584700,-61,-3691.0
13594708,-61,-3694.0
13604708,-61,-3697.0
13614716,-61,-3699.0
13624716,-61,-3702.0
13634716,-61,-3705.0
13644724,-61,-3707.0
13654732,-61,-3710.0
13664736,-61,-3713.0
13674744,-61,-3715.0
13684744,-61,-3718.0
13694752,-61,-3721.0
13704760,-61,-3724.0
13714764,-61,-3726.0
13724772,-61,-3729.0
13734780,-61,-3732.0
13744780,-61,-3734.0
13754780,-61,-3737.0
13764780,-61,-3740.0
13774780,-61,-3742.0
13784788,-61,-3745.0
13794796,-61,-3748.0
13804800,-61,-3750.0
13814808,-61,-3753.0
13824808,-61,-3756.0
13834816,-61,-3758.0
13844816,-61,-3761.0
13854824,-61,-3764.0
13864832,-61,-3767.0
13874832,-61,-3769.0
13884836,-61,-3772.0
13894844,-61,-3775.0
13904844,-61,-3777.0
13914852,-61,-3780.0
13924852,-61,-3783.0
13934856,-61,-3785.0
13944864,-61,-3788.0
13954864,-61,-3791.0
13964872,-61,-3793.0
13974872,-61,-3796.0
13984872,-61,-3799.0
13994872,-61,-3801.0
14004872,144,-3804.0
14014880,144,-3803.0
14024880,144,-3800.0
14034884,144,-3795.0
14044884,144,-3790.0
14054892,144,-3784.0
14064896,144,-3778.0
14074896,144,-3772.0
14084896,144,-3765.0
14094896,144,-3759.0
14104896,144,-3752.0
14114896,144,-3746.0
14124896,144,-3739.0
14134896,144,-3733.0
14144900,144,-3726.0
14154908,144,-3720.0
14164908,144,-3713.0
14174908,144,-3707.0
14184908,144,-3700.0
14194908,144,-3694.0
14204908,144,-3687.0
14214908,144,-3681.0
14224908,144,-3674.0
14234912,144,-3668.0
14244920,144,-3661.0
14254920,144,-3655.0
14264920,144,-3648.0
14274920,144,-3641.0
14284920,144,-3635.0
14294920,144,-3628.0
14304920,144,-3622.0
14314924,144,-3615.0
14324928,144,-3609.0
14334936,144,-3602.0
14344940,144,-3596.0
14354948,144,-3589.0
14364952,144,-3583.0
14374952,144,-3576.0
14384952,144,-3570.0
14394952,144,-3563.0
14404956,144,-3557.0
14414956,144,-3550.0
14424956,144,-3544.0
14434964,144,-3537.0
14444968,144,-3531.0
14454976,144,-3524.0
14464976,144,-3518.0
14474980,144,-3511.0
14484980,144,-3505.0
14494984,144,-3498.0
14504984,144,-3491.0
14514992,144,-3485.0
14524992,144,-3478.0
14534996,144,-3472.0
14544996,144,-3465.0
14555004,144,-3459.0
14565004,144,-3452.0
14575008,144,-3446.0
14585008,144,-3439.0
14595016,144,-3433.0
14605016,144,-3426.0
14615024,144,-3420.0
14625028,144,-3413.0
14635028,144,-3407.0
14645036,144,-3400.0
14655036,144,-3394.0
14665040,144,-3387.0
14675040,144,-3381.0
14685048,144,-3374.0
14695048,144,-3367.0
14705052,-86,-3361.0
14715060,-86,-3358.0
14725060,-86,-3358.0
14735060,-86,-3359.0
14745068,-86,-3362.0
14755072,-86,-3365.0
14765072,-86,-3368.0
14775080,-86,-3372.0
14785084,-86,-3376.0
14795088,-86,-3380.0
14805096,-86,-3383.0
14815104,-86,-3387.0
14825112,-86,-3391.0
14835112,-86,-3395.0
14845112,-86,-3399.0
14855112,-86,-3402.0
14865120,-86,-3406.0
14875124,-86,-3410.0
14885128,-86,-3414.0
14895136,-86,-3418.0
14905144,-86,-3422.0
14915152,-86,-3426.0
14925152,-86,-3429.0
14935152,-86,-3433.0
14945160,-86,-3437.0
14955168,-86,-3441.0
14965172,-86,-3445.0
14975176,-86,-3449.0
14985176,-86,-3452.0
14995176,-86,-3456.0
15005184,-86,-3460.0
15015188,-86,-3464.0
15025196,-86,-3468.0
15035204,-86,-3472.0
15045204,-86,-3475.0
15055204,-86,-3479.0
15065204,-86,-3483.0
15075212,-86,-3487.0
15085220,-86,-3491.0
15095220,-86,-3495.0
15105220,-86,-3498.0
15115228,-86,-3502.0
15125236,-86,-3506.0
15135236,-86,-3510.0
15145236,-86,-3514.0
15155236,-86,-3518.0
15165244,-86,-3521.0
15175252,-86,-3525.0
15185256,-86,-3529.0
15195264,-86,-3533.0
15205264,-86,-3537.0
15215272,-86,-3541.0
15225272,-86,-3545.0
15235272,-86,-3548.0
15245272,-86,-3552.0
15255280,-86,-3556.0
15265288,-86,-3560.0
15275288,-86,-3564.0
15285288,-86,-3568.0
15295296,-86,-3571.0
15305296,-86,-3575.0
15315300,-86,-3579.0
15325308,-86,-3583.0
15335308,-86,-3587.0
15345316,-86,-3591.0
15355320,-86,-3594.0
15365320,-86,-3598.0
15375328,-86,-3602.0
15385336,-86,-3606.0
15395344,-86,-3610.0
15405344,-188,-3614.0
15415352,-188,-3619.0
15425360,-188,-3626.0
15435364,-188,-3633.0
15445364,-188,-3641.0
15455368,-188,-3649.0
15465372,-188,-3657.0
15475380,-188,-3665.0
15485380,-188,-3673.0
15495384,-188,-3682.0
15505388,-188,-3690.0
15515396,-188,-3699.0
15525400,-188,-3707.0
15535412,-188,-3716.0
15545416,-188,-3724.0
15555424,-188,-3732.0
15565428,-188,-3741.0
15575428,-188,-3749.0
15585432,-188,-3758.0
15595440,-188,-3766.0
15605448,-188,-3775.0
15615464,-188,-3783.0
15625464,-188,-3792.0
15635468,-188,-3800.0
15645476,-188,-3809.0
15655480,-188,-3817.0
15665480,-188,-3825.0
15675488,-188,-3834.0
15685496,-188,-3842.0
15695500,-188,-3851.0
15705500,-188,-3859.0
15715508,-188,-3868.0
15725512,-188,-3876.0
15735520,-188,-3885.0
15745524,-188,-3893.0
15755524,-188,-3901.0
15765528,-188,-3910.0
15775532,-188,-3918.0
15785540,-188,-3927.0
15795540,-188,-3935.0
15805544,-188,-3944.0
15815548,-188,-3952.0
15825556,-188,-3961.0
15835556,-188,-3969.0
15845560,-188,-3978.0
15855568,-188,-3986.0
15865572,-188,-3994.0
15875580,-188,-4003.0
15885580,-188,-4011.0
15895584,-188,-4020.0
15905588,-188,-4028.0
15915592,-188,-4037.0
15925592,-188,-4045.0
15935596,-188,-4054.0
15945604,-188,-4062.0
15955608,-188,-4071.0
15965608,-188,-4079.0
15975612,-188,-4087.0
15985620,-188,-4096.0
15995624,-188,-4104.0
16005628,-188,-4113.0
16015628,-188,-4121.0
16025628,-188,-4130.0
16035632,-188,-4138.0
16045636,-188,-4147.0
16055636,-188,-4155.0
16065644,-188,-4164.0
16075644,-188,-4172.0
16085652,-188,-4180.0
16095660,-188,-4189.0
16105664,-75,-4197.0
16115672,-75,-4204.0
16125676,-75,-4210.0
16135676,-75,-4214.0
16145680,-75,-4218.0
16155688,-75,-4222.0
16165696,-75,-4226.0
16175704,-75,-4229.0
16185704,-75,-4233.0
16195704,-75,-4236.0
16205712,-75,-4239.0
16215720,-75,-4243.0
16225724,-75,-4246.0
16235732,-75,-4249.0
16245740,-75,-4253.0
16255740,-75,-4256.0
16265740,-75,-4259.0
16275740,-75,-4263.0
16285740,-75,-4266.0
16295740,-75,-4269.0
16305748,-75,-4273.0
16315752,-75,-4276.0
16325752,-75,-4279.0
16335760,-75,-4283.0
16345760,-75,-4286.0
16355760,-75,-4289.0
16365760,-75,-4293.0
16375760,-75,-4296.0
16385760,-75,-4299.0
16395764,-75,-4303.0
16405764,-75,-4306.0
16415772,-75,-4309.0
16425780,-75,-4313.0
16435788,-75,-4316.0
16445788,-75,-4319.0
16455796,-75,-4323.0
16465804,-75,-4326.0
16475812,-75,-4329.0
16485812,-75,-4333.0
16495812,-75,-4336.0
16505820,-75,-4339.0
16515824,-75,-4343.0
16525824,-75,-4346.0
16535824,-75,-4349.0
16545824,-75,-4353.0
16555832,-75,-4356.0
16565840,-75,-4359.0
16575840,-75,-4363.0
16585840,-75,-4366.0
16595848,-75,-4369.0
16605856,-75,-4373.0
16615856,-75,-4376.0
16625856,-75,-4379.0
16635864,-75,-4383.0
16645864,-75,-4386.0
16655872,-75,-4389.0
16665872,-75,-4393.0
16675880,-75,-4396.0
16685888,-75,-4399.0
16695896,-75,-4403.0
16705900,-75,-4406.0
16715908,-75,-4409.0
16725916,-75,-4413.0
16735924,-75,-4416.0
16745928,-75,-4419.0
16755936,-75,-4422.0
16765944,-75,-4426.0
16775952,-75,-4429.0
16785952,-75,-4432.0
16795952,-75,-4436.0
16805952,-253,-4439.0
16815956,-253,-4446.0
16825960,-253,-4454.0
16835960,-253,-4463.0
16845964,-253,-4473.0
16855964,-253,-4484.0
16865968,-253,-4494.0
16875976,-253,-4505.0
16885976,-253,-4517.0
16895980,-253,-4528.0
16905984,-253,-4539.0
16915988,-253,-4550.0
16925988,-253,-4562.0
16935988,-253,-4573.0
16945992,-253,-4584.0
16955996,-253,-4596.0
16965996,-253,-4607.0
16976000,-253,-4618.0
16986000,-253,-4630.0
16996004,-253,-4641.0
17006012,-253,-4653.0
17016012,-253,-4664.0
17026016,-253,-4675.0
17036020,-253,-4687.0
17046024,-253,-4698.0
17056032,-253,-4709.0
17066032,-253,-4721.0
17076036,-253,-4732.0
17086040,-253,-4744.0
17096048,-253,-4755.0
17106052,-253,-4766.0
17116052,-253,-4778.0
17126060,-253,-4789.0
17136068,-253,-4800.0
17146068,-253,-4812.0
17156072,-253,-4823.0
17166076,-253,-4835.0
17176080,-253,-4846.0
17186088,-253,-4857.0
17196088,-253,-4869.0
17206092,-253,-4880.0
17216096,-253,-4891.0
17226100,-253,-4903.0
17236104,-253,-4914.0
17246108,-253,-4926.0
17256112,-253,-4937.0
17266120,-253,-4948.0
17276120,-253,-4960.0
17286124,-253,-4971.0
17296128,-253,-4982.0
17306128,-253,-4994.0
17316128,-253,-5005.0
17326128,-253,-5017.0
17336132,-253,-5028.0
17346136,-253,-5039.0
17356136,-253,-5051.0
17366140,-253,-5062.0
17376144,-253,-5074.0
17386148,-253,-5085.0
17396148,-253,-5096.0
17406152,-253,-5108.0
17416156,-253,-5119.0
17426160,-253,-5130.0
17436164,-253,-5142.0
17446172,-253,-5153.0
17456172,-253,-5165.0
17466176,-253,-5176.0
17476180,-253,-5187.0
17486184,-253,-5199.0
17496188,-253,-5210.0
17506192,114,-5221.0
17516196,114,-5226.0
17526204,114,-5227.0
17536208,114,-5225.0
17546208,114,-5221.0
17556208,114,-5217.0
17566208,114,-5213.0
17576216,114,-5208.0
17586216,114,-5203.0
17596216,114,-5198.0
17606216,114,-5193.0
17616224,114,-5187.0
17626232,114,-5182.0
17636232,114,-5177.0
17646232,114,-5172.0
17656236,114,-5167.0
17666240,114,-5162.0
17676248,114,-5157.0
17686248,114,-5151.0
17696248,114,-5146.0
17706252,114,-5141.0
17716252,114,-5136.0
17726260,114,-5131.0
17736260,114,-5126.0
17746264,114,-5121.0
17756264,114,-5115.0
17766264,114,-5110.0
17776268,114,-5105.0
17786272,114,-5100.0
17796276,114,-5095.0
17806276,114,-5090.0
17816276,114,-5085.0
17826280,114,-5079.0
17836284,114,-5074.0
17846288,114,-5069.0
17856288,114,-5064.0
17866288,114,-5059.0
17876296,114,-5054.0
17886296,114,-5049.0
17896296,114,-5043.0
17906300,114,-5038.0
17916308,114,-5033.0
17926308,114,-5028.0
17936312,114,-5023.0
17946312,114,-5018.0
17956316,114,-5013.0
17966316,114,-5007.0
17976320,114,-5002.0
17986320,114,-4997.0
17996320,114,-4992.0
18006328,114,-4987.0
18016328,114,-4982.0
18026328,114,-4977.0
18036328,114,-4971.0
18046332,114,-4966.0
18056332,114,-4961.0
18066332,114,-4956.0
18076332,114,-4951.0
18086336,114,-4946.0
18096340,114,-4941.0
18106340,114,-4935.0
18116340,114,-4930.0
18126340,114,-4925.0
18136344,114,-4920.0
18146344,114,-4915.0
18156348,114,-4910.0
18166348,114,-4905.0
18176352,114,-4899.0
18186352,114,-4894.0
18196352,114,-4889.0
18206356,-115,-4884.0
18216360,-115,-4883.0
18226360,-115,-4885.0
18236360,-115,-4888.0
18246368,-115,-4892.0
18256376,-115,-4896.0
18266376,-115,-4901.0
18276376,-115,-4906.0
18286384,-115,-4911.0
18296392,-115,-4916.0
18306392,-115,-4921.0
18316392,-115,-4926.0
18326392,-115,-4931.0
18336400,-115,-4936.0
18346400,-115,-4942.0
18356400,-115,-4947.0
18366408,-115,-4952.0
18376416,-115,-4957.0
18386424,-115,-4962.0
18396424,-115,-4967.0
18406432,-115,-4972.0
18416436,-115,-4978.0
18426436,-115,-4983.0
18436436,-115,-4988.0
18446444,-115,-4993.0
18456448,-115,-4998.0
18466456,-115,-5003.0
18476456,-115,-5009.0
18486464,-115,-5014.0
18496472,-115,-5019.0
18506476,-115,-5024.0
18516476,-115,-5029.0
18526476,-115,-5034.0
18536484,-115,-5039.0
18546492,-115,-5044.0
18556500,-115,-5050.0
18566500,-115,-5055.0
18576508,-115,-5060.0
18586512,-115,-5065.0
18596512,-115,-5070.0
18606512,-115,-5075.0
18616520,-115,-5081.0
18626528,-115,-5086.0
18636536,-115,-5091.0
18646536,-115,-5096.0
18656536,-115,-5101.0
18666536,-115,-5106.0
18676544,-115,-5111.0
18686552,-115,-5117.0
18696556,-115,-5122.0
18706560,-115,-5127.0
18716568,-115,-5132.0
18726576,-115,-5137.0
18736576,-115,-5142.0
18746584,-115,-5147.0
18756592,-115,-5153.0
18766600,-115,-5158.0
18776604,-115,-5163.0
18786608,-115,-5168.0
18796616,-115,-5173.0
18806624,-115,-5178.0
18816632,-115,-5183.0
18826632,-115,-5189.0
18836640,-115,-5194.0
18846648,-115,-5199.0
18856656,-115,-5204.0
18866664,-115,-5209.0
18876664,-115,-5214.0
18886664,-115,-5219.0
18896668,-115,-5225.0
18906676,-95,-5230.0
18916680,-95,-5234.0
18926688,-95,-5239.0
18936696,-95,-5243.0
18946704,-95,-5248.0
18956704,-95,-5252.0
18966704,-95,-5256.0
18976712,-95,-5261.0
18986712,-95,-5265.0
18996720,-95,-5269.0
19006720,-95,-5273.0
19016720,-95,-5277.0
19026728,-95,-5282.0
19036736,-95,-5286.0
19046740,-95,-5290.0
19056744,-95,-5294.0
19066744,-95,-5299.0
19076752,-95,-5303.0
19086756,-95,-5307.0
19096764,-95,-5311.0
19106764,-95,-5316.0
19116772,-95,-5320.0
19126772,-95,-5324.0
19136776,-95,-5328.0
19146784,-95,-5333.0
19156784,-95,-5337.0
19166784,-95,-5341.0
19176788,-95,-5345.0
19186796,-95,-5350.0
19196796,-95,-5354.0
19206796,-95,-5358.0
19216800,-95,-5362.0
19226808,-95,-5366.0
19236812,-95,-5371.0
19246812,-95,-5375.0
19256820,-95,-5379.0
19266820,-95,-5383.0
19276828,-95,-5388.0
19286836,-95,-5392.0
19296844,-95,-5396.0
19306844,-95,-5400.0
19316844,-95,-5405.0
19326852,-95,-5409.0
19336852,-95,-5413.0
19346852,-95,-5417.0
19356852,-95,-5422.0
19366860,-95,-5426.0
19376868,-95,-5430.0
19386876,-95,-5434.0
19396880,-95,-5439.0
19406888,-95,-5443.0
19416896,-95,-5447.0
19426904,-95,-5451.0
19436908,-95,-5456.0
19446916,-95,-5460.0
19456916,-95,-5464.0
19466920,-95,-5468.0
19476924,-95,-5473.0
19486932,-95,-5477.0
19496940,-95,-5481.0
19506940,-95,-5485.0
19516948,-95,-5490.0
19526952,-95,-5494.0
19536960,-95,-5498.0
19546968,-95,-5502.0
19556968,-95,-5507.0
19566968,-95,-5511.0
19576968,-95,-5515.0
19586968,-95,-5519.0
19596968,-95,-5523.0
19606968,162,-5527.0
19616972,162,-5526.0
19626984,162,-5522.0
19636988,162,-5517.0
19646988,162,-5511.0
19656992,162,-5505.0
19666996,162,-5498.0
19677004,162,-5491.0
19687012,162,-5484.0
19697012,162,-5477.0
19707012,162,-5469.0
19717012,162,-5462.0
19727020,162,-5455.0
19737020,162,-5447.0
19747020,162,-5440.0
19757020,162,-5433.0
19767028,162,-5425.0
19777028,162,-5418.0
19787032,162,-5411.0
19797040,162,-5403.0
19807040,162,-5396.0
19817040,162,-5389.0
19827040,162,-5381.0
19837040,162,-5374.0
19847040,162,-5367.0
19857048,162,-5359.0
19867048,162,-5352.0
19877048,162,-5344.0
19887056,162,-5337.0
19897056,162,-5330.0
19907064,162,-5322.0
19917068,162,-5315.0
19927076,162,-5308.0
19937084,162,-5300.0
19947084,162,-5293.0
19957088,162,-5286.0
19967088,162,-5278.0
19977088,162,-5271.0
19987088,162,-5264.0
19997088,162,-5256.0
20007088,162,-5249.0
20017088,162,-5242.0
20027096,162,-5234.0
20037104,162,-5227.0
20047108,162,-5219.0
20057116,162,-5212.0
20067116,162,-5205.0
20077124,162,-5197.0
20087128,162,-5190.0
20097128,162,-5183.0
20107132,162,-5175.0
20117132,162,-5168.0
20127136,162,-5161.0
20137136,162,-5153.0
20147144,162,-5146.0
20157144,162,-5139.0
20167144,162,-5131.0
20177144,162,-5124.0
20187144,162,-5117.0
20197144,162,-5109.0
20207144,162,-5102.0
20217148,162,-5094.0
20227148,162,-5087.0
20237148,162,-5080.0
20247148,162,-5072.0
20257152,162,-5065.0
20267152,162,-5058.0
20277152,162,-5050.0
20287152,162,-5043.0
20297156,162,-5036.0
20307156,76,-5028.0
20317160,76,-5023.0
20327160,76,-5018.0
20337160,76,-5013.0
20347160,76,-5010.0
20357164,76,-5006.0
20367164,76,-5002.0
20377168,76,-4999.0
20387168,76,-4995.0
20397172,76,-4992.0
20407176,76,-4989.0
20417180,76,-4985.0
20427188,76,-4982.0
20437192,76,-4978.0
20447196,76,-4975.0
20457200,76,-4972.0
20467204,76,-4968.0
20477204,76,-4965.0
20487208,76,-4961.0
20497208,76,-4958.0
20507208,76,-4955.0
20517212,76,-4951.0
20527216,76,-4948.0
20537216,76,-4944.0
20547220,76,-4941.0
20557224,76,-4938.0
20567228,76,-4934.0
20577228,76,-4931.0
20587228,76,-4927.0
20597232,76,-4924.0
20607240,76,-4921.0
20617240,76,-4917.0
20627244,76,-4914.0
20637244,76,-4910.0
20647252,76,-4907.0
20657252,76,-4904.0
20667256,76,-4900.0
20677256,76,-4897.0
20687264,76,-4893.0
20697264,76,-4890.0
20707268,76,-4887.0
20717268,76,-4883.0
20727272,76,-4880.0
20737276,76,-4876.0
20747280,76,-4873.0
20757280,76,-4869.0
20767284,76,-4866.0
20777288,76,-4863.0
20787292,76,-4859.0
20797292,76,-4856.0
20807296,76,-4853.0
20817300,76,-4849.0
20827304,76,-4846.0
20837304,76,-4842.0
20847308,76,-4839.0
20857328,76,-4835.0
20867328,76,-4832.0
20877328,76,-4829.0
20887328,76,-4825.0
20897332,76,-4822.0
20907340,76,-4819.0
20917340,76,-4815.0
20927344,76,-4812.0
20937344,76,-4808.0
20947352,76,-4805.0
20957356,76,-4802.0
20967356,76,-4798.0
20977360,76,-4795.0
20987372,76,-4791.0
20997380,76,-4788.0
21007380,-140,-4785.0
21017380,-140,-4786.0
21027380,-140,-4789.0
21037380,-140,-4793.0
21047388,-140,-4799.0
21057396,-140,-4804.0
21067400,-140,-4810.0
21077400,-140,-4816.0
21087404,-140,-4822.0
21097412,-140,-4829.0
21107416,-140,-4835.0
21117424,-140,-4841.0
21127424,-140,-4847.0
21137432,-140,-4854.0
21147436,-140,-4860.0
21157444,-140,-4866.0
21167452,-140,-4872.0
21177456,-140,-4879.0
21187464,-140,-4885.0
21197472,-140,-4891.0
21207472,-140,-4897.0
21217476,-140,-4904.0
21227480,-140,-4910.0
21237480,-140,-4916.0
21247484,-140,-4923.0
21257484,-140,-4929.0
21267484,-140,-4935.0
21277488,-140,-4942.0
21287488,-140,-4948.0
21297488,-140,-4954.0
21307496,-140,-4960.0
21317500,-140,-4967.0
21327508,-140,-4973.0
21337508,-140,-4979.0
21347512,-140,-4985.0
21357520,-140,-4992.0
21367528,-140,-4998.0
21377532,-140,-5004.0
21387532,-140,-5011.0
21397540,-140,-5017.0
21407548,-140,-5023.0
21417552,-140,-5029.0
21427556,-140,-5036.0
21437560,-140,-5042.0
21447560,-140,-5048.0
21457564,-140,-5055.0
21467568,-140,-5061.0
21477572,-140,-5067.0
21487572,-140,-5073.0
21497580,-140,-5080.0
21507588,-140,-5086.0
21517588,-140,-5092.0
21527592,-140,-5099.0
21537592,-140,-5105.0
21547600,-140,-5111.0
21557600,-140,-5117.0
21567604,-140,-5124.0
21577604,-140,-5130.0
21587608,-140,-5136.0
21597608,-140,-5143.0
21607616,-140,-5149.0
21617620,-140,-5155.0
21627628,-140,-5161.0
21637632,-140,-5168.0
21647632,-140,-5174.0
21657636,-140,-5180.0
21667640,-140,-5187.0
21677648,-140,-5193.0
21687648,-140,-5199.0
21697656,-140,-5205.0
21707664,-218,-5212.0
21717668,-218,-5219.0
21727668,-218,-5228.0
21737672,-218,-5237.0
21747676,-218,-5246.0
21757684,-218,-5255.0
21767688,-218,-5265.0
21777696,-218,-5274.0
21787700,-218,-5284.0
21797704,-218,-5294.0
21807708,-218,-5304.0
21817716,-218,-5313.0
21827720,-218,-5323.0
21837724,-218,-5333.0
21847728,-218,-5343.0
21857736,-218,-5353.0
21867740,-218,-5362.0
21877744,-218,-5372.0
21887752,-218,-5382.0
21897756,-218,-5392.0
21907756,-218,-5402.0
21917760,-218,-5411.0
21927764,-218,-5421.0
21937768,-218,-5431.0
21947768,-218,-5441.0
21957772,-218,-5451.0
21967780,-218,-5461.0
21977784,-218,-5470.0
21987792,-218,-5480.0
21997796,-218,-5490.0
22007800,-218,-5500.0
22017808,-218,-5509.0
22027808,-218,-5519.0
22037808,-218,-5529.0
22047812,-218,-5539.0
22057816,-218,-5549.0
22067824,-218,-5558.0
22077832,-218,-5568.0
22087836,-218,-5578.0
22097844,-218,-5588.0
22107848,-218,-5598.0
22117848,-218,-5607.0
22127852,-218,-5617.0
22137856,-218,-5627.0
22147860,-218,-5637.0
22157864,-218,-5647.0
22167864,-218,-5657.0
22177868,-218,-5666.0
22187872,-218,-5676.0
22197880,-218,-5686.0
22207888,-218,-5696.0
22217892,-218,-5706.0
22227900,-218,-5715.0
22237904,-218,-5725.0
22247912,-218,-5735.0
22257912,-218,-5745.0
22267916,-218,-5755.0
22277924,-218,-5764.0
22287928,-218,-5774.0
22297928,-218,-5784.0
22307932,-218,-5794.0
22317936,-218,-5804.0
22327944,-218,-5813.0
22337952,-218,-5823.0
22347956,-218,-5833.0
22357964,-218,-5843.0
22367968,-218,-5853.0
22377972,-218,-5863.0
22387972,-218,-5872.0
22397980,-218,-5882.0
22407996,119,-5891.0
22418000,119,-5894.0
22428008,119,-5894.0
22438012,119,-5891.0
22448012,119,-5887.0
22458012,119,-5883.0
22468016,119,-5878.0
22478016,119,-5873.0
22488016,119,-5867.0
22498016,119,-5862.0
22508016,119,-5857.0
22518024,119,-5852.0
22528024,119,-5846.0
22538032,119,-5841.0
22548040,119,-5835.0
22558044,119,-5830.0
22568048,119,-5825.0
22578048,119,-5819.0
22588048,119,-5814.0
22598052,119,-5809.0
22608052,119,-5803.0
22618052,119,-5798.0
22628052,119,-5792.0
22638060,119,-5787.0
22648068,119,-5782.0
22658068,119,-5776.0
22668068,119,-5771.0
22678068,119,-5766.0
22688072,119,-5760.0
22698072,119,-5755.0
22708072,119,-5749.0
22718072,119,-5744.0
22728080,119,-5739.0
22738080,119,-5733.0
22748080,119,-5728.0
22758080,119,-5723.0
22768088,119,-5717.0
22778088,119,-5712.0
22788088,119,-5706.0
22798088,119,-5701.0
22808088,119,-5696.0
22818092,119,-5690.0
22828092,119,-5685.0
22838092,119,-5680.0
22848092,119,-5674.0
22858100,119,-5669.0
22868100,119,-5663.0
22878100,119,-5658.0
22888100,119,-5653.0
22898108,119,-5647.0
22908108,119,-5642.0
22918108,119,-5637.0
22928112,119,-5631.0
22938112,119,-5626.0
22948116,119,-5620.0
22958116,119,-5615.0
22968116,119,-5610.0
22978116,119,-5604.0
22988120,119,-5599.0
22998120,119,-5594.0
23008124,119,-5588.0
23018124,119,-5583.0
23028128,119,-5578.0
23038132,119,-5572.0
23048132,119,-5567.0
23058132,119,-5561.0
23068144,119,-5556.0
23078148,119,-5551.0
23088152,119,-5545.0
23098152,119,-5540.0
23108152,156,-5534.0
23118156,156,-5528.0
23128156,156,-5522.0
23138156,156,-5515.0
23148156,156,-5508.0
23158160,156,-5501.0
23168160,156,-5494.0
23178168,156,-5487.0
23188168,156,-5480.0
23198172,156,-5473.0
23208172,156,-5466.0
23218180,156,-5459.0
23228180,156,-5452.0
23238180,156,-5445.0
23248184,156,-5438.0
23258192,156,-5431.0
23268192,156,-5424.0
23278192,156,-5417.0
23288204,156,-5409.0
23298204,156,-5402.0
23308204,156,-5395.0
23318204,156,-5388.0
23328208,156,-5381.0
23338208,156,-5374.0
23348208,156,-5367.0
23358216,156,-5360.0
23368216,156,-5353.0
23378220,156,-5346.0
23388220,156,-5339.0
23398228,156,-5332.0
23408228,156,-5324.0
23418232,156,-5317.0
23428232,156,-5310.0
23438232,156,-5303.0
23448232,156,-5296.0
23458236,156,-5289.0
23468236,156,-5282.0
23478236,156,-5275.0
23488236,156,-5268.0
23498236,156,-5261.0
23508244,156,-5254.0
23518252,156,-5246.0
23528252,156,-5239.0
23538252,156,-5232.0
23548256,156,-5225.0
23558260,156,-5218.0
23568260,156,-5211.0
23578268,156,-5204.0
23588272,156,-5197.0
23598272,156,-5190.0
23608272,156,-5183.0
23618272,156,-5176.0
23628280,156,-5168.0
23638284,156,-5161.0
23648284,156,-5154.0
23658292,156,-5147.0
23668292,156,-5140.0
23678296,156,-5133.0
23688296,156,-5126.0
23698304,156,-5119.0
23708304,156,-5112.0
23718308,156,-5105.0
23728308,156,-5098.0
23738308,156,-5090.0
23748312,156,-5083.0
23758312,156,-5076.0
23768316,156,-5069.0
23778316,156,-5062.0
23788316,156,-5055.0
23798316,156,-5048.0
23808324,-169,-5043.0
23818332,-169,-5043.0
23828340,-169,-5046.0
23838348,-169,-5051.0
23848352,-169,-5057.0
23858356,-169,-5063.0
23868356,-169,-5070.0
23878360,-169,-5078.0
23888360,-169,-5085.0
23898360,-169,-5092.0
23908364,-169,-5100.0
23918364,-169,-5107.0
23928372,-169,-5115.0
23938372,-169,-5123.0
23948380,-169,-5130.0
23958384,-169,-5138.0
23968392,-169,-5145.0
23978392,-169,-5153.0
23988396,-169,-5161.0
23998404,-169,-5168.0
24008412,-169,-5176.0
24018416,-169,-5183.0
24028416,-169,-5191.0
24038420,-169,-5198.0
24048424,-169,-5206.0
24058428,-169,-5214.0
24068428,-169,-5221.0
24078432,-169,-5229.0
24088440,-169,-5237.0
24098444,-169,-5244.0
24108444,-169,-5252.0
24118448,-169,-5259.0
24128452,-169,-5267.0
24138460,-169,-5274.0
24148464,-169,-5282.0
24158464,-169,-5290.0
24168472,-169,-5297.0
24178476,-169,-5305.0
24188480,-169,-5313.0
24198480,-169,-5320.0
24208484,-169,-5328.0
24218492,-169,-5335.0
24228496,-169,-5343.0
24238496,-169,-5350.0
24248504,-169,-5358.0
24258508,-169,-5366.0
24268516,-169,-5373.0
24278520,-169,-5381.0
24288520,-169,-5389.0
24298528,-169,-5396.0
24308532,-169,-5404.0
24318540,-169,-5411.0
24328540,-169,-5419.0
24338548,-169,-5426.0
24348552,-169,-5434.0
24358560,-169,-5442.0
24368560,-169,-5449.0
24378564,-169,-5457.0
24388572,-169,-5465.0
24398576,-169,-5472.0
24408584,-169,-5480.0
24418584,-169,-5487.0
24428588,-169,-5495.0
24438592,-169,-5503.0
24448592,-169,-5510.0
24458600,-169,-5518.0
24468608,-169,-5525.0
24478612,-169,-5533.0
24488620,-169,-5541.0
24498620,-169,-5548.0
24508628,210,-5554.0
24518632,210,-5554.0
24528636,210,-5550.0
24538636,210,-5544.0
24548640,210,-5536.0
24558640,210,-5528.0
24568640,210,-5519.0
24578640,210,-5510.0
24588640,210,-5501.0
24598648,210,-5491.0
24608656,210,-5482.0
24618660,210,-5473.0
24628660,210,-5463.0
24638668,210,-5454.0
24648676,210,-5444.0
24658684,210,-5434.0
24668688,210,-5425.0
24678692,210,-5415.0
24688696,210,-5406.0
24698704,210,-5396.0
24708704,210,-5387.0
24718704,210,-5377.0
24728704,210,-5368.0
24738712,210,-5358.0
24748720,210,-5349.0
24758724,210,-5339.0
24768732,210,-5329.0
24778740,210,-5320.0
24788748,210,-5310.0
24798756,210,-5301.0
24808756,210,-5291.0
24818756,210,-5282.0
24828764,210,-5272.0
24838772,210,-5262.0
24848772,210,-5253.0
24858780,210,-5243.0
24868788,210,-5234.0
24878796,210,-5224.0
24888796,210,-5215.0
24898796,210,-5205.0
24908800,210,-5195.0
24918808,210,-5186.0
24928816,210,-5176.0
24938816,210,-5167.0
24948816,210,-5157.0
24958824,210,-5148.0
24968832,210,-5138.0
24978832,210,-5129.0
24988840,210,-5119.0
24998848,210,-5109.0
25008856,210,-5100.0
25018864,210,-5090.0
25028864,210,-5081.0
25038864,210,-5071.0
25048872,210,-5062.0
25058880,210,-5052.0
25068880,210,-5042.0
25078888,210,-5033.0
25088888,210,-5023.0
25098892,210,-5014.0
25108896,210,-5004.0
25118904,210,-4995.0
25128912,210,-4985.0
25138920,210,-4975.0
25148928,210,-4966.0
25158928,210,-4956.0
25168928,210,-4947.0
25178936,210,-4937.0
25188936,210,-4928.0
25198940,210,-4918.0
25208940,163,-4909.0
25218948,163,-4900.0
25228956,163,-4891.0
25238960,163,-4883.0
25248968,163,-4876.0
25258968,163,-4868.0
25268976,163,-4860.0
25278976,163,-4853.0
25288980,163,-4845.0
25298988,163,-4838.0
25308988,163,-4831.0
25318996,163,-4823.0
25329000,163,-4816.0
25339000,163,-4808.0
25349008,163,-4801.0
25359008,163,-4793.0
25369012,163,-4786.0
25379012,163,-4779.0
25389012,163,-4771.0
25399016,163,-4764.0
25409024,163,-4756.0
25419028,163,-4749.0
25429028,163,-4742.0
25439028,163,-4734.0
25449028,163,-4727.0
25459032,163,-4719.0
25469032,163,-4712.0
25479036,163,-4705.0
25489036,163,-4697.0
25499040,163,-4690.0
25509048,163,-4682.0
25519048,163,-4675.0
25529048,163,-4668.0
25539048,163,-4660.0
25549052,163,-4653.0
25559052,163,-4645.0
25569052,163,-4638.0
25579052,163,-4630.0
25589056,163,-4623.0
25599060,163,-4616.0
25609060,163,-4608.0
25619068,163,-4601.0
25629068,163,-4593.0
25639068,163,-4586.0
25649076,163,-4579.0
25659084,163,-4571.0
25669084,163,-4564.0
25679084,163,-4556.0
25689092,163,-4549.0
25699100,163,-4541.0
25709100,163,-4534.0
25719104,163,-4527.0
25729112,163,-4519.0
25739120,163,-4512.0
25749120,163,-4504.0
25759120,163,-4497.0
25769120,163,-4490.0
25779128,163,-4482.0
25789136,163,-4475.0
25799144,163,-4467.0
25809152,163,-4460.0
25819160,163,-4453.0
25829168,163,-4445.0
25839168,163,-4438.0
25849168,163,-4430.0
25859168,163,-4423.0
25869168,163,-4416.0
25879176,163,-4408.0
25889180,163,-4401.0
25899188,163,-4393.0
25909188,184,-4386.0
25919188,184,-4378.0
25929196,184,-4370.0
25939200,184,-4362.0
25949208,184,-4354.0
25959216,184,-4345.0
25969224,184,-4337.0
25979224,184,-4329.0
25989224,184,-4320.0
25999232,184,-4312.0
26009232,184,-4303.0
26019236,184,-4295.0
26029244,184,-4287.0
26039252,184,-4278.0
26049252,184,-4270.0
26059260,184,-4262.0
26069264,184,-4253.0
26079272,184,-4245.0
26089272,184,-4236.0
26099280,184,-4228.0
26109284,184,-4220.0
26119292,184,-4211.0
26129300,184,-4203.0
26139308,184,-4195.0
26149312,184,-4186.0
26159320,184,-4178.0
26169328,184,-4169.0
26179328,184,-4161.0
26189336,184,-4153.0
26199340,184,-4144.0
26209340,184,-4136.0
26219348,184,-4127.0
26229356,184,-4119.0
26239356,184,-4111.0
26249356,184,-4102.0
26259360,184,-4094.0
26269368,184,-4086.0
26279368,184,-4077.0
26289376,184,-4069.0
26299380,184,-4060.0
26309380,184,-4052.0
26319384,184,-4044.0
26329384,184,-4035.0
26339384,184,-4027.0
26349388,184,-4019.0
26359388,184,-4010.0
26369388,184,-4002.0
26379392,184,-3993.0
26389392,184,-3985.0
26399400,184,-3977.0
26409400,184,-3968.0
26419408,184,-3960.0
26429416,184,-3952.0
26439424,184,-3943.0
26449432,184,-3935.0
26459432,184,-3926.0
26469440,184,-3918.0
26479448,184,-3910.0
26489456,184,-3901.0
26499460,184,-3893.0
26509468,184,-3885.0
26519472,184,-3876.0
26529472,184,-3868.0
26539472,184,-3859.0
26549472,184,-3851.0
26559480,184,-3843.0
26569488,184,-3834.0
26579496,184,-3826.0
26589496,184,-3817.0
26599496,184,-3809.0
26609504,210,-3801.0
26619504,210,-3792.0
26629504,210,-3783.0
26639512,210,-3773.0
26649520,210,-3764.0
26659524,210,-3754.0
26669528,210,-3745.0
26679532,210,-3735.0
26689532,210,-3726.0
26699536,210,-3716.0
26709536,210,-3707.0
26719536,210,-3697.0
26729544,210,-3688.0
26739548,210,-3678.0
26749556,210,-3668.0
26759556,210,-3659.0
26769556,210,-3649.0
26779564,210,-3640.0
26789568,210,-3630.0
26799572,210,-3621.0
26809580,210,-3611.0
26819588,210,-3601.0
26829592,210,-3592.0
26839592,210,-3582.0
26849592,210,-3573.0
26859600,210,-3563.0
26869608,210,-3553.0
26879616,210,-3544.0
26889616,210,-3534.0
26899624,210,-3525.0
26909628,210,-3515.0
26919636,210,-3506.0
26929644,210,-3496.0
26939644,210,-3486.0
26949652,210,-3477.0
26959660,210,-3467.0
26969668,210,-3458.0
26979668,210,-3448.0
26989676,210,-3439.0
26999680,210,-3429.0
27009680,210,-3419.0
27019680,210,-3410.0
27029684,210,-3400.0
27039684,210,-3391.0
27049692,210,-3381.0
27059696,210,-3371.0
27069696,210,-3362.0
27079704,210,-3352.0
27089708,210,-3343.0
27099708,210,-3333.0
27109708,210,-3324.0
27119716,210,-3314.0
27129724,210,-3304.0
27139732,210,-3295.0
27149732,210,-3285.0
27159740,210,-3276.0
27169748,210,-3266.0
27179756,210,-3257.0
27189760,210,-3247.0
27199764,210,-3237.0
27209772,210,-3228.0
27219776,210,-3218.0
27229784,210,-3209.0
27239784,210,-3199.0
27249800,210,-3189.0
27259808,210,-3180.0
27269816,210,-3170.0
27279816,210,-3161.0
27289816,210,-3151.0
27299820,210,-3142.0
27309820,-63,-3134.0
27319820,-63,-3130.0
27329824,-63,-3130.0
27339824,-63,-3131.0
27349828,-63,-3133.0
27359828,-63,-3135.0
27369832,-63,-3138.0
27379832,-63,-3140.0
27389840,-63,-3143.0
27399840,-63,-3146.0
27409844,-63,-3148.0
27419844,-63,-3151.0
27429844,-63,-3154.0
27439852,-63,-3157.0
27449852,-63,-3159.0
27459856,-63,-3162.0
27469856,-63,-3165.0
27479856,-63,-3168.0
27489864,-63,-3171.0
27499868,-63,-3173.0
27509868,-63,-3176.0
27519868,-63,-3179.0
27529872,-63,-3182.0
27539872,-63,-3184.0
27549872,-63,-3187.0
27559872,-63,-3190.0
27569872,-63,-3193.0
27579880,-63,-3196.0
27589884,-63,-3198.0
27599884,-63,-3201.0
27609884,-63,-3204.0
27619892,-63,-3207.0
27629892,-63,-3210.0
27639892,-63,-3212.0
27649892,-63,-3215.0
27659900,-63,-3218.0
27669900,-63,-3221.0
27679900,-63,-3223.0
27689908,-63,-3226.0
27699916,-63,-3229.0
27709916,-63,-3232.0
27719916,-63,-3235.0
27729916,-63,-3237.0
27739924,-63,-3240.0
27749924,-63,-3243.0
27759924,-63,-3246.0
27769924,-63,-3249.0
27779924,-63,-3251.0
27789932,-63,-3254.0
27799936,-63,-3257.0
27809936,-63,-3260.0
27819936,-63,-3262.0
27829944,-63,-3265.0
27839948,-63,-3268.0
27849948,-63,-3271.0
27859948,-63,-3274.0
27869956,-63,-3276.0
27879956,-63,-3279.0
27889956,-63,-3282.0
27899956,-63,-3285.0
27909964,-63,-3287.0
27919964,-63,-3290.0
27929964,-63,-3293.0
27939964,-63,-3296.0
27949972,-63,-3299.0
27959972,-63,-3301.0
27969976,-63,-3304.0
27979984,-63,-3307.0
27989984,-63,-3310.0
27999984,-63,-3312.0
28009984,-229,-3316.0
28019984,-229,-3322.0
28029988,-229,-3330.0
28039996,-229,-3339.0
28050000,-229,-3348.0
28060000,-229,-3358.0
28070004,-229,-3368.0
28080008,-229,-3378.0
28090012,-229,-3388.0
28100020,-229,-3398.0
28110024,-229,-3408.0
28120028,-229,-3419.0
28130032,-229,-3429.0
28140036,-229,-3439.0
28150036,-229,-3449.0
28160040,-229,-3460.0
28170044,-229,-3470.0
28180048,-229,-3480.0
28190056,-229,-3491.0
28200060,-229,-3501.0
28210064,-229,-3511.0
28220068,-229,-3522.0
28230076,-229,-3532.0
28240080,-229,-3542.0
28250084,-229,-3552.0
28260088,-229,-3563.0
28270092,-229,-3573.0
28280100,-229,-3583.0
28290104,-229,-3594.0
28300108,-229,-3604.0
28310112,-229,-3614.0
28320120,-229,-3625.0
28330124,-229,-3635.0
28340128,-229,-3645.0
28350132,-229,-3656.0
28360132,-229,-3666.0
28370136,-229,-3676.0
28380140,-229,-3686.0
28390144,-229,-3697.0
28400148,-229,-3707.0
28410148,-229,-3717.0
28420152,-229,-3728.0
28430160,-229,-3738.0
28440164,-229,-3748.0
28450172,-229,-3759.0
28460176,-229,-3769.0
28470184,-229,-3779.0
28480188,-229,-3790.0
28490196,-229,-3800.0
28500200,-229,-3810.0
28510204,-229,-3820.0
28520212,-229,-3831.0
28530216,-229,-3841.0
28540216,-229,-3851.0
28550220,-229,-3862.0
28560224,-229,-3872.0
28570228,-229,-3882.0
28580236,-229,-3893.0
28590240,-229,-3903.0
28600244,-229,-3913.0
28610252,-229,-3923.0
28620268,-229,-3934.0
28630268,-229,-3944.0
28640272,-229,-3954.0
28650276,-229,-3965.0
28660284,-229,-3975.0
28670284,-229,-3985.0
28680292,-229,-3996.0
28690296,-229,-4006.0
28700296,-229,-4016.0
28710300,-86,-4026.0
28720304,-86,-4034.0
28730312,-86,-4040.0
28740320,-86,-4045.0
28750328,-86,-4050.0
28760328,-86,-4054.0
28770328,-86,-4058.0
28780336,-86,-4062.0
28790336,-86,-4066.0
28800336,-86,-4070.0
28810344,-86,-4074.0
28820352,-86,-4078.0
28830360,-86,-4082.0
28840364,-86,-4085.0
28850368,-86,-4089.0
28860376,-86,-4093.0
28870384,-86,-4097.0
28880392,-86,-4101.0
28890392,-86,-4105.0
28900400,-86,-4109.0
28910408,-86,-4112.0
28920416,-86,-4116.0
28930416,-86,-4120.0
28940424,-86,-4124.0
28950432,-86,-4128.0
28960440,-86,-4132.0
28970440,-86,-4135.0
28980448,-86,-4139.0
28990456,-86,-4143.0
29000464,-86,-4147.0
29010472,-86,-4151.0
29020472,-86,-4155.0
29030472,-86,-4158.0
29040480,-86,-4162.0
29050488,-86,-4166.0
29060488,-86,-4170.0
29070488,-86,-4174.0
29080496,-86,-4178.0
29090504,-86,-4181.0
29100504,-86,-4185.0
29110504,-86,-4189.0
29120512,-86,-4193.0
29130520,-86,-4197.0
29140528,-86,-4201.0
29150532,-86,-4205.0
29160540,-86,-4208.0
29170540,-86,-4212.0
29180548,-86,-4216.0
29190552,-86,-4220.0
29200560,-86,-4224.0
29210568,-86,-4228.0
29220576,-86,-4231.0
29230584,-86,-4235.0
29240584,-86,-4239.0
29250584,-86,-4243.0
29260592,-86,-4247.0
29270600,-86,-4251.0
29280604,-86,-4254.0
29290612,-86,-4258.0
29300620,-86,-4262.0
29310620,-86,-4266.0
29320620,-86,-4270.0
29330620,-86,-4274.0
29340620,-86,-4277.0
29350628,-86,-4281.0
29360628,-86,-4285.0
29370628,-86,-4289.0
29380628,-86,-4293.0
29390628,-86,-4297.0
29400752,182,-4300.0
29410752,182,-4302.0
29420756,182,-4299.0
29430760,182,-4295.0
29440760,182,-4288.0
29450768,182,-4281.0
29460772,182,-4274.0
29470772,182,-4266.0
29480780,182,-4258.0
29490780,182,-4250.0
29500784,182,-4241.0
29510792,182,-4233.0
29520792,182,-4225.0
29530800,182,-4217.0
29540800,182,-4208.0
29550808,182,-4200.0
29560808,182,-4192.0
29570816,182,-4184.0
29580824,182,-4175.0
29590824,182,-4167.0
29600824,182,-4159.0
29610832,182,-4150.0
29620840,182,-4142.0
29630840,182,-4134.0
29640840,182,-4126.0
29650848,182,-4117.0
29660848,182,-4109.0
29670848,182,-4101.0
29680848,182,-4092.0
29690856,182,-4084.0
29700864,182,-4076.0
29710872,182,-4068.0
29720872,182,-4059.0
29730872,182,-4051.0
29740872,182,-4043.0
29750880,182,-4034.0
29760880,182,-4026.0
29770888,182,-4018.0
29780896,182,-4010.0
29790904,182,-4001.0
29800904,182,-3993.0
29810904,182,-3985.0
29820904,182,-3976.0
29830912,182,-3968.0
29840912,182,-3960.0
29850912,182,-3952.0
29860912,182,-3943.0
29870920,182,-3935.0
29880928,182,-3927.0
29890932,182,-3919.0
29900932,182,-3910.0
29910940,182,-3902.0
29920948,182,-3894.0
29930952,182,-3886.0
29940960,182,-3877.0
29950960,182,-3869.0
29960968,182,-3861.0
29970976,182,-3852.0
29980980,182,-3844.0
29990988,182,-3836.0
30000988,182,-3828.0
30010988,182,-3819.0
30020992,182,-3811.0
30030992,182,-3803.0
30040992,182,-3795.0
30051000,182,-3786.0
30061004,182,-3778.0
30071004,182,-3770.0
30081016,182,-3761.0
30091024,182,-3753.0
30101172,102,-3745.0
30111176,102,-3737.0
30121176,102,-3731.0
30131180,102,-3725.0
30141180,102,-3719.0
30151184,102,-3714.0
30161192,102,-3710.0
30171192,102,-3705.0
30181196,102,-3700.0
30191196,102,-3695.0
30201196,102,-3691.0
30211196,102,-3686.0
30221200,102,-3682.0
30231200,102,-3677.0
30241208,102,-3672.0
30251208,102,-3668.0
30261208,102,-3663.0
30271212,102,-3659.0
30281212,102,-3654.0
30291220,102,-3649.0
30301220,102,-3645.0
30311224,102,-3640.0
30321224,102,-3636.0
30331232,102,-3631.0
30341232,102,-3626.0
30351232,102,-3622.0
30361236,102,-3617.0
30371244,102,-3613.0
30381244,102,-3608.0
30391248,102,-3603.0
30401252,102,-3599.0
30411252,102,-3594.0
30421260,102,-3590.0
30431260,102,-3585.0
30441264,102,-3580.0
30451264,102,-3576.0
30461272,102,-3571.0
30471276,102,-3567.0
30481276,102,-3562.0
30491276,102,-3557.0
30501284,102,-3553.0
30511284,102,-3548.0
30521300,102,-3543.0
30531300,102,-3539.0
30541304,102,-3534.0
30551308,102,-3530.0
30561312,102,-3525.0
30571312,102,-3520.0
30581316,102,-3516.0
30591320,102,-3511.0
30601324,102,-3507.0
30611328,102,-3502.0
30621332,102,-3497.0
30631340,102,-3493.0
30641340,102,-3488.0
30651344,102,-3484.0
30661344,102,-3479.0
30671348,102,-3474.0
30681348,102,-3470.0
30691348,102,-3465.0
30701352,102,-3461.0
30711356,102,-3456.0
30721364,102,-3451.0
30731364,102,-3447.0
30741364,102,-3442.0
30751364,102,-3438.0
30761368,102,-3433.0
30771372,102,-3428.0
30781372,102,-3424.0
30791372,102,-3419.0
30801388,-77,-3415.0
30811388,-77,-3412.0
30821392,-77,-3412.0
30831392,-77,-3414.0
30841392,-77,-3416.0
30851396,-77,-3419.0
30861404,-77,-3422.0
30871412,-77,-3426.0
30881412,-77,-3429.0
30891416,-77,-3432.0
30901416,-77,-3436.0
30911416,-77,-3439.0
30921416,-77,-3442.0
30931416,-77,-3446.0
30941416,-77,-3449.0
30951416,-77,-3453.0
30961416,-77,-3456.0
30971416,-77,-3460.0
30981420,-77,-3463.0
30991428,-77,-3466.0
31001428,-77,-3470.0
31011428,-77,-3473.0
31021432,-77,-3477.0
31031432,-77,-3480.0
31041432,-77,-3483.0
31051432,-77,-3487.0
31061436,-77,-3490.0
31071436,-77,-3494.0
31081436,-77,-3497.0
31091436,-77,-3501.0
31101436,-77,-3504.0
31111444,-77,-3507.0
31121444,-77,-3511.0
31131444,-77,-3514.0
31141444,-77,-3518.0
31151448,-77,-3521.0
31161456,-77,-3524.0
31171456,-77,-3528.0
31181456,-77,-3531.0
31191456,-77,-3535.0
31201456,-77,-3538.0
31211456,-77,-3541.0
31221456,-77,-3545.0
31231468,-77,-3548.0
31241472,-77,-3552.0
31251472,-77,-3555.0
31261480,-77,-3559.0
31271480,-77,-3562.0
31281484,-77,-3565.0
31291484,-77,-3569.0
31301484,-77,-3572.0
31311484,-77,-3576.0
31321488,-77,-3579.0
31331488,-77,-3582.0
31341488,-77,-3586.0
31351488,-77,-3589.0
31361492,-77,-3593.0
31371492,-77,-3596.0
31381492,-77,-3599.0
31391492,-77,-3603.0
31401492,-77,-3606.0
31411496,-77,-3610.0
31421496,-77,-3613.0
31431496,-77,-3616.0
31441496,-77,-3620.0
31451500,-77,-3623.0
31461500,-77,-3627.0
31471500,-77,-3630.0
31481500,-77,-3634.0
31491504,-77,-3637.0
31501504,-179,-3640.0
31511512,-179,-3645.0
31521512,-179,-3650.0
31531516,-179,-3657.0
31541520,-179,-3664.0
31551524,-179,-3672.0
31561524,-179,-3679.0
31571528,-179,-3687.0
31581528,-179,-3695.0
31591536,-179,-3703.0
31601540,-179,-3711.0
31611548,-179,-3719.0
31621548,-179,-3727.0
31631556,-179,-3735.0
31641560,-179,-3743.0
31651560,-179,-3751.0
31661564,-179,-3759.0
31671568,-179,-3768.0
31681572,-179,-3776.0
31691572,-179,-3784.0
31701576,-179,-3792.0
31711580,-179,-3800.0
31721588,-179,-3808.0
31731596,-179,-3816.0
31741604,-179,-3824.0
31751604,-179,-3832.0
31761612,-179,-3840.0
31771616,-179,-3848.0
31781624,-179,-3856.0
31791628,-179,-3864.0
31801632,-179,-3872.0
31811636,-179,-3880.0
31821640,-179,-3888.0
31831648,-179,-3896.0
31841648,-179,-3904.0
31851656,-179,-3912.0
31861660,-179,-3920.0
31871668,-179,-3929.0
31881668,-179,-3937.0
31891676,-179,-3945.0
31901684,-179,-3953.0
31911688,-179,-3961.0
31921696,-179,-3969.0
31931696,-179,-3977.0
31941696,-179,-3985.0
31951704,-179,-3993.0
31961708,-179,-4001.0
31971708,-179,-4009.0
31981716,-179,-4017.0
31991724,-179,-4025.0
32001728,-179,-4033.0
32011728,-179,-4041.0
32021732,-179,-4049.0
32031736,-179,-4057.0
32041740,-179,-4065.0
32051748,-179,-4073.0
32061756,-179,-4081.0
32071760,-179,-4089.0
32081764,-179,-4098.0
32091768,-179,-4106.0
32101768,-179,-4114.0
32111772,-179,-4122.0
32121772,-179,-4130.0
32131776,-179,-4138.0
32141776,-179,-4146.0
32151780,-179,-4154.0
32161788,-179,-4162.0
32171792,-179,-4170.0
32181796,-179,-4178.0
32191796,-179,-4186.0
32201800,-124,-4194.0
32211808,-124,-4202.0
32221812,-124,-4209.0
32231812,-124,-4215.0
32241820,-124,-4221.0
32251828,-124,-4227.0
32261836,-124,-4233.0
32271836,-124,-4238.0
32281844,-124,-4244.0
32291848,-124,-4250.0
32301856,-124,-4255.0
32311864,-124,-4261.0
32321864,-124,-4266.0
32331864,-124,-4272.0
32341868,-124,-4277.0
32351868,-124,-4283.0
32361880,-124,-4289.0
32371888,-124,-4294.0
32381892,-124,-4300.0
32391892,-124,-4305.0
32401896,-124,-4311.0
32411900,-124,-4316.0
32421908,-124,-4322.0
32431916,-124,-4327.0
32441924,-124,-4333.0
32451924,-124,-4339.0
32461932,-124,-4344.0
32471940,-124,-4350.0
32481948,-124,-4355.0
32491948,-124,-4361.0
32501956,-124,-4366.0
32511964,-124,-4372.0
32521964,-124,-4377.0
32531972,-124,-4383.0
32541972,-124,-4389.0
32551972,-124,-4394.0
32561972,-124,-4400.0
32571980,-124,-4405.0
32581980,-124,-4411.0
32591980,-124,-4416.0
32601980,-124,-4422.0
32611996,-124,-4428.0
32622000,-124,-4433.0
32632008,-124,-4439.0
32642016,-124,-4444.0
32652024,-124,-4450.0
32662032,-124,-4455.0
32672032,-124,-4461.0
32682032,-124,-4466.0
32692036,-124,-4472.0
32702036,-124,-4478.0
32712040,-124,-4483.0
32722044,-124,-4489.0
32732044,-124,-4494.0
32742052,-124,-4500.0
32752056,-124,-4505.0
32762064,-124,-4511.0
32772072,-124,-4516.0
32782076,-124,-4522.0
32792080,-124,-4528.0
32802080,-124,-4533.0
32812084,-124,-4539.0
32822092,-124,-4544.0
32832096,-124,-4550.0
32842096,-124,-4555.0
32852100,-124,-4561.0
32862108,-124,-4566.0
32872112,-124,-4572.0
32882112,-124,-4578.0
32892116,-124,-4583.0
32902116,-130,-4589.0
32912120,-130,-4594.0
32922128,-130,-4600.0
32932128,-130,-4606.0
32942132,-130,-4612.0
32952140,-130,-4617.0
32962144,-130,-4623.0
32972148,-130,-4629.0
32982152,-130,-4635.0
32992160,-130,-4641.0
33002164,-130,-4646.0
33012164,-130,-4652.0
33022172,-130,-4658.0
33032180,-130,-4664.0
33042184,-130,-4670.0
33052192,-130,-4676.0
33062192,-130,-4681.0
33072192,-130,-4687.0
33082196,-130,-4693.0
33092204,-130,-4699.0
33102204,-130,-4705.0
33112212,-130,-4711.0
33122220,-130,-4716.0
33132228,-130,-4722.0
33142228,-130,-4728.0
33152236,-130,-4734.0
33162244,-130,-4740.0
33172248,-130,-4746.0
33182248,-130,-4751.0
33192248,-130,-4757.0
33202256,-130,-4763.0
33212264,-130,-4769.0
33222272,-130,-4775.0
33232272,-130,-4781.0
33242272,-130,-4786.0
33252276,-130,-4792.0
33262276,-130,-4798.0
33272276,-130,-4804.0
33282284,-130,-4810.0
33292288,-130,-4816.0
33302296,-130,-4821.0
33312300,-130,-4827.0
33322300,-130,-4833.0
33332308,-130,-4839.0
33342312,-130,-4845.0
33352328,-130,-4851.0
33362332,-130,-4856.0
33372336,-130,-4862.0
33382344,-130,-4868.0
33392352,-130,-4874.0
33402360,-130,-4880.0
33412360,-130,-4886.0
33422368,-130,-4891.0
33432372,-130,-4897.0
33442380,-130,-4903.0
33452380,-130,-4909.0
33462388,-130,-4915.0
33472396,-130,-4921.0
33482404,-130,-4926.0
33492404,-130,-4932.0
33502408,-130,-4938.0
33512416,-130,-4944.0
33522424,-130,-4950.0
33532432,-130,-4956.0
33542432,-130,-4961.0
33552440,-130,-4967.0
33562448,-130,-4973.0
33572452,-130,-4979.0
33582456,-130,-4985.0
33592464,-130,-4991.0
33602468,215,-4996.0
33612472,215,-4999.0
33622480,215,-4996.0
33632480,215,-4991.0
33642488,215,-4984.0
33652496,215,-4975.0
33662504,215,-4967.0
33672504,215,-4957.0
33682512,215,-4948.0
33692520,215,-4938.0
33702524,215,-4929.0
33712524,215,-4919.0
33722524,215,-4910.0
33732532,215,-4900.0
33742540,215,-4890.0
33752540,215,-4880.0
33762548,215,-4870.0
33772556,215,-4861.0
33782564,215,-4851.0
33792572,215,-4841.0
33802580,215,-4831.0
33812584,215,-4821.0
33822584,215,-4812.0
33832588,215,-4802.0
33842592,215,-4792.0
33852600,215,-4782.0
33862608,215,-4772.0
33872616,215,-4763.0
33882624,215,-4753.0
33892624,215,-4743.0
33902624,215,-4733.0
33912632,215,-4724.0
33922632,215,-4714.0
33932632,215,-4704.0
33942640,215,-4694.0
33952648,215,-4684.0
33962656,215,-4675.0
33972656,215,-4665.0
33982664,215,-4655.0
33992672,215,-4645.0
34002680,215,-4635.0
34012688,215,-4626.0
34022688,215,-4616.0
34032696,215,-4606.0
34042704,215,-4596.0
34052712,215,-4586.0
34062716,215,-4577.0
34072724,215,-4567.0
34082732,215,-4557.0
34092740,215,-4547.0
34102740,215,-4537.0
34112748,215,-4528.0
34122752,215,-4518.0
34132760,215,-4508.0
34142768,215,-4498.0
34152768,215,-4488.0
34162776,215,-4479.0
34172784,215,-4469.0
34182792,215,-4459.0
34192792,215,-4449.0
34202792,215,-4440.0
34212800,215,-4430.0
34222808,215,-4420.0
34232812,215,-4410.0
34242816,215,-4400.0
34252820,215,-4391.0
34262828,215,-4381.0
34272836,215,-4371.0
34282836,215,-4361.0
34292836,215,-4351.0
34302844,-244,-4342.0
34312848,-244,-4336.0
34322852,-244,-4337.0
34332852,-244,-4342.0
34342856,-244,-4350.0
34352864,-244,-4358.0
34362868,-244,-4368.0
34372868,-244,-4378.0
34382872,-244,-4388.0
34392880,-244,-4399.0
34402884,-244,-4410.0
34412884,-244,-4420.0
34422884,-244,-4431.0
34432888,-244,-4442.0
34442888,-244,-4453.0
34452888,-244,-4464.0
34462888,-244,-4475.0
34472892,-244,-4486.0
34482896,-244,-4497.0
34492908,-244,-4508.0
34502908,-244,-4519.0
34512912,-244,-4530.0
34522916,-244,-4541.0
34532920,-244,-4552.0
34542928,-244,-4563.0
34552944,-244,-4574.0
34562948,-244,-4584.0
34572952,-244,-4595.0
34582960,-244,-4606.0
34592964,-244,-4617.0
34602968,-244,-4628.0
34612972,-244,-4639.0
34622972,-244,-4650.0
34632972,-244,-4661.0
34642976,-244,-4672.0
34652980,-244,-4683.0
34662984,-244,-4694.0
34672992,-244,-4705.0
34682996,-244,-4716.0
34693000,-244,-4727.0
34703004,-244,-4738.0
34713004,-244,-4749.0
34723008,-244,-4760.0
34733016,-244,-4771.0
34743020,-244,-4782.0
34753024,-244,-4793.0
34763024,-244,-4804.0
34773028,-244,-4815.0
34783032,-244,-4826.0
34793036,-244,-4837.0
34803036,-244,-4848.0
34813040,-244,-4859.0
34823044,-244,-4870.0
34833048,-244,-4880.0
34843056,-244,-4891.0
34853060,-244,-4902.0
34863064,-244,-4913.0
34873068,-244,-4924.0
34883072,-244,-4935.0
34893080,-244,-4946.0
34903084,-244,-4957.0
34913088,-244,-4968.0
34923092,-244,-4979.0
34933100,-244,-4990.0
34943104,-244,-5001.0
34953108,-244,-5012.0
34963112,-244,-5023.0
34973112,-244,-5034.0
34983116,-244,-5045.0
34993124,-244,-5056.0
35003128,-237,-5067.0
35013136,-237,-5078.0
35023136,-237,-5089.0
35033140,-237,-5099.0
35043148,-237,-5110.0
35053152,-237,-5121.0
35063152,-237,-5131.0
35073156,-237,-5142.0
35083160,-237,-5153.0
35093164,-237,-5163.0
35103164,-237,-5174.0
35113168,-237,-5185.0
35123176,-237,-5195.0
35133180,-237,-5206.0
35143184,-237,-5217.0
35153188,-237,-5227.0
35163192,-237,-5238.0
35173196,-237,-5249.0
35183204,-237,-5259.0
35193204,-237,-5270.0
35203212,-237,-5281.0
35213212,-237,-5291.0
35223216,-237,-5302.0
35233216,-237,-5313.0
35243220,-237,-5323.0
35253224,-237,-5334.0
35263228,-237,-5345.0
35273236,-237,-5355.0
35283236,-237,-5366.0
35293240,-237,-5376.0
35303244,-237,-5387.0
35313248,-237,-5398.0
35323248,-237,-5408.0
35333252,-237,-5419.0
35343256,-237,-5430.0
35353264,-237,-5440.0
35363272,-237,-5451.0
35373276,-237,-5462.0
35383284,-237,-5472.0
35393288,-237,-5483.0
35403288,-237,-5494.0
35413288,-237,-5504.0
35423292,-237,-5515.0
35433296,-237,-5526.0
35443304,-237,-5536.0
35453312,-237,-5547.0
35463316,-237,-5558.0
35473324,-237,-5568.0
35483328,-237,-5579.0
35493336,-237,-5590.0
35503340,-237,-5600.0
35513348,-237,-5611.0
35523352,-237,-5621.0
35533360,-237,-5632.0
35543368,-237,-5643.0
35553372,-237,-5653.0
35563376,-237,-5664.0
35573380,-237,-5675.0
35583380,-237,-5685.0
35593388,-237,-5696.0
35603392,-237,-5707.0
35613400,-237,-5717.0
35623404,-237,-5728.0
35633404,-237,-5739.0
35643412,-237,-5749.0
35653416,-237,-5760.0
35663420,-237,-5771.0
35673420,-237,-5781.0
35683428,-237,-5792.0
35693432,-237,-5803.0
35703440,-248,-5813.0
35713448,-248,-5824.0
35723452,-248,-5835.0
35733456,-248,-5846.0
35743464,-248,-5857.0
35753468,-248,-5868.0
35763468,-248,-5879.0
35773472,-248,-5890.0
35783476,-248,-5901.0
35793484,-248,-5912.0
35803484,-248,-5924.0
35813488,-248,-5935.0
35823492,-248,-5946.0
35833500,-248,-5957.0
35843500,-248,-5968.0
35853504,-248,-5979.0
35863508,-248,-5990.0
35873512,-248,-6002.0
35883516,-248,-6013.0
35893516,-248,-6024.0
35903520,-248,-6035.0
35913524,-248,-6046.0
35923532,-248,-6057.0
35933540,-248,-6068.0
35943544,-248,-6080.0
35953548,-248,-6091.0
35963552,-248,-6102.0
35973552,-248,-6113.0
35983556,-248,-6124.0
35993560,-248,-6135.0
36003560,-248,-6147.0
36013564,-248,-6158.0
36023572,-248,-6169.0
36033576,-248,-6180.0
36043584,-248,-6191.0
36053588,-248,-6202.0
36063588,-248,-6213.0
36073592,-248,-6225.0
36083596,-248,-6236.0
36093600,-248,-6247.0
36103600,-248,-6258.0
36113604,-248,-6269.0
36123604,-248,-6280.0
36133612,-248,-6291.0
36143612,-248,-6303.0
36153612,-248,-6314.0
36163616,-248,-6325.0
36173620,-248,-6336.0
36183624,-248,-6347.0
36193624,-248,-6358.0
36203628,-248,-6370.0
36213632,-248,-6381.0
36223636,-248,-6392.0
36233636,-248,-6403.0
36243640,-248,-6414.0
36253644,-248,-6425.0
36263648,-248,-6436.0
36273648,-248,-6448.0
36283648,-248,-6459.0
36293652,-248,-6470.0
36303656,-248,-6481.0
36313660,-248,-6492.0
36323668,-248,-6503.0
36333672,-248,-6514.0
36343676,-248,-6526.0
36353680,-248,-6537.0
36363688,-248,-6548.0
36373692,-248,-6559.0
36383696,-248,-6570.0
36393700,-248,-6581.0
36403704,67,-6592.0
36413708,67,-6600.0
36423712,67,-6603.0
36433716,67,-6604.0
36443720,67,-6603.0
36453720,67,-6601.0
36463724,67,-6599.0
36473728,67,-6596.0
36483732,67,-6593.0
36493740,67,-6590.0
36503744,67,-6588.0
36513748,67,-6585.0
36523748,67,-6582.0
36533752,67,-6579.0
36543752,67,-6576.0
36553756,67,-6573.0
36563760,67,-6570.0
36573760,67,-6567.0
36583760,67,-6564.0
36593760,67,-6561.0
36603764,67,-6558.0
36613768,67,-6555.0
36623768,67,-6552.0
36633772,67,-6549.0
36643772,67,-6546.0
36653776,67,-6543.0
36663780,67,-6540.0
36673780,67,-6537.0
36683784,67,-6534.0
36693788,67,-6531.0
36703792,67,-6528.0
36713800,67,-6525.0
36723800,67,-6522.0
36733804,67,-6519.0
36743808,67,-6516.0
36753816,67,-6513.0
36763820,67,-6510.0
36773824,67,-6507.0
36783824,67,-6504.0
36793828,67,-6501.0
36803828,67,-6498.0
36813828,67,-6495.0
36823832,67,-6492.0
36833836,67,-6489.0
36843844,67,-6486.0
36853844,67,-6483.0
36863848,67,-6480.0
36873852,67,-6477.0
36883856,67,-6474.0
36893860,67,-6471.0
36903860,67,-6468.0
36913860,67,-6465.0
36923860,67,-6462.0
36933860,67,-6459.0
36943864,67,-6456.0
36953864,67,-6453.0
36963868,67,-6450.0
36973876,67,-6447.0
36983876,67,-6444.0
36993880,67,-6441.0
37003880,67,-6438.0
37013888,67,-6435.0
37023892,67,-6432.0
37033896,67,-6429.0
37043896,67,-6426.0
37053904,67,-6423.0
37063908,67,-6420.0
37073908,67,-6417.0
37083912,67,-6414.0
37093916,67,-6411.0
37103924,120,-6408.0
37113928,120,-6405.0
37123928,120,-6401.0
37133928,120,-6396.0
37143932,120,-6391.0
37153936,120,-6386.0
37163936,120,-6380.0
37173940,120,-6375.0
37183948,120,-6370.0
37193948,120,-6364.0
37203952,120,-6359.0
37213952,120,-6354.0
37223952,120,-6348.0
37233960,120,-6343.0
37243960,120,-6337.0
37253964,120,-6332.0
37263964,120,-6326.0
37273964,120,-6321.0
37283964,120,-6316.0
37293964,120,-6310.0
37303968,120,-6305.0
37313972,120,-6299.0
37323976,120,-6294.0
37333980,120,-6288.0
37343980,120,-6283.0
37353984,120,-6278.0
37363992,120,-6272.0
37373992,120,-6267.0
37383996,120,-6261.0
37394000,120,-6256.0
37404004,120,-6250.0
37414004,120,-6245.0
37424008,120,-6240.0
37434008,120,-6234.0
37444012,120,-6229.0
37454016,120,-6223.0
37464016,120,-6218.0
37474016,120,-6212.0
37484020,120,-6207.0
37494024,120,-6202.0
37504028,120,-6196.0
37514028,120,-6191.0
37524028,120,-6185.0
37534036,120,-6180.0
37544036,120,-6174.0
37554040,120,-6169.0
37564040,120,-6164.0
37574044,120,-6158.0
37584048,120,-6153.0
37594048,120,-6147.0
37604052,120,-6142.0
37614064,120,-6136.0
37624072,120,-6131.0
37634072,120,-6126.0
37644072,120,-6120.0
37654076,120,-6115.0
37664084,120,-6109.0
37674084,120,-6104.0
37684084,120,-6098.0
37694084,120,-6093.0
37704088,120,-6088.0
37714088,120,-6082.0
37724088,120,-6077.0
37734092,120,-6071.0
37744104,120,-6066.0
37754112,120,-6060.0
37764112,120,-6055.0
37774116,120,-6050.0
37784116,120,-6044.0
37794124,120,-6039.0
37804124,-119,-6033.0
37814124,-119,-6031.0
37824124,-119,-6032.0
37834128,-119,-6035.0
37844128,-119,-6039.0
37854128,-119,-6043.0
37864136,-119,-6048.0
37874136,-119,-6053.0
37884136,-119,-6058.0
37894136,-119,-6064.0
37904136,-119,-6069.0
37914144,-119,-6074.0
37924144,-119,-6079.0
37934144,-119,-6085.0
37944152,-119,-6090.0
37954152,-119,-6095.0
37964152,-119,-6101.0
37974152,-119,-6106.0
37984152,-119,-6111.0
37994160,-119,-6117.0
38004164,-119,-6122.0
38014172,-119,-6127.0
38024172,-119,-6133.0
38034180,-119,-6138.0
38044188,-119,-6143.0
38054188,-119,-6149.0
38064188,-119,-6154.0
38074196,-119,-6159.0
38084196,-119,-6165.0
38094200,-119,-6170.0
38104204,-119,-6175.0
38114204,-119,-6180.0
38124212,-119,-6186.0
38134216,-119,-6191.0
38144224,-119,-6197.0
38154232,-119,-6202.0
38164232,-119,-6207.0
38174240,-119,-6212.0
38184244,-119,-6218.0
38194244,-119,-6223.0
38204252,-119,-6228.0
38214252,-119,-6234.0
38224256,-119,-6239.0
38234264,-119,-6244.0
38244264,-119,-6250.0
38254272,-119,-6255.0
38264276,-119,-6260.0
38274276,-119,-6266.0
38284276,-119,-6271.0
38294276,-119,-6276.0
38304276,-119,-6282.0
38314276,-119,-6287.0
38324276,-119,-6292.0
38334276,-119,-6298.0
38344276,-119,-6303.0
38354280,-119,-6308.0
38364280,-119,-6314.0
38374280,-119,-6319.0
38384280,-119,-6324.0
38394284,-119,-6330.0
38404284,-119,-6335.0
38414284,-119,-6340.0
38424292,-119,-6346.0
38434300,-119,-6351.0
38444300,-119,-6356.0
38454300,-119,-6361.0
38464300,-119,-6367.0
38474308,-119,-6372.0
38484308,-119,-6377.0
38494308,-119,-6383.0
38504308,97,-6388.0
38514312,97,-6391.0
38524312,97,-6391.0
38534316,97,-6388.0
38544320,97,-6385.0
38554324,97,-6382.0
38564328,97,-6378.0
38574332,97,-6373.0
38584336,97,-6369.0
38594340,97,-6365.0
38604344,97,-6361.0
38614352,97,-6356.0
38624356,97,-6352.0
38634356,97,-6347.0
38644360,97,-6343.0
38654360,97,-6339.0
38664364,97,-6334.0
38674368,97,-6330.0
38684368,97,-6326.0
38694384,97,-6321.0
38704392,97,-6317.0
38714396,97,-6312.0
38724400,97,-6308.0
38734400,97,-6304.0
38744408,97,-6299.0
38754412,97,-6295.0
38764412,97,-6291.0
38774416,97,-6286.0
38784424,97,-6282.0
38794424,97,-6278.0
38804428,97,-6273.0
38814432,97,-6269.0
38824436,97,-6264.0
38834440,97,-6260.0
38844444,97,-6256.0
38854448,97,-6251.0
38864452,97,-6247.0
38874456,97,-6243.0
38884460,97,-6238.0
38894464,97,-6234.0
38904468,97,-6229.0
38914476,97,-6225.0
38924480,97,-6221.0
38934480,97,-6216.0
38944484,97,-6212.0
38954484,97,-6208.0
38964492,97,-6203.0
38974492,97,-6199.0
38984496,97,-6195.0
38994500,97,-6190.0
39004508,97,-6186.0
39014508,97,-6181.0
39024512,97,-6177.0
39034516,97,-6173.0
39044524,97,-6168.0
39054528,97,-6164.0
39064528,97,-6160.0
39074532,97,-6155.0
39084536,97,-6151.0
39094544,97,-6146.0
39104548,97,-6142.0
39114552,97,-6138.0
39124556,97,-6133.0
39134564,97,-6129.0
39144568,97,-6125.0
39154568,97,-6120.0
39164572,97,-6116.0
39174572,97,-6111.0
39184572,97,-6107.0
39194576,97,-6103.0
39204580,-172,-6099.0
39214580,-172,-6098.0
39224584,-172,-6101.0
39234584,-172,-6106.0
39244592,-172,-6112.0
39254600,-172,-6119.0
39264600,-172,-6126.0
39274600,-172,-6133.0
39284608,-172,-6141.0
39294616,-172,-6148.0
39304616,-172,-6156.0
39314616,-172,-6164.0
39324624,-172,-6171.0
39334632,-172,-6179.0
39344636,-172,-6187.0
39354636,-172,-6194.0
39364644,-172,-6202.0
39374648,-172,-6210.0
39384656,-172,-6218.0
39394656,-172,-6225.0
39404664,-172,-6233.0
39414668,-172,-6241.0
39424668,-172,-6248.0
39434676,-172,-6256.0
39444680,-172,-6264.0
39454688,-172,-6272.0
39464696,-172,-6279.0
39474700,-172,-6287.0
39484704,-172,-6295.0
39494712,-172,-6302.0
39504716,-172,-6310.0
39514716,-172,-6318.0
39524716,-172,-6326.0
39534716,-172,-6333.0
39544724,-172,-6341.0
39554728,-172,-6349.0
39564728,-172,-6357.0
39574728,-172,-6364.0
39584736,-172,-6372.0
39594744,-172,-6380.0
39604760,-172,-6388.0
39614764,-172,-6395.0
39624772,-172,-6403.0
39634776,-172,-6411.0
39644784,-172,-6418.0
39654784,-172,-6426.0
39664792,-172,-6434.0
39674796,-172,-6442.0
39684796,-172,-6449.0
39694804,-172,-6457.0
39704808,-172,-6465.0
39714816,-172,-6472.0
39724820,-172,-6480.0
39734828,-172,-6488.0
39744836,-172,-6496.0
39754840,-172,-6503.0
39764848,-172,-6511.0
39774852,-172,-6519.0
39784852,-172,-6527.0
39794860,-172,-6534.0
39804868,-172,-6542.0
39814872,-172,-6550.0
39824880,-172,-6557.0
39834880,-172,-6565.0
39844884,-172,-6573.0
39854888,-172,-6581.0
39864896,-172,-6588.0
39874896,-172,-6596.0
39884904,-172,-6604.0
39894908,-172,-6611.0
39904916,187,-6619.0
39914916,187,-6622.0
39924920,187,-6620.0
39934924,187,-6615.0
39944924,187,-6609.0
39954924,187,-6601.0
39964928,187,-6594.0
39974928,187,-6586.0
39984928,187,-6578.0
39994936,187,-6569.0
40004940,187,-6561.0
40014956,187,-6552.0
40024956,187,-6544.0
40034964,187,-6536.0
40044964,187,-6527.0
40054964,187,-6519.0
40064972,187,-6510.0
40074980,187,-6502.0
40084988,187,-6493.0
40094988,187,-6485.0
40104988,187,-6476.0
40114996,187,-6468.0
40125004,187,-6459.0
40135008,187,-6451.0
40145016,187,-6442.0
40155024,187,-6433.0
40165032,187,-6425.0
40175032,187,-6416.0
40185032,187,-6408.0
40195040,187,-6399.0
40205040,187,-6391.0
40215048,187,-6382.0
40225052,187,-6374.0
40235060,187,-6365.0
40245060,187,-6357.0
40255060,187,-6348.0
40265064,187,-6340.0
40275072,187,-6331.0
40285072,187,-6323.0
40295072,187,-6314.0
40305076,187,-6306.0
40315076,187,-6297.0
40325076,187,-6289.0
40335084,187,-6280.0
40345084,187,-6272.0
40355088,187,-6263.0
40365088,187,-6255.0
40375096,187,-6246.0
40385096,187,-6238.0
40395100,187,-6229.0
40405100,187,-6221.0
40415100,187,-6212.0
40425100,187,-6204.0
40435104,187,-6195.0
40445104,187,-6187.0
40455104,187,-6178.0
40465104,187,-6170.0
40475112,187,-6161.0
40485116,187,-6153.0
40495116,187,-6144.0
40505116,187,-6136.0
40515116,187,-6127.0
40525120,187,-6119.0
40535120,187,-6110.0
40545120,187,-6102.0
40555120,187,-6093.0
40565124,187,-6085.0
40575132,187,-6076.0
40585132,187,-6067.0
40595132,187,-6059.0
40605136,94,-6050.0
40615136,94,-6043.0
40625140,94,-6037.0
40635144,94,-6031.0
40645144,94,-6026.0
40655152,94,-6022.0
40665156,94,-6017.0
40675156,94,-6013.0
40685160,94,-6009.0
40695168,94,-6004.0
40705172,94,-6000.0
40715172,94,-5996.0
40725176,94,-5992.0
40735184,94,-5987.0
40745188,94,-5983.0
40755192,94,-5979.0
40765196,94,-5975.0
40775200,94,-5971.0
40785208,94,-5966.0
40795212,94,-5962.0
40805216,94,-5958.0
40815220,94,-5954.0
40825228,94,-5949.0
40835232,94,-5945.0
40845232,94,-5941.0
40855236,94,-5937.0
40865244,94,-5932.0
40875248,94,-5928.0
40885252,94,-5924.0
40895252,94,-5920.0
40905256,94,-5916.0
40915256,94,-5911.0
40925260,94,-5907.0
40935264,94,-5903.0
40945268,94,-5899.0
40955268,94,-5894.0
40965272,94,-5890.0
40975272,94,-5886.0
40985272,94,-5882.0
40995276,94,-5877.0
41005276,94,-5873.0
41015280,94,-5869.0
41025280,94,-5865.0
41035280,94,-5860.0
41045284,94,-5856.0
41055284,94,-5852.0
41065288,94,-5848.0
41075288,94,-5844.0
41085292,94,-5839.0
41095292,94,-5835.0
41105292,94,-5831.0
41115296,94,-5827.0
41125300,94,-5822.0
41135300,94,-5818.0
41145304,94,-5814.0
41155304,94,-5810.0
41165308,94,-5805.0
41175312,94,-5801.0
41185312,94,-5797.0
41195316,94,-5793.0
41205320,94,-5789.0
41215324,94,-5784.0
41225328,94,-5780.0
41235328,94,-5776.0
41245332,94,-5772.0
41255336,94,-5767.0
41265340,94,-5763.0
41275340,94,-5759.0
41285344,94,-5755.0
41295348,94,-5750.0
41305352,-97,-5746.0
41315356,-97,-5745.0
41325356,-97,-5746.0
41335356,-97,-5749.0
41345360,-97,-5752.0
41355368,-97,-5756.0
41365376,-97,-5760.0
41375376,-97,-5764.0
41385376,-97,-5768.0
41395384,-97,-5772.0
41405392,-97,-5777.0
41415392,-97,-5781.0
41425400,-97,-5785.0
41435400,-97,-5790.0
41445400,-97,-5794.0
41455400,-97,-5798.0
41465408,-97,-5803.0
41475412,-97,-5807.0
41485420,-97,-5811.0
41495424,-97,-5816.0
41505424,-97,-5820.0
41515428,-97,-5824.0
41525436,-97,-5829.0
41535436,-97,-5833.0
41545436,-97,-5837.0
41555444,-97,-5842.0
41565448,-97,-5846.0
41575456,-97,-5850.0
41585464,-97,-5855.0
41595464,-97,-5859.0
41605468,-97,-5863.0
41615472,-97,-5868.0
41625472,-97,-5872.0
41635480,-97,-5876.0
41645480,-97,-5881.0
41655480,-97,-5885.0
41665488,-97,-5889.0
41675488,-97,-5893.0
41685496,-97,-5898.0
41695496,-97,-5902.0
41705496,-97,-5906.0
41715496,-97,-5911.0
41725496,-97,-5915.0
41735496,-97,-5919.0
41745496,-97,-5924.0
41755496,-97,-5928.0
41765496,-97,-5932.0
41775496,-97,-5937.0
41785496,-97,-5941.0
41795496,-97,-5945.0
41805504,-97,-5950.0
41815508,-97,-5954.0
41825516,-97,-5958.0
41835516,-97,-5963.0
41845524,-97,-5967.0
41855524,-97,-5971.0
41865528,-97,-5976.0
41875536,-97,-5980.0
41885536,-97,-5984.0
41895536,-97,-5989.0
41905540,-97,-5993.0
41915548,-97,-5997.0
41925548,-97,-6002.0
41935548,-97,-6006.0
41945548,-97,-6010.0
41955548,-97,-6015.0
41965556,-97,-6019.0
41975564,-97,-6023.0
41985564,-97,-6027.0
41995564,-97,-6032.0
42005568,147,-6036.0
42015572,147,-6037.0
42025576,147,-6035.0
42035580,147,-6030.0
42045580,147,-6025.0
42055580,147,-6019.0
42065580,147,-6013.0
42075584,147,-6006.0
42085584,147,-6000.0
42095584,147,-5993.0
42105584,147,-5987.0
42115584,147,-5980.0
42125588,147,-5973.0
42135588,147,-5967.0
42145588,147,-5960.0
42155588,147,-5953.0
42165592,147,-5947.0
42175592,147,-5940.0
42185596,147,-5933.0
42195596,147,-5927.0
42205600,147,-5920.0
42215600,147,-5913.0
42225600,147,-5907.0
42235600,147,-5900.0
42245608,147,-5893.0
42255612,147,-5887.0
42265612,147,-5880.0
42275620,147,-5873.0
42285620,147,-5867.0
42295620,147,-5860.0
42305620,147,-5853.0
42315620,147,-5847.0
42325620,147,-5840.0
42335620,147,-5833.0
42345620,147,-5827.0
42355620,147,-5820.0
42365620,147,-5813.0
42375624,147,-5807.0
42385624,147,-5800.0
42395632,147,-5793.0
42405632,147,-5786.0
42415632,147,-5780.0
42425632,147,-5773.0
42435632,147,-5766.0
42445632,147,-5760.0
42455640,147,-5753.0
42465644,147,-5746.0
42475644,147,-5740.0
42485644,147,-5733.0
42495644,147,-5726.0
42505648,147,-5720.0
42515648,147,-5713.0
42525648,147,-5706.0
42535648,147,-5700.0
42545648,147,-5693.0
42555652,147,-5686.0
42565652,147,-5680.0
42575652,147,-5673.0
42585652,147,-5666.0
42595656,147,-5660.0
42605656,147,-5653.0
42615656,147,-5646.0
42625656,147,-5640.0
42635656,147,-5633.0
42645656,147,-5626.0
42655664,147,-5619.0
42665664,147,-5613.0
42675664,147,-5606.0
42685664,147,-5599.0
42695664,147,-5593.0
42705668,230,-5586.0
42715676,230,-5578.0
42725680,230,-5569.0
42735688,230,-5560.0
42745696,230,-5550.0
42755704,230,-5540.0
42765704,230,-5530.0
42775712,230,-5520.0
42785720,230,-5509.0
42795728,230,-5499.0
42805732,230,-5488.0
42815736,230,-5478.0
42825740,230,-5467.0
42835740,230,-5457.0
42845744,230,-5446.0
42855744,230,-5436.0
42865744,230,-5426.0
42875752,230,-5415.0
42885760,230,-5405.0
42895760,230,-5394.0
42905768,230,-5384.0
42915772,230,-5373.0
42925780,230,-5363.0
42935788,230,-5352.0
42945788,230,-5342.0
42955796,230,-5331.0
42965796,230,-5321.0
42975800,230,-5310.0
42985804,230,-5300.0
42995812,230,-5289.0
43005820,230,-5279.0
43015828,230,-5268.0
43025828,230,-5258.0
43035836,230,-5247.0
43045844,230,-5237.0
43055848,230,-5226.0
43065856,230,-5216.0
43075856,230,-5205.0
43085864,230,-5195.0
43095868,230,-5184.0
43105868,230,-5174.0
43115868,230,-5163.0
43125876,230,-5153.0
43135884,230,-5142.0
43145892,230,-5132.0
43155892,230,-5121.0
43165900,230,-5111.0
43175900,230,-5100.0
43185908,230,-5090.0
43195916,230,-5079.0
43205920,230,-5069.0
43215928,230,-5058.0
43225936,230,-5048.0
43235944,230,-5037.0
43245944,230,-5027.0
43255944,230,-5016.0
43265952,230,-5006.0
43275956,230,-4995.0
43285956,230,-4985.0
43295956,230,-4974.0
43305964,230,-4964.0
43315968,230,-4953.0
43325968,230,-4943.0
43335968,230,-4932.0
43345976,230,-4922.0
43355980,230,-4911.0
43365980,230,-4901.0
43375980,230,-4890.0
43385980,230,-4880.0
43395988,230,-4869.0
43405996,-222,-4859.0
43415996,-222,-4855.0
43425996,-222,-4857.0
43435996,-222,-4862.0
43446000,-222,-4869.0
43456004,-222,-4878.0
43466004,-222,-4886.0
43476008,-222,-4896.0
43486012,-222,-4905.0
43496020,-222,-4915.0
43506028,-222,-4925.0
43516036,-222,-4934.0
43526040,-222,-4944.0
43536044,-222,-4954.0
43546044,-222,-4964.0
43556044,-222,-4974.0
43566048,-222,-4984.0
43576056,-222,-4994.0
43586060,-222,-5004.0
43596068,-222,-5014.0
43606072,-222,-5024.0
43616076,-222,-5034.0
43626084,-222,-5044.0
43636092,-222,-5054.0
43646096,-222,-5064.0
43656100,-222,-5074.0
43666104,-222,-5084.0
43676104,-222,-5094.0
43686108,-222,-5104.0
43696112,-222,-5114.0
43706120,-222,-5124.0
43716124,-222,-5134.0
43726132,-222,-5144.0
43736136,-222,-5154.0
43746140,-222,-5164.0
43756144,-222,-5174.0
43766144,-222,-5184.0
43776148,-222,-5194.0
43786152,-222,-5204.0
43796156,-222,-5214.0
43806156,-222,-5224.0
43816164,-222,-5234.0
43826168,-222,-5244.0
43836172,-222,-5254.0
43846180,-222,-5264.0
43856188,-222,-5274.0
43866204,-222,-5284.0
43876220,-222,-5294.0
43886224,-222,-5303.0
43896224,-222,-5313.0
43906228,-222,-5323.0
43916236,-222,-5333.0
43926240,-222,-5343.0
43936244,-222,-5353.0
43946244,-222,-5363.0
43956248,-222,-5373.0
43966252,-222,-5383.0
43976260,-222,-5393.0
43986260,-222,-5403.0
43996264,-222,-5413.0
44006268,-222,-5423.0
44016276,-222,-5433.0
44026276,-222,-5443.0
44036280,-222,-5453.0
44046284,-222,-5463.0
44056288,-222,-5473.0
44066292,-222,-5483.0
44076292,-222,-5493.0
44086296,-222,-5503.0
44096300,-222,-5513.0
44106304,-119,-5523.0
44116304,-119,-5532.0
44126312,-119,-5539.0
44136320,-119,-5546.0
44146328,-119,-5552.0
44156328,-119,-5558.0
44166328,-119,-5563.0
44176336,-119,-5569.0
44186340,-119,-5574.0
44196340,-119,-5580.0
44206340,-119,-5585.0
44216340,-119,-5591.0
44226348,-119,-5596.0
44236348,-119,-5601.0
44246348,-119,-5606.0
44256348,-119,-5612.0
44266352,-119,-5617.0
44276352,-119,-5623.0
44286352,-119,-5628.0
44296352,-119,-5633.0
44306356,-119,-5639.0
44316356,-119,-5644.0
44326360,-119,-5649.0
44336368,-119,-5655.0
44346376,-119,-5660.0
44356384,-119,-5665.0
44366392,-119,-5670.0
44376392,-119,-5676.0
44386392,-119,-5681.0
44396400,-119,-5686.0
44406408,-119,-5692.0
44416408,-119,-5697.0
44426416,-119,-5702.0
44436424,-119,-5708.0
44446424,-119,-5713.0
44456432,-119,-5718.0
44466432,-119,-5724.0
44476432,-119,-5729.0
44486440,-119,-5734.0
44496448,-119,-5740.0
44506448,-119,-5745.0
44516448,-119,-5750.0
44526456,-119,-5756.0
44536456,-119,-5761.0
44546456,-119,-5766.0
44556456,-119,-5772.0
44566464,-119,-5777.0
44576472,-119,-5782.0
44586476,-119,-5788.0
44596480,-119,-5793.0
44606488,-119,-5798.0
44616492,-119,-5804.0
44626492,-119,-5809.0
44636492,-119,-5814.0
44646492,-119,-5820.0
44656496,-119,-5825.0
44666496,-119,-5830.0
44676496,-119,-5836.0
44686496,-119,-5841.0
44696500,-119,-5846.0
44706500,-119,-5852.0
44716504,-119,-5857.0
44726512,-119,-5862.0
44736520,-119,-5868.0
44746528,-119,-5873.0
44756528,-119,-5878.0
44766528,-119,-5884.0
44776528,-119,-5889.0
44786536,-119,-5894.0
44796536,-119,-5900.0
44806540,-110,-5905.0
44816548,-110,-5910.0
44826556,-110,-5915.0
44836564,-110,-5920.0
44846568,-110,-5925.0
44856572,-110,-5930.0
44866580,-110,-5935.0
44876584,-110,-5940.0
44886584,-110,-5945.0
44896584,-110,-5950.0
44906584,-110,-5955.0
44916592,-110,-5960.0
44926600,-110,-5965.0
44936600,-110,-5970.0
44946600,-110,-5975.0
44956608,-110,-5979.0
44966616,-110,-5984.0
44976624,-110,-5989.0
44986628,-110,-5994.0
44996636,-110,-5999.0
45006644,-110,-6004.0
45016652,-110,-6009.0
45026656,-110,-6014.0
45036664,-110,-6019.0
45046664,-110,-6024.0
45056672,-110,-6029.0
45066672,-110,-6033.0
45076680,-110,-6038.0
45086684,-110,-6043.0
45096684,-110,-6048.0
45106692,-110,-6053.0
45116692,-110,-6058.0
45126692,-110,-6063.0
45136700,-110,-6068.0
45146708,-110,-6073.0
45156712,-110,-6078.0
45166720,-110,-6083.0
45176720,-110,-6087.0
45186728,-110,-6092.0
45196728,-110,-6097.0
45206736,-110,-6102.0
45216736,-110,-6107.0
45226744,-110,-6112.0
45236752,-110,-6117.0
45246752,-110,-6122.0
45256752,-110,-6127.0
45266760,-110,-6132.0
45276768,-110,-6137.0
45286768,-110,-6142.0
45296768,-110,-6146.0
45306776,-110,-6151.0
45316776,-110,-6156.0
45326776,-110,-6161.0
45336776,-110,-6166.0
45346784,-110,-6171.0
45356792,-110,-6176.0
45366792,-110,-6181.0
45376796,-110,-6186.0
45386804,-110,-6191.0
45396812,-110,-6196.0
45406812,-110,-6200.0
45416812,-110,-6205.0
45426812,-110,-6210.0
45436820,-110,-6215.0
45446820,-110,-6220.0
45456820,-110,-6225.0
45466820,-110,-6230.0
45476828,-110,-6235.0
45486836,-110,-6240.0
45496844,-110,-6245.0
45506848,-89,-6250.0
45516856,-89,-6254.0
45526864,-89,-6258.0
45536864,-89,-6263.0
45546868,-89,-6267.0
45556868,-89,-6271.0
45566876,-89,-6275.0
45576876,-89,-6279.0
45586880,-89,-6283.0
45596880,-89,-6287.0
45606888,-89,-6291.0
45616896,-89,-6295.0
45626896,-89,-6299.0
45636900,-89,-6303.0
45646908,-89,-6307.0
45656908,-89,-6311.0
45666908,-89,-6315.0
45676912,-89,-6319.0
45686912,-89,-6322.0
45696912,-89,-6326.0
45706912,-89,-6330.0
45716916,-89,-6334.0
45726916,-89,-6338.0
45736916,-89,-6342.0
45746916,-89,-6346.0
45756916,-89,-6350.0
45766920,-89,-6354.0
45776920,-89,-6358.0
45786920,-89,-6362.0
45796920,-89,-6366.0
45806924,-89,-6370.0
45816924,-89,-6374.0
45826924,-89,-6378.0
45836924,-89,-6382.0
45846928,-89,-6386.0
45856928,-89,-6390.0
45866928,-89,-6394.0
45876928,-89,-6398.0
45886932,-89,-6402.0
45896936,-89,-6406.0
45906936,-89,-6410.0
45916944,-89,-6414.0
45926952,-89,-6418.0
45936952,-89,-6422.0
45946960,-89,-6426.0
45956968,-89,-6430.0
45966968,-89,-6434.0
45976968,-89,-6438.0
45986968,-89,-6442.0
45996976,-89,-6446.0
46006984,-89,-6450.0
46016984,-89,-6454.0
46026984,-89,-6458.0
46036992,-89,-6462.0
46046992,-89,-6466.0
46057000,-89,-6470.0
46067000,-89,-6474.0
46077000,-89,-6478.0
46087000,-89,-6482.0
46097016,-89,-6486.0
46107020,-89,-6489.0
46117028,-89,-6493.0
46127036,-89,-6497.0
46137044,-89,-6501.0
46147052,-89,-6505.0
46157052,-89,-6509.0
46167060,-89,-6513.0
46177068,-89,-6517.0
46187076,-89,-6521.0
46197080,-89,-6525.0
46207084,234,-6529.0
46217092,234,-6528.0
46227092,234,-6523.0
46237096,234,-6516.0
46247104,234,-6507.0
46257120,234,-6497.0
46267120,234,-6488.0
46277124,234,-6477.0
46287128,234,-6467.0
46297136,234,-6457.0
46307140,234,-6446.0
46317140,234,-6436.0
46327140,234,-6425.0
46337144,234,-6414.0
46347152,234,-6404.0
46357160,234,-6393.0
46367160,234,-6382.0
46377160,234,-6372.0
46387168,234,-6361.0
46397168,234,-6350.0
46407168,234,-6340.0
46417168,234,-6329.0
46427176,234,-6318.0
46437176,234,-6308.0
46447184,234,-6297.0
46457184,234,-6286.0
46467184,234,-6276.0
46477192,234,-6265.0
46487192,234,-6254.0
46497192,234,-6244.0
46507192,234,-6233.0
46517200,234,-6222.0
46527200,234,-6212.0
46537208,234,-6201.0
46547208,234,-6190.0
46557216,234,-6180.0
46567224,234,-6169.0
46577232,234,-6158.0
46587236,234,-6148.0
46597244,234,-6137.0
46607248,234,-6126.0
46617248,234,-6116.0
46627248,234,-6105.0
46637256,234,-6094.0
46647264,234,-6084.0
46657272,234,-6073.0
46667280,234,-6062.0
46677284,234,-6052.0
46687292,234,-6041.0
46697300,234,-6030.0
46707308,234,-6020.0
46717308,234,-6009.0
46727316,234,-5998.0
46737324,234,-5988.0
46747332,234,-5977.0
46757332,234,-5966.0
46767332,234,-5956.0
46777340,234,-5945.0
46787348,234,-5934.0
46797364,234,-5923.0
46807368,234,-5913.0
46817376,234,-5902.0
46827380,234,-5891.0
46837380,234,-5881.0
46847384,234,-5870.0
46857392,234,-5859.0
46867400,234,-5849.0
46877408,234,-5838.0
46887416,234,-5827.0
46897416,234,-5817.0
46907416,-128,-5807.0
46917424,-128,-5802.0
46927424,-128,-5803.0
46937428,-128,-5805.0
46947428,-128,-5809.0
46957436,-128,-5814.0
46967436,-128,-5819.0
46977436,-128,-5824.0
46987436,-128,-5830.0
46997444,-128,-5835.0
47007444,-128,-5841.0
47017452,-128,-5847.0
47027452,-128,-5852.0
47037452,-128,-5858.0
47047460,-128,-5864.0
47057468,-128,-5870.0
47067472,-128,-5875.0
47077480,-128,-5881.0
47087480,-128,-5887.0
47097488,-128,-5892.0
47107492,-128,-5898.0
47117500,-128,-5904.0
47127508,-128,-5910.0
47137508,-128,-5915.0
47147516,-128,-5921.0
47157516,-128,-5927.0
47167516,-128,-5933.0
47177516,-128,-5938.0
47187516,-128,-5944.0
47197516,-128,-5950.0
47207516,-128,-5956.0
47217524,-128,-5961.0
47227528,-128,-5967.0
47237532,-128,-5973.0
47247540,-128,-5978.0
47257548,-128,-5984.0
47267556,-128,-5990.0
47277556,-128,-5996.0
47287556,-128,-6001.0
47297556,-128,-6007.0
47307564,-128,-6013.0
47317572,-128,-6019.0
47327576,-128,-6024.0
47337576,-128,-6030.0
47347584,-128,-6036.0
47357592,-128,-6042.0
47367596,-128,-6047.0
47377604,-128,-6053.0
47387612,-128,-6059.0
47397620,-128,-6065.0
47407628,-128,-6070.0
47417632,-128,-6076.0
47427636,-128,-6082.0
47437636,-128,-6087.0
47447644,-128,-6093.0
47457644,-128,-6099.0
47467652,-128,-6105.0
47477652,-128,-6110.0
47487660,-128,-6116.0
47497664,-128,-6122.0
47507672,-128,-6128.0
47517672,-128,-6133.0
47527676,-128,-6139.0
47537676,-128,-6145.0
47547676,-128,-6151.0
47557676,-128,-6156.0
47567684,-128,-6162.0
47577692,-128,-6168.0
47587692,-128,-6173.0
47597692,-128,-6179.0
47607700,141,-6184.0
47617704,141,-6186.0
47627712,141,-6184.0
47637716,141,-6180.0
47647716,141,-6175.0
47657720,141,-6169.0
47667720,141,-6163.0
47677724,141,-6157.0
47687728,141,-6151.0
47697728,141,-6145.0
47707728,141,-6138.0
47717732,141,-6132.0
47727736,141,-6126.0
47737740,141,-6119.0
47747740,141,-6113.0
47757744,141,-6106.0
47767748,141,-6100.0
47777748,141,-6094.0
47787748,141,-6087.0
47797752,141,-6081.0
47807756,141,-6075.0
47817760,141,-6068.0
47827764,141,-6062.0
47837764,141,-6055.0
47847772,141,-6049.0
47857772,141,-6043.0
47867772,141,-6036.0
47877776,141,-6030.0
47887780,141,-6023.0
47897780,141,-6017.0
47907784,141,-6011.0
47917784,141,-6004.0
47927788,141,-5998.0
47937792,141,-5991.0
47947792,141,-5985.0
47957796,141,-5979.0
47967796,141,-5972.0
47977804,141,-5966.0
47987804,141,-5959.0
47997808,141,-5953.0
48007812,141,-5947.0
48017816,141,-5940.0
48027816,141,-5934.0
48037816,141,-5927.0
48047816,141,-5921.0
48057820,141,-5915.0
48067820,141,-5908.0
48077820,141,-5902.0
48087820,141,-5895.0
48097820,141,-5889.0
48107828,141,-5883.0
48117828,141,-5876.0
48127828,141,-5870.0
48137832,141,-5863.0
48147836,141,-5857.0
48157836,141,-5851.0
48167836,141,-5844.0
48177840,141,-5838.0
48187844,141,-5831.0
48197844,141,-5825.0
48207844,141,-5819.0
48217844,141,-5812.0
48227844,141,-5806.0
48237848,141,-5800.0
48247848,141,-5793.0
48257848,141,-5787.0
48267848,141,-5780.0
48277852,141,-5774.0
48287856,141,-5768.0
48297856,141,-5761.0
48307860,-188,-5756.0
48317864,-188,-5756.0
48327864,-188,-5760.0
48337872,-188,-5765.0
48347880,-188,-5771.0
48357884,-188,-5778.0
48367884,-188,-5786.0
48377884,-188,-5794.0
48387888,-188,-5802.0
48397896,-188,-5810.0
48407896,-188,-5819.0
48417900,-188,-5827.0
48427908,-188,-5836.0
48437916,-188,-5844.0
48447916,-188,-5852.0
48457924,-188,-5861.0
48467928,-188,-5869.0
48477936,-188,-5878.0
48487944,-188,-5886.0
48497952,-188,-5895.0
48507960,-188,-5903.0
48517964,-188,-5912.0
48527972,-188,-5920.0
48537972,-188,-5928.0
48547976,-188,-5937.0
48557984,-188,-5945.0
48567992,-188,-5954.0
48577992,-188,-5962.0
48588000,-188,-5971.0
48598008,-188,-5979.0
48608012,-188,-5988.0
48618020,-188,-5996.0
48628020,-188,-6004.0
48638028,-188,-6013.0
48648036,-188,-6021.0
48658040,-188,-6030.0
48668040,-188,-6038.0
48678044,-188,-6047.0
48688052,-188,-6055.0
48698056,-188,-6064.0
48708060,-188,-6072.0
48718064,-188,-6081.0
48728072,-188,-6089.0
48738076,-188,-6097.0
48748084,-188,-6106.0
48758084,-188,-6114.0
48768088,-188,-6123.0
48778096,-188,-6131.0
48788100,-188,-6140.0
48798104,-188,-6148.0
48808108,-188,-6157.0
48818116,-188,-6165.0
48828124,-188,-6173.0
48838128,-188,-6182.0
48848128,-188,-6190.0
48858136,-188,-6199.0
48868140,-188,-6207.0
48878148,-188,-6216.0
48888148,-188,-6224.0
48898156,-188,-6233.0
48908164,-188,-6241.0
48918168,-188,-6250.0
48928168,-188,-6258.0
48938176,-188,-6266.0
48948180,-188,-6275.0
48958188,-188,-6283.0
48968196,-188,-6292.0
48978196,-188,-6300.0
48988204,-188,-6309.0
48998208,-188,-6317.0
49008208,155,-6325.0
49018208,155,-6327.0
49028216,155,-6326.0
49038216,155,-6322.0
49048220,155,-6317.0
49058220,155,-6311.0
49068220,155,-6305.0
49078224,155,-6298.0
49088224,155,-6291.0
49098228,155,-6284.0
49108232,155,-6277.0
49118236,155,-6270.0
49128240,155,-6264.0
49138240,155,-6256.0
49148248,155,-6249.0
49158248,155,-6242.0
49168248,155,-6235.0
49178248,155,-6228.0
49188252,155,-6221.0
49198252,155,-6214.0
49208252,155,-6207.0
49218252,155,-6200.0
49228260,155,-6193.0
49238268,155,-6186.0
49248268,155,-6179.0
49258268,155,-6172.0
49268268,155,-6165.0
49278272,155,-6158.0
49288272,155,-6151.0
49298272,155,-6144.0
49308272,155,-6137.0
49318276,155,-6130.0
49328276,155,-6123.0
49338276,155,-6116.0
49348276,155,-6109.0
49358280,155,-6102.0
49368280,155,-6095.0
49378280,155,-6088.0
49388280,155,-6080.0
49398280,155,-6073.0
49408284,155,-6066.0
49418284,155,-6059.0
49428292,155,-6052.0
49438292,155,-6045.0
49448300,155,-6038.0
49458300,155,-6031.0
49468300,155,-6024.0
49478304,155,-6017.0
49488308,155,-6010.0
49498308,155,-6003.0
49508308,155,-5996.0
49518308,155,-5989.0
49528312,155,-5982.0
49538316,155,-5975.0
49548320,155,-5968.0
49558320,155,-5961.0
49568324,155,-5954.0
49578324,155,-5947.0
49588328,155,-5940.0
49598328,155,-5933.0
49608328,155,-5926.0
49618332,155,-5918.0
49628332,155,-5911.0
49638332,155,-5904.0
49648336,155,-5897.0
49658344,155,-5890.0
49668352,155,-5883.0
49678360,155,-5876.0
49688360,155,-5869.0
49698360,155,-5862.0
49708368,-223,-5856.0
49718368,-223,-5857.0
49728368,-223,-5861.0
49738372,-223,-5868.0
49748376,-223,-5875.0
49758380,-223,-5884.0
49768380,-223,-5893.0
49778384,-223,-5903.0
49788392,-223,-5912.0
49798392,-223,-5922.0
49808396,-223,-5932.0
49818400,-223,-5942.0
49828408,-223,-5952.0
49838416,-223,-5962.0
49848420,-223,-5972.0
49858424,-223,-5982.0
49868432,-223,-5992.0
49878432,-223,-6002.0
49888436,-223,-6012.0
49898444,-223,-6022.0
49908448,-223,-6032.0
49918452,-223,-6042.0
49928456,-223,-6052.0
49938460,-223,-6062.0
49948464,-223,-6072.0
49958472,-223,-6082.0
49968480,-223,-6092.0
49978484,-223,-6102.0
49988492,-223,-6112.0
49998496,-223,-6122.0
50008504,-223,-6132.0
50018508,-223,-6142.0
50028516,-223,-6152.0
50038520,-223,-6162.0
50048528,-223,-6172.0
50058536,-223,-6182.0
50068540,-223,-6192.0
50078548,-223,-6202.0
50088552,-223,-6212.0
50098552,-223,-6222.0
50108552,-223,-6232.0
50118556,-223,-6242.0
50128564,-223,-6252.0
50138564,-223,-6262.0
50148568,-223,-6272.0
50158576,-223,-6283.0
50168580,-223,-6293.0
50178588,-223,-6303.0
50188588,-223,-6313.0
50198592,-223,-6323.0
50208600,-223,-6333.0
50218604,-223,-6343.0
50228604,-223,-6353.0
50238608,-223,-6363.0
50248616,-223,-6373.0
50258624,-223,-6383.0
50268624,-223,-6393.0
50278628,-223,-6403.0
50288632,-223,-6413.0
50298640,-223,-6423.0
50308644,-223,-6433.0
50318644,-223,-6443.0
50328648,-223,-6453.0
50338656,-223,-6463.0
50348660,-223,-6473.0
50358660,-223,-6483.0
50368664,-223,-6493.0
50378672,-223,-6503.0
50388676,-223,-6513.0
50398676,-223,-6523.0
50408684,-211,-6533.0
50418688,-211,-6543.0
50428696,-211,-6553.0
50438700,-211,-6562.0
50448700,-211,-6572.0
50458708,-211,-6581.0
50468712,-211,-6591.0
50478720,-211,-6600.0
50488728,-211,-6610.0
50498732,-211,-6619.0
50508740,-211,-6629.0
50518744,-211,-6638.0
50528752,-211,-6648.0
50538752,-211,-6657.0
50548760,-211,-6667.0
50558764,-211,-6676.0
50568772,-211,-6686.0
50578772,-211,-6695.0
50588780,-211,-6705.0
50598784,-211,-6714.0
50608792,-211,-6724.0
50618792,-211,-6733.0
50628796,-211,-6743.0
50638796,-211,-6752.0
50648800,-211,-6762.0
50658808,-211,-6771.0
50668808,-211,-6781.0
50678812,-211,-6790.0
50688820,-211,-6800.0
50698824,-211,-6809.0
50708824,-211,-6819.0
50718828,-211,-6828.0
50728836,-211,-6838.0
50738840,-211,-6847.0
50748844,-211,-6857.0
50758848,-211,-6866.0
50768856,-211,-6875.0
50778864,-211,-6885.0
50788872,-211,-6894.0
50798872,-211,-6904.0
50808880,-211,-6913.0
50818884,-211,-6923.0
50828888,-211,-6932.0
50838888,-211,-6942.0
50848896,-211,-6951.0
50858900,-211,-6961.0
50868908,-211,-6970.0
50878908,-211,-6980.0
50888916,-211,-6989.0
50898920,-211,-6999.0
50908920,-211,-7008.0
50918924,-211,-7018.0
50928924,-211,-7027.0
50938932,-211,-7037.0
50948940,-211,-7046.0
50958948,-211,-7056.0
50968948,-211,-7065.0
50978956,-211,-7075.0
50988964,-211,-7084.0
50998968,-211,-7094.0
51008968,-211,-7103.0
51018976,-211,-7113.0
51028984,-211,-7122.0
51038992,-211,-7132.0
51049000,-211,-7141.0
51059008,-211,-7151.0
51069008,-211,-7160.0
51079028,-211,-7170.0
51089036,-211,-7179.0
51099036,-211,-7188.0
51109036,78,-7197.0
51119044,78,-7201.0
51129048,78,-7202.0
51139056,78,-7201.0
51149056,78,-7199.0
51159060,78,-7196.0
51169068,78,-7193.0
51179072,78,-7189.0
51189072,78,-7186.0
51199080,78,-7182.0
51209088,78,-7179.0
51219088,78,-7176.0
51229096,78,-7172.0
51239100,78,-7169.0
51249100,78,-7165.0
51259104,78,-7162.0
51269104,78,-7158.0
51279104,78,-7155.0
51289108,78,-7151.0
51299112,78,-7148.0
51309112,78,-7144.0
51319112,78,-7141.0
51329112,78,-7137.0
51339116,78,-7134.0
51349120,78,-7130.0
51359128,78,-7127.0
51369132,78,-7123.0
51379132,78,-7120.0
51389136,78,-7116.0
51399140,78,-7113.0
51409140,78,-7109.0
51419140,78,-7106.0
51429144,78,-7102.0
51439148,78,-7099.0
51449148,78,-7095.0
51459152,78,-7092.0
51469152,78,-7088.0
51479156,78,-7085.0
51489164,78,-7081.0
51499164,78,-7078.0
51509168,78,-7074.0
51519172,78,-7071.0
51529172,78,-7067.0
51539176,78,-7064.0
51549176,78,-7060.0
51559180,78,-7057.0
51569184,78,-7053.0
51579192,78,-7050.0
51589196,78,-7046.0
51599200,78,-7043.0
51609204,78,-7039.0
51619204,78,-7036.0
51629204,78,-7032.0
51639208,78,-7029.0
51649212,78,-7025.0
51659220,78,-7022.0
51669224,78,-7018.0
51679228,78,-7015.0
51689232,78,-7011.0
51699236,78,-7008.0
51709244,78,-7004.0
51719248,78,-7001.0
51729248,78,-6997.0
51739252,78,-6994.0
51749252,78,-6990.0
51759256,78,-6987.0
51769260,78,-6983.0
51779264,78,-6980.0
51789268,78,-6976.0
51799272,78,-6973.0
51809276,-216,-6971.0
51819276,-216,-6974.0
51829276,-216,-6979.0
51839276,-216,-6986.0
51849276,-216,-6994.0
51859280,-216,-7003.0
51869284,-216,-7012.0
51879284,-216,-7021.0
51889292,-216,-7031.0
51899296,-216,-7040.0
51909304,-216,-7050.0
51919304,-216,-7060.0
51929308,-216,-7069.0
51939316,-216,-7079.0
51949320,-216,-7089.0
51959328,-216,-7098.0
51969328,-216,-7108.0
51979332,-216,-7118.0
51989340,-216,-7128.0
51999344,-216,-7137.0
52009348,-216,-7147.0
52019352,-216,-7157.0
52029356,-216,-7166.0
52039364,-216,-7176.0
52049364,-216,-7186.0
52059372,-216,-7195.0
52069376,-216,-7205.0
52079384,-216,-7215.0
52089388,-216,-7225.0
52099388,-216,-7234.0
52109396,-216,-7244.0
52119400,-216,-7254.0
52129408,-216,-7263.0
52139408,-216,-7273.0
52149412,-216,-7283.0
52159420,-216,-7293.0
52169428,-216,-7302.0
52179432,-216,-7312.0
52189432,-216,-7322.0
52199432,-216,-7331.0
52209436,-216,-7341.0
52219436,-216,-7351.0
52229436,-216,-7360.0
52239440,-216,-7370.0
52249448,-216,-7380.0
52259452,-216,-7390.0
52269452,-216,-7399.0
52279460,-216,-7409.0
52289464,-216,-7419.0
52299472,-216,-7428.0
52309480,-216,-7438.0
52319480,-216,-7448.0
52329484,-216,-7458.0
52339484,-216,-7467.0
52349488,-216,-7477.0
52359488,-216,-7487.0
52369496,-216,-7496.0
52379504,-216,-7506.0
52389512,-216,-7516.0
52399512,-216,-7526.0
52409520,-216,-7535.0
52419528,-216,-7545.0
52429536,-216,-7555.0
52439540,-216,-7564.0
52449548,-216,-7574.0
52459552,-216,-7584.0
52469556,-216,-7594.0
52479564,-216,-7603.0
52489564,-216,-7613.0
52499568,-216,-7623.0
52509572,-245,-7632.0
52519576,-245,-7643.0
52529584,-245,-7653.0
52539588,-245,-7664.0
52549592,-245,-7675.0
52559596,-245,-7685.0
52569600,-245,-7696.0
52579608,-245,-7707.0
52589608,-245,-7718.0
52599612,-245,-7729.0
52609616,-245,-7740.0
52619624,-245,-7751.0
52629628,-245,-7762.0
52639632,-245,-7773.0
52649636,-245,-7784.0
52659640,-245,-7795.0
52669644,-245,-7806.0
52679648,-245,-7817.0
52689652,-245,-7828.0
52699656,-245,-7839.0
52709656,-245,-7850.0
52719660,-245,-7861.0
52729664,-245,-7872.0
52739668,-245,-7883.0
52749676,-245,-7894.0
52759680,-245,-7905.0
52769684,-245,-7916.0
52779688,-245,-7927.0
52789696,-245,-7939.0
52799700,-245,-7950.0
52809704,-245,-7961.0
52819708,-245,-7972.0
52829712,-245,-7983.0
52839720,-245,-7994.0
52849724,-245,-8005.0
52859724,-245,-8016.0
52869728,-245,-8027.0
52879736,-245,-8038.0
52889736,-245,-8049.0
52899740,-245,-8060.0
52909744,-245,-8071.0
52919752,-245,-8082.0
52929756,-245,-8093.0
52939760,-245,-8104.0
52949760,-245,-8115.0
52959764,-245,-8126.0
52969764,-245,-8137.0
52979768,-245,-8148.0
52989772,-245,-8159.0
52999776,-245,-8170.0
53009784,-245,-8181.0
53019788,-245,-8192.0
53029792,-245,-8203.0
53039796,-245,-8214.0
53049796,-245,-8225.0
53059800,-245,-8236.0
53069804,-245,-8247.0
53079808,-245,-8258.0
53089812,-245,-8269.0
53099820,-245,-8280.0
53109824,-245,-8291.0
53119828,-245,-8302.0
53129832,-245,-8313.0
53139832,-245,-8324.0
53149836,-245,-8335.0
53159840,-245,-8346.0
53169844,-245,-8357.0
53179852,-245,-8368.0
53189856,-245,-8379.0
53199860,-245,-8390.0
53209868,254,-8399.0
53219872,254,-8400.0
53229880,254,-8396.0
53239880,254,-8388.0
53249880,254,-8380.0
53259884,254,-8370.0
53269884,254,-8359.0
53279888,254,-8349.0
53289896,254,-8338.0
53299900,254,-8327.0
53309900,254,-8315.0
53319908,254,-8304.0
53329912,254,-8292.0
53339920,254,-8281.0
53349928,254,-8269.0
53359928,254,-8258.0
53369936,254,-8246.0
53379940,254,-8235.0
53389948,254,-8223.0
53399948,254,-8212.0
53409956,254,-8200.0
53419960,254,-8188.0
53429968,254,-8177.0
53439972,254,-8165.0
53449976,254,-8154.0
53459980,254,-8142.0
53469988,254,-8130.0
53479996,254,-8119.0
53489996,254,-8107.0
53500000,254,-8096.0
53510008,254,-8084.0
53520024,254,-8072.0
53530024,254,-8061.0
53540028,254,-8049.0
53550036,254,-8038.0
53560040,254,-8026.0
53570048,254,-8015.0
53580048,254,-8003.0
53590052,254,-7991.0
53600052,254,-7980.0
53610056,254,-7968.0
53620060,254,-7957.0
53630064,254,-7945.0
53640072,254,-7933.0
53650080,254,-7922.0
53660080,254,-7910.0
53670088,254,-7899.0
53680092,254,-7887.0
53690100,254,-7875.0
53700108,254,-7864.0
53710108,254,-7852.0
53720112,254,-7841.0
53730112,254,-7829.0
53740116,254,-7818.0
53750120,254,-7806.0
53760124,254,-7794.0
53770128,254,-7783.0
53780136,254,-7771.0
53790136,254,-7760.0
53800140,254,-7748.0
53810148,254,-7736.0
53820152,254,-7725.0
53830160,254,-7713.0
53840160,254,-7702.0
53850164,254,-7690.0
53860172,254,-7678.0
53870176,254,-7667.0
53880180,254,-7655.0
53890184,254,-7644.0
53900192,254,-7632.0
53910192,229,-7621.0
53920192,229,-7609.0
53930200,229,-7599.0
53940208,229,-7588.0
53950212,229,-7577.0
53960220,229,-7566.0
53970224,229,-7556.0
53980232,229,-7545.0
53990240,229,-7535.0
54000248,229,-7524.0
54010248,229,-7514.0
54020248,229,-7504.0
54030256,229,-7493.0
54040264,229,-7483.0
54050264,229,-7472.0
54060264,229,-7462.0
54070272,229,-7451.0
54080280,229,-7441.0
54090284,229,-7430.0
54100284,229,-7420.0
54110292,229,-7410.0
54120300,229,-7399.0
54130308,229,-7389.0
54140308,229,-7378.0
54150316,229,-7368.0
54160324,229,-7357.0
54170332,229,-7347.0
54180340,229,-7336.0
54190340,229,-7326.0
54200348,229,-7315.0
54210356,229,-7305.0
54220356,229,-7295.0
54230356,229,-7284.0
54240356,229,-7274.0
54250364,229,-7263.0
54260372,229,-7253.0
54270372,229,-7242.0
54280372,229,-7232.0
54290380,229,-7222.0
54300388,229,-7211.0
54310396,229,-7201.0
54320396,229,-7190.0
54330396,229,-7180.0
54340396,229,-7169.0
54350404,229,-7159.0
54360404,229,-7148.0
54370404,229,-7138.0
54380408,229,-7127.0
54390408,229,-7117.0
54400412,229,-7107.0
54410416,229,-7096.0
54420424,229,-7086.0
54430428,229,-7075.0
54440436,229,-7065.0
54450436,229,-7054.0
54460444,229,-7044.0
54470448,229,-7033.0
54480448,229,-7023.0
54490448,229,-7013.0
54500452,229,-7002.0
54510452,229,-6992.0
54520460,229,-6981.0
54530460,229,-6971.0
54540468,229,-6960.0
54550476,229,-6950.0
54560480,229,-6939.0
54570488,229,-6929.0
54580488,229,-6918.0
54590496,229,-6908.0
54600504,229,-6898.0
54610508,87,-6888.0
54620512,87,-6880.0
54630512,87,-6874.0
54640512,87,-6869.0
54650516,87,-6864.0
54660524,87,-6860.0
54670524,87,-6855.0
54680528,87,-6851.0
54690532,87,-6847.0
54700532,87,-6843.0
54710532,87,-6839.0
54720532,87,-6836.0
54730536,87,-6832.0
54740540,87,-6828.0
54750544,87,-6824.0
54760548,87,-6820.0
54770548,87,-6816.0
54780552,87,-6812.0
54790560,87,-6808.0
54800560,87,-6804.0
54810564,87,-6800.0
54820564,87,-6796.0
54830568,87,-6792.0
54840572,87,-6788.0
54850576,87,-6785.0
54860576,87,-6781.0
54870580,87,-6777.0
54880580,87,-6773.0
54890580,87,-6769.0
54900584,87,-6765.0
54910584,87,-6761.0
54920592,87,-6757.0
54930592,87,-6753.0
54940596,87,-6749.0
54950596,87,-6745.0
54960596,87,-6742.0
54970596,87,-6738.0
54980600,87,-6734.0
54990604,87,-6730.0
55000604,87,-6726.0
55010612,87,-6722.0
55020616,87,-6718.0
55030620,87,-6714.0
55040624,87,-6710.0
55050628,87,-6706.0
55060632,87,-6702.0
55070632,87,-6699.0
55080636,87,-6695.0
55090644,87,-6691.0
55100648,87,-6687.0
55110648,87,-6683.0
55120652,87,-6679.0
55130652,87,-6675.0
55140660,87,-6671.0
55150660,87,-6667.0
55160664,87,-6663.0
55170668,87,-6659.0
55180676,87,-6656.0
55190676,87,-6652.0
55200680,87,-6648.0
55210684,87,-6644.0
55220688,87,-6640.0
55230692,87,-6636.0
55240692,87,-6632.0
55250696,87,-6628.0
55260700,87,-6624.0
55270704,87,-6620.0
55280720,87,-6616.0
55290724,87,-6613.0
55300724,87,-6609.0
55310732,-189,-6606.0
55320732,-189,-6608.0
55330740,-189,-6613.0
55340744,-189,-6619.0
55350748,-189,-6626.0
55360752,-189,-6634.0
55370760,-189,-6642.0
55380764,-189,-6650.0
55390772,-189,-6658.0
55400780,-189,-6667.0
55410784,-189,-6675.0
55420792,-189,-6684.0
55430800,-189,-6692.0
55440800,-189,-6701.0
55450804,-189,-6709.0
55460808,-189,-6718.0
55470816,-189,-6726.0
55480820,-189,-6735.0
55490820,-189,-6743.0
55500828,-189,-6752.0
55510832,-189,-6760.0
55520836,-189,-6769.0
55530840,-189,-6777.0
55540844,-189,-6786.0
55550852,-189,-6794.0
55560860,-189,-6803.0
55570860,-189,-6811.0
55580864,-189,-6820.0
55590872,-189,-6828.0
55600876,-189,-6837.0
55610884,-189,-6845.0
55620884,-189,-6854.0
55630892,-189,-6862.0
55640896,-189,-6871.0
55650896,-189,-6879.0
55660896,-189,-6888.0
55670900,-189,-6896.0
55680900,-189,-6905.0
55690904,-189,-6913.0
55700904,-189,-6922.0
55710912,-189,-6930.0
55720916,-189,-6939.0
55730916,-189,-6947.0
55740920,-189,-6956.0
55750920,-189,-6964.0
55760928,-189,-6973.0
55770932,-189,-6981.0
55780940,-189,-6990.0
55790940,-189,-6998.0
55800948,-189,-7007.0
55810952,-189,-7015.0
55820960,-189,-7024.0
55830960,-189,-7032.0
55840968,-189,-7041.0
55850972,-189,-7049.0
55860976,-189,-7058.0
55870984,-189,-7066.0
55880984,-189,-7075.0
55890988,-189,-7083.0
55900996,-189,-7092.0
55911004,-189,-7100.0
55921004,-189,-7109.0
55931008,-189,-7117.0
55941016,-189,-7126.0
55951024,-189,-7134.0
55961024,-189,-7143.0
55971024,-189,-7151.0
55981028,-189,-7160.0
55991028,-189,-7168.0
56001036,-189,-7177.0
56011036,-251,-7185.0
56021044,-251,-7195.0
56031048,-251,-7205.0
56041052,-251,-7216.0
56051052,-251,-7227.0
56061056,-251,-7238.0
56071060,-251,-7249.0
56081064,-251,-7260.0
56091064,-251,-7271.0
56101068,-251,-7282.0
56111072,-251,-7294.0
56121080,-251,-7305.0
56131084,-251,-7316.0
56141084,-251,-7327.0
56151088,-251,-7339.0
56161092,-251,-7350.0
56171100,-251,-7361.0
56181100,-251,-7373.0
56191104,-251,-7384.0
56201112,-251,-7395.0
56211116,-251,-7407.0
56221116,-251,-7418.0
56231124,-251,-7429.0
56241128,-251,-7440.0
56251132,-251,-7452.0
56261136,-251,-7463.0
56271136,-251,-7474.0
56281144,-251,-7486.0
56291148,-251,-7497.0
56301156,-251,-7508.0
56311156,-251,-7520.0
56321164,-251,-7531.0
56331168,-251,-7542.0
56341172,-251,-7553.0
56351180,-251,-7565.0
56361188,-251,-7576.0
56371192,-251,-7587.0
56381196,-251,-7599.0
56391200,-251,-7610.0
56401200,-251,-7621.0
56411204,-251,-7632.0
56421208,-251,-7644.0
56431212,-251,-7655.0
56441212,-251,-7666.0
56451216,-251,-7678.0
56461220,-251,-7689.0
56471224,-251,-7700.0
56481232,-251,-7712.0
56491236,-251,-7723.0
56501240,-251,-7734.0
56511248,-251,-7745.0
56521252,-251,-7757.0
56531252,-251,-7768.0
56541256,-251,-7779.0
56551260,-251,-7791.0
56561264,-251,-7802.0
56571264,-251,-7813.0
56581276,-251,-7825.0
56591280,-251,-7836.0
56601288,-251,-7847.0
56611288,-251,-7858.0
56621288,-251,-7870.0
56631296,-251,-7881.0
56641300,-251,-7892.0
56651304,-251,-7904.0
56661312,-251,-7915.0
56671316,-251,-7926.0
56681324,-251,-7938.0
56691328,-251,-7949.0
56701328,-251,-7960.0
56711332,85,-7969.0
56721336,85,-7974.0
56731340,85,-7975.0
56741340,85,-7974.0
56751344,85,-7971.0
56761348,85,-7968.0
56771352,85,-7965.0
56781356,85,-7961.0
56791356,85,-7958.0
56801360,85,-7954.0
56811360,85,-7950.0
56821368,85,-7947.0
56831376,85,-7943.0
56841380,85,-7939.0
56851384,85,-7935.0
56861388,85,-7931.0
56871400,85,-7928.0
56881400,85,-7924.0
56891400,85,-7920.0
56901404,85,-7916.0
56911408,85,-7912.0
56921416,85,-7908.0
56931424,85,-7905.0
56941428,85,-7901.0
56951432,85,-7897.0
56961440,85,-7893.0
56971440,85,-7889.0
56981444,85,-7886.0
56991448,85,-7882.0
57001452,85,-7878.0
57011456,85,-7874.0
57021460,85,-7870.0
57031464,85,-7866.0
57041468,85,-7863.0
57051476,85,-7859.0
57061480,85,-7855.0
57071484,85,-7851.0
57081488,85,-7847.0
57091496,85,-7843.0
57101500,85,-7840.0
57111500,85,-7836.0
57121508,85,-7832.0
57131508,85,-7828.0
57141508,85,-7824.0
57151512,85,-7820.0
57161516,85,-7817.0
57171520,85,-7813.0
57181520,85,-7809.0
57191520,85,-7805.0
57201524,85,-7801.0
57211528,85,-7797.0
57221536,85,-7793.0
57231540,85,-7790.0
57241544,85,-7786.0
57251548,85,-7782.0
57261552,85,-7778.0
57271552,85,-7774.0
57281556,85,-7770.0
57291560,85,-7767.0
57301564,85,-7763.0
57311564,85,-7759.0
57321568,85,-7755.0
57331572,85,-7751.0
57341580,85,-7747.0
57351580,85,-7744.0
57361580,85,-7740.0
57371584,85,-7736.0
57381584,85,-7732.0
57391584,85,-7728.0
57401584,85,-7724.0
57411592,-245,-7723.0
57421592,-245,-7727.0
57431600,-245,-7733.0
57441600,-245,-7742.0
57451604,-245,-7751.0
57461608,-245,-7761.0
57471616,-245,-7771.0
57481616,-245,-7782.0
57491628,-245,-7793.0
57501636,-245,-7803.0
57511640,-245,-7814.0
57521648,-245,-7825.0
57531648,-245,-7836.0
57541652,-245,-7847.0
57551660,-245,-7858.0
57561664,-245,-7869.0
57571664,-245,-7880.0
57581668,-245,-7891.0
57591676,-245,-7902.0
57601680,-245,-7913.0
57611680,-245,-7924.0
57621684,-245,-7935.0
57631688,-245,-7946.0
57641692,-245,-7957.0
57651696,-245,-7968.0
57661696,-245,-7979.0
57671700,-245,-7990.0
57681704,-245,-8001.0
57691704,-245,-8012.0
57701704,-245,-8023.0
57711708,-245,-8034.0
57721712,-245,-8045.0
57731712,-245,-8056.0
57741720,-245,-8068.0
57751724,-245,-8079.0
57761728,-245,-8090.0
57771732,-245,-8101.0
57781736,-245,-8112.0
57791744,-245,-8123.0
57801748,-245,-8134.0
57811752,-245,-8145.0
57821756,-245,-8156.0
57831756,-245,-8167.0
57841760,-245,-8178.0
57851764,-245,-8189.0
57861768,-245,-8200.0
57871776,-245,-8211.0
57881780,-245,-8222.0
57891784,-245,-8233.0
57901788,-245,-8244.0
57911792,-245,-8255.0
57921792,-245,-8266.0
57931796,-245,-8277.0
57941800,-245,-8288.0
57951804,-245,-8299.0
57961804,-245,-8310.0
57971808,-245,-8321.0
57981812,-245,-8332.0
57991816,-245,-8343.0
58001816,-245,-8354.0
58011816,-245,-8365.0
58021824,-245,-8376.0
58031824,-245,-8387.0
58041832,-245,-8398.0
58051840,-245,-8409.0
58061844,-245,-8420.0
58071848,-245,-8431.0
58081852,-245,-8442.0
58091860,-245,-8453.0
58101864,-159,-8464.0
58111868,-159,-8475.0
58121868,-159,-8484.0
58131868,-159,-8493.0
58141876,-159,-8501.0
58151884,-159,-8509.0
58161892,-159,-8516.0
58171900,-159,-8523.0
58181900,-159,-8531.0
58191900,-159,-8538.0
58201908,-159,-8545.0
58211916,-159,-8552.0
58221916,-159,-8559.0
58231916,-159,-8567.0
58241924,-159,-8574.0
58251932,-159,-8581.0
58261932,-159,-8588.0
58271940,-159,-8595.0
58281940,-159,-8602.0
58291944,-159,-8609.0
58301944,-159,-8616.0
58311944,-159,-8624.0
58321944,-159,-8631.0
58331952,-159,-8638.0
58341960,-159,-8645.0
58351960,-159,-8652.0
58361960,-159,-8659.0
58371968,-159,-8667.0
58381972,-159,-8674.0
58391976,-159,-8681.0
58401984,-159,-8688.0
58411988,-159,-8695.0
58421988,-159,-8702.0
58431992,-159,-8710.0
58441996,-159,-8717.0
58451996,-159,-8724.0
58462004,-159,-8731.0
58472012,-159,-8738.0
58482012,-159,-8745.0
58492020,-159,-8753.0
58502028,-159,-8760.0
58512036,-159,-8767.0
58522036,-159,-8774.0
58532044,-159,-8781.0
58542052,-159,-8788.0
58552060,-159,-8796.0
58562068,-159,-8803.0
58572072,-159,-8810.0
58582080,-159,-8817.0
58592084,-159,-8824.0
58602092,-159,-8831.0
58612092,-159,-8839.0
58622092,-159,-8846.0
58632100,-159,-8853.0
58642104,-159,-8860.0
58652108,-159,-8867.0
58662116,-159,-8874.0
58672124,-159,-8882.0
58682132,-159,-8889.0
58692140,-159,-8896.0
58702140,-159,-8903.0
58712140,-159,-8910.0
58722148,-159,-8917.0
58732156,-159,-8925.0
58742160,-159,-8932.0
58752168,-159,-8939.0
58762172,-159,-8946.0
58772172,-159,-8953.0
58782184,-159,-8960.0
58792184,-159,-8968.0
58802192,-127,-8975.0
58812200,-127,-8982.0
58822208,-127,-8988.0
58832212,-127,-8994.0
58842220,-127,-9000.0
58852228,-127,-9006.0
58862236,-127,-9012.0
58872240,-127,-9018.0
58882248,-127,-9024.0
58892256,-127,-9030.0
58902264,-127,-9035.0
58912272,-127,-9041.0
58922272,-127,-9047.0
58932272,-127,-9052.0
58942280,-127,-9058.0
58952288,-127,-9064.0
58962292,-127,-9070.0
58972300,-127,-9075.0
58982300,-127,-9081.0
58992308,-127,-9087.0
59002312,-127,-9092.0
59012320,-127,-9098.0
59022328,-127,-9104.0
59032336,-127,-9109.0
59042344,-127,-9115.0
59052344,-127,-9121.0
59062344,-127,-9127.0
59072352,-127,-9132.0
59082360,-127,-9138.0
59092360,-127,-9144.0
59102360,-127,-9149.0
59112368,-127,-9155.0
59122368,-127,-9161.0
59132368,-127,-9166.0
59142368,-127,-9172.0
59152368,-127,-9178.0
59162376,-127,-9183.0
59172384,-127,-9189.0
59182388,-127,-9195.0
59192396,-127,-9200.0
59202396,-127,-9206.0
59212404,-127,-9212.0
59222404,-127,-9217.0
59232412,-127,-9223.0
59242420,-127,-9229.0
59252428,-127,-9235.0
59262428,-127,-9240.0
59272428,-127,-9246.0
59282436,-127,-9252.0
59292444,-127,-9257.0
59302444,-127,-9263.0
59312444,-127,-9269.0
59322452,-127,-9274.0
59332452,-127,-9280.0
59342460,-127,-9286.0
59352460,-127,-9291.0
59362460,-127,-9297.0
59372464,-127,-9303.0
59382464,-127,-9308.0
59392468,-127,-9314.0
59402472,-127,-9320.0
59412472,-127,-9326.0
59422480,-127,-9331.0
59432488,-127,-9337.0
59442488,-127,-9343.0
59452488,-127,-9348.0
59462496,-127,-9354.0
59472504,-127,-9360.0
59482508,-127,-9365.0
59492516,-127,-9371.0
59502516,-86,-9377.0
59512524,-86,-9382.0
59522532,-86,-9387.0
59532536,-86,-9391.0
59542536,-86,-9395.0
59552536,-86,-9399.0
59562536,-86,-9403.0
59572540,-86,-9407.0
59582540,-86,-9411.0
59592540,-86,-9415.0
59602540,-86,-9419.0
59612544,-86,-9423.0
59622544,-86,-9426.0
59632544,-86,-9430.0
59642544,-86,-9434.0
59652548,-86,-9438.0
59662548,-86,-9442.0
59672548,-86,-9446.0
59682556,-86,-9450.0
59692556,-86,-9453.0
59702560,-86,-9457.0
59712560,-86,-9461.0
59722568,-86,-9465.0
59732568,-86,-9469.0
59742572,-86,-9473.0
59752572,-86,-9476.0
59762572,-86,-9480.0
59772572,-86,-9484.0
59782576,-86,-9488.0
59792576,-86,-9492.0
59802576,-86,-9496.0
59812576,-86,-9499.0
59822576,-86,-9503.0
59832580,-86,-9507.0
59842580,-86,-9511.0
59852580,-86,-9515.0
59862580,-86,-9519.0
59872584,-86,-9522.0
59882584,-86,-9526.0
59892584,-86,-9530.0
59902584,-86,-9534.0
59912592,-86,-9538.0
59922592,-86,-9542.0
59932592,-86,-9545.0
59942592,-86,-9549.0
59952596,-86,-9553.0
59962600,-86,-9557.0
59972600,-86,-9561.0
59982600,-86,-9565.0
59992612,-86,-9569.0
60002616,-86,-9572.0
60012616,-86,-9576.0
60022616,-86,-9580.0
60032616,-86,-9584.0
60042620,-86,-9588.0
60052620,-86,-9592.0
60062620,-86,-9595.0
60072624,-86,-9599.0
60082628,-86,-9603.0
60092628,-86,-9607.0
60102628,-86,-9611.0
60112636,-86,-9615.0
60122636,-86,-9618.0
60132640,-86,-9622.0
60142640,-86,-9626.0
60152640,-86,-9630.0
60162640,-86,-9634.0
60172640,-86,-9638.0
60182640,-86,-9641.0
60192640,-86,-9645.0
60202648,-193,-9649.0
60212652,-193,-9654.0
60222656,-193,-9660.0
60232656,-193,-9667.0
60242664,-193,-9675.0
60252668,-193,-9683.0
60262668,-193,-9692.0
60272676,-193,-9700.0
60282684,-193,-9709.0
60292692,-193,-9717.0
60302696,-193,-9726.0
60312700,-193,-9735.0
60322700,-193,-9743.0
60332704,-193,-9752.0
60342708,-193,-9761.0
60352716,-193,-9769.0
60362720,-193,-9778.0
60372728,-193,-9787.0
60382736,-193,-9795.0
60392736,-193,-9804.0
60402736,-193,-9813.0
60412744,-193,-9821.0
60422752,-193,-9830.0
60432752,-193,-9839.0
60442760,-193,-9847.0
60452764,-193,-9856.0
60462772,-193,-9865.0
60472772,-193,-9874.0
60482772,-193,-9882.0
60492776,-193,-9891.0
60502776,-193,-9900.0
60512784,-193,-9908.0
60522784,-193,-9917.0
60532792,-193,-9926.0
60542792,-193,-9934.0
60552796,-193,-9943.0
60562800,-193,-9952.0
60572808,-193,-9960.0
60582816,-193,-9969.0
60592820,-193,-9978.0
60602824,-193,-9986.0
60612832,-193,-9995.0
60622840,-193,-10004.0
60632844,-193,-10012.0
60642852,-193,-10021.0
60652852,-193,-10030.0
60662860,-193,-10039.0
60672864,-193,-10047.0
60682872,-193,-10056.0
60692872,-193,-10065.0
60702880,-193,-10073.0
60712884,-193,-10082.0
60722892,-193,-10091.0
60732892,-193,-10099.0
60742900,-193,-10108.0
60752908,-193,-10117.0
60762916,-193,-10125.0
60772924,-193,-10134.0
60782924,-193,-10143.0
60792924,-193,-10151.0
60802932,-193,-10160.0
60812936,-193,-10169.0
60822940,-193,-10177.0
60832948,-193,-10186.0
60842952,-193,-10195.0
60852960,-193,-10203.0
60862964,-193,-10212.0
60872968,-193,-10221.0
60882976,-193,-10229.0
60892980,-193,-10238.0
60902980,229,-10247.0
60912984,229,-10252.0
60922992,229,-10251.0
60932992,229,-10245.0
60942992,229,-10238.0
60952996,229,-10229.0
60962996,229,-10220.0
60972996,229,-10211.0
60983004,229,-10201.0
60993012,229,-10191.0
61003016,229,-10180.0
61013024,229,-10170.0
61023024,229,-10160.0
61033024,229,-10149.0
61043024,229,-10139.0
61053024,229,-10129.0
61063024,229,-10118.0
61073032,229,-10108.0
61083032,229,-10097.0
61093032,229,-10087.0
61103032,229,-10076.0
61113032,229,-10066.0
61123032,229,-10055.0
61133032,229,-10045.0
61143032,229,-10035.0
61153040,229,-10024.0
61163040,229,-10014.0
61173040,229,-10003.0
61183040,229,-9993.0
61193040,229,-9982.0
61203040,229,-9972.0
61213044,229,-9961.0
61223044,229,-9951.0
61233052,229,-9940.0
61243052,229,-9930.0
61253056,229,-9920.0
61263064,229,-9909.0
61273064,229,-9899.0
61283064,229,-9888.0
61293064,229,-9878.0
61303068,229,-9867.0
61313076,229,-9857.0
61323076,229,-9846.0
61333084,229,-9836.0
61343088,229,-9825.0
61353088,229,-9815.0
61363088,229,-9805.0
61373088,229,-9794.0
61383092,229,-9784.0
61393092,229,-9773.0
61403092,229,-9763.0
61413100,229,-9752.0
61423100,229,-9742.0
61433108,229,-9731.0
61443108,229,-9721.0
61453116,229,-9711.0
61463124,229,-9700.0
61473124,229,-9690.0
61483132,229,-9679.0
61493140,229,-9669.0
61503144,229,-9658.0
61513148,229,-9648.0
61523148,229,-9637.0
61533156,229,-9627.0
61543164,229,-9616.0
61553168,229,-9606.0
61563172,229,-9596.0
61573172,229,-9585.0
61583172,229,-9575.0
61593180,229,-9564.0
61603184,-204,-9554.0
61613184,-204,-9548.0
61623184,-204,-9548.0
61633184,-204,-9552.0
61643188,-204,-9558.0
61653196,-204,-9566.0
61663200,-204,-9574.0
61673200,-204,-9582.0
61683204,-204,-9591.0
61693208,-204,-9600.0
61703212,-204,-9609.0
61713216,-204,-9618.0
61723224,-204,-9627.0
61733232,-204,-9636.0
61743236,-204,-9646.0
61753244,-204,-9655.0
61763252,-204,-9664.0
61773252,-204,-9673.0
61783256,-204,-9682.0
61793260,-204,-9691.0
61803268,-204,-9701.0
61813276,-204,-9710.0
61823276,-204,-9719.0
61833284,-204,-9728.0
61843288,-204,-9737.0
61853296,-204,-9746.0
61863296,-204,-9756.0
61873300,-204,-9765.0
61883308,-204,-9774.0
61893312,-204,-9783.0
61903316,-204,-9792.0
61913320,-204,-9801.0
61923328,-204,-9811.0
61933336,-204,-9820.0
61943344,-204,-9829.0
61953344,-204,-9838.0
61963348,-204,-9847.0
61973356,-204,-9856.0
61983364,-204,-9866.0
61993364,-204,-9875.0
62003368,-204,-9884.0
62013376,-204,-9893.0
62023384,-204,-9902.0
62033392,-204,-9912.0
62043392,-204,-9921.0
62053400,-204,-9930.0
62063408,-204,-9939.0
62073416,-204,-9948.0
62083416,-204,-9957.0
62093432,-204,-9967.0
62103432,-204,-9976.0
62113436,-204,-9985.0
62123440,-204,-9994.0
62133444,-204,-10003.0
62143444,-204,-10012.0
62153448,-204,-10022.0
62163456,-204,-10031.0
62173456,-204,-10040.0
62183464,-204,-10049.0
62193472,-204,-10058.0
62203480,-204,-10067.0
62213480,-204,-10077.0
62223488,-204,-10086.0
62233492,-204,-10095.0
62243492,-204,-10104.0
62253492,-204,-10113.0
62263492,-204,-10122.0
62273496,-204,-10132.0
62283504,-204,-10141.0
62293508,-204,-10150.0
62303512,118,-10159.0
62313516,118,-10165.0
62323520,118,-10166.0
62333528,118,-10165.0
62343536,118,-10161.0
62353540,118,-10157.0
62363544,118,-10152.0
62373544,118,-10147.0
62383544,118,-10142.0
62393544,118,-10137.0
62403548,118,-10132.0
62413552,118,-10126.0
62423552,118,-10121.0
62433560,118,-10116.0
62443564,118,-10110.0
62453564,118,-10105.0
62463568,118,-10100.0
62473576,118,-10094.0
62483580,118,-10089.0
62493580,118,-10084.0
62503580,118,-10078.0
62513580,118,-10073.0
62523580,118,-10068.0
62533584,118,-10062.0
62543588,118,-10057.0
62553588,118,-10051.0
62563588,118,-10046.0
62573592,118,-10041.0
62583592,118,-10035.0
62593596,118,-10030.0
62603604,118,-10025.0
62613604,118,-10019.0
62623608,118,-10014.0
62633608,118,-10008.0
62643616,118,-10003.0
62653616,118,-9998.0
62663620,118,-9992.0
62673624,118,-9987.0
62683624,118,-9982.0
62693632,118,-9976.0
62703636,118,-9971.0
62713640,118,-9965.0
62723644,118,-9960.0
62733648,118,-9955.0
62743652,118,-9949.0
62753656,118,-9944.0
62763656,118,-9939.0
62773664,118,-9933.0
62783664,118,-9928.0
62793668,118,-9922.0
62803668,118,-9917.0
62813672,118,-9912.0
62823680,118,-9906.0
62833684,118,-9901.0
62843684,118,-9896.0
62853688,118,-9890.0
62863696,118,-9885.0
62873696,118,-9879.0
62883700,118,-9874.0
62893704,118,-9869.0
62903712,118,-9863.0
62913716,118,-9858.0
62923720,118,-9853.0
62933720,118,-9847.0
62943724,118,-9842.0
62953728,118,-9836.0
62963732,118,-9831.0
62973732,118,-9826.0
62983736,118,-9820.0
62993744,118,-9815.0
63003744,73,-9810.0
63013748,73,-9805.0
63023752,73,-9800.0
63033752,73,-9797.0
63043756,73,-9793.0
63053760,73,-9789.0
63063764,73,-9786.0
63073768,73,-9783.0
63083776,73,-9779.0
63093780,73,-9776.0
63103784,73,-9773.0
63113788,73,-9770.0
63123796,73,-9766.0
63133800,73,-9763.0
63143804,73,-9760.0
63153808,73,-9757.0
63163808,73,-9753.0
63173812,73,-9750.0
63183816,73,-9747.0
63193824,73,-9744.0
63203828,73,-9740.0
63213836,73,-9737.0
63223840,73,-9734.0
63233844,73,-9731.0
63243848,73,-9727.0
63253848,73,-9724.0
63263852,73,-9721.0
63273856,73,-9717.0
63283860,73,-9714.0
63293868,73,-9711.0
63303872,73,-9708.0
63313876,73,-9704.0
63323880,73,-9701.0
63333884,73,-9698.0
63343884,73,-9695.0
63353888,73,-9691.0
63363896,73,-9688.0
63373900,73,-9685.0
63383916,73,-9681.0
63393924,73,-9678.0
63403928,73,-9675.0
63413932,73,-9672.0
63423932,73,-9668.0
63433936,73,-9665.0
63443944,73,-9662.0
63453948,73,-9659.0
63463952,73,-9655.0
63473952,73,-9652.0
63483956,73,-9649.0
63493964,73,-9646.0
63503964,73,-9642.0
63513964,73,-9639.0
63523968,73,-9636.0
63533972,73,-9633.0
63543976,73,-9629.0
63553976,73,-9626.0
63563980,73,-9623.0
63573984,73,-9620.0
63583988,73,-9616.0
63593992,73,-9613.0
63603992,73,-9610.0
63613996,73,-9607.0
63624000,73,-9603.0
63634004,73,-9600.0
63644008,73,-9597.0
63654016,73,-9593.0
63664020,73,-9590.0
63674024,73,-9587.0
63684024,73,-9584.0
63694028,73,-9580.0
63704036,147,-9577.0
63714040,147,-9573.0
63724044,147,-9568.0
63734052,147,-9562.0
63744052,147,-9556.0
63754056,147,-9550.0
63764056,147,-9543.0
63774064,147,-9537.0
63784068,147,-9530.0
63794068,147,-9524.0
63804072,147,-9517.0
63814080,147,-9510.0
63824084,147,-9504.0
63834084,147,-9497.0
63844088,147,-9490.0
63854092,147,-9484.0
63864096,147,-9477.0
63874100,147,-9470.0
63884104,147,-9464.0
63894104,147,-9457.0
63904104,147,-9450.0
63914104,147,-9444.0
63924104,147,-9437.0
63934108,147,-9430.0
63944116,147,-9424.0
63954116,147,-9417.0
63964120,147,-9410.0
63974120,147,-9403.0
63984124,147,-9397.0
63994132,147,-9390.0
64004136,147,-9383.0
64014136,147,-9377.0
64024144,147,-9370.0
64034148,147,-9363.0
64044148,147,-9357.0
64054148,147,-9350.0
64064148,147,-9343.0
64074152,147,-9337.0
64084152,147,-9330.0
64094152,147,-9323.0
64104152,147,-9317.0
64114152,147,-9310.0
64124156,147,-9303.0
64134156,147,-9297.0
64144156,147,-9290.0
64154156,147,-9283.0
64164160,147,-9277.0
64174160,147,-9270.0
64184160,147,-9263.0
64194160,147,-9257.0
64204164,147,-9250.0
64214164,147,-9243.0
64224168,147,-9237.0
64234168,147,-9230.0
64244172,147,-9223.0
64254172,147,-9217.0
64264172,147,-9210.0
64274172,147,-9203.0
64284172,147,-9197.0
64294176,147,-9190.0
64304176,147,-9183.0
64314176,147,-9176.0
64324176,147,-9170.0
64334180,147,-9163.0
64344180,147,-9156.0
64354180,147,-9150.0
64364180,147,-9143.0
64374184,147,-9136.0
64384188,147,-9130.0
64394196,147,-9123.0
64404200,-218,-9117.0
64414208,-218,-9114.0
64424212,-218,-9117.0
64434220,-218,-9123.0
64444228,-218,-9130.0
64454236,-218,-9138.0
64464236,-218,-9146.0
64474240,-218,-9155.0
64484248,-218,-9165.0
64494252,-218,-9174.0
64504252,-218,-9184.0
64514260,-218,-9194.0
64524264,-218,-9203.0
64534268,-218,-9213.0
64544276,-218,-9223.0
64554284,-218,-9233.0
64564288,-218,-9243.0
64574292,-218,-9252.0
64584300,-218,-9262.0
64594300,-218,-9272.0
64604304,-218,-9282.0
64614308,-218,-9292.0
64624308,-218,-9301.0
64634308,-218,-9311.0
64644312,-218,-9321.0
64654320,-218,-9331.0
64664324,-218,-9340.0
64674332,-218,-9350.0
64684332,-218,-9360.0
64694336,-218,-9370.0
64704344,-218,-9380.0
64714352,-218,-9389.0
64724352,-218,-9399.0
64734356,-218,-9409.0
64744364,-218,-9419.0
64754368,-218,-9429.0
64764368,-218,-9438.0
64774376,-218,-9448.0
64784384,-218,-9458.0
64794388,-218,-9468.0
64804396,-218,-9478.0
64814396,-218,-9488.0
64824400,-218,-9497.0
64834404,-218,-9507.0
64844412,-218,-9517.0
64854412,-218,-9527.0
64864420,-218,-9537.0
64874424,-218,-9546.0
64884432,-218,-9556.0
64894436,-218,-9566.0
64904436,-218,-9576.0
64914444,-218,-9586.0
64924448,-218,-9595.0
64934456,-218,-9605.0
64944456,-218,-9615.0
64954460,-218,-9625.0
64964464,-218,-9635.0
64974472,-218,-9644.0
64984480,-218,-9654.0
64994484,-218,-9664.0
65004488,-218,-9674.0
65014496,-218,-9684.0
65024500,-218,-9693.0
65034500,-218,-9703.0
65044504,-218,-9713.0
65054508,-218,-9723.0
65064516,-218,-9733.0
65074516,-218,-9742.0
65084524,-218,-9752.0
65094532,-218,-9762.0
65104540,-150,-9772.0
65114540,-150,-9781.0
65124548,-150,-9789.0
65134556,-150,-9797.0
65144556,-150,-9804.0
65154564,-150,-9811.0
65164564,-150,-9818.0
65174564,-150,-9825.0
65184572,-150,-9832.0
65194580,-150,-9839.0
65204580,-150,-9846.0
65214580,-150,-9852.0
65224580,-150,-9859.0
65234588,-150,-9866.0
65244588,-150,-9873.0
65254588,-150,-9879.0
65264596,-150,-9886.0
65274596,-150,-9893.0
65284604,-150,-9899.0
65294604,-150,-9906.0
65304604,-150,-9913.0
65314612,-150,-9920.0
65324612,-150,-9926.0
65334612,-150,-9933.0
65344612,-150,-9940.0
65354620,-150,-9946.0
65364628,-150,-9953.0
65374632,-150,-9960.0
65384640,-150,-9967.0
65394648,-150,-9973.0
65404648,-150,-9980.0
65414656,-150,-9987.0
65424660,-150,-9993.0
65434668,-150,-10000.0
65444676,-150,-10007.0
65454684,-150,-10014.0
65464684,-150,-10020.0
65474684,-150,-10027.0
65484692,-150,-10034.0
65494692,-150,-10040.0
65504696,-150,-10047.0
65514704,-150,-10054.0
65524704,-150,-10061.0
65534704,-150,-10067.0
65544704,-150,-10074.0
65554704,-150,-10081.0
65564708,-150,-10087.0
65574716,-150,-10094.0
65584720,-150,-10101.0
65594720,-150,-10108.0
65604728,-150,-10114.0
65614732,-150,-10121.0
65624740,-150,-10128.0
65634740,-150,-10134.0
65644744,-150,-10141.0
65654752,-150,-10148.0
65664756,-150,-10155.0
65674764,-150,-10161.0
65684764,-150,-10168.0
65694768,-150,-10175.0
65704776,-150,-10182.0
65714780,-150,-10188.0
65724784,-150,-10195.0
65734792,-150,-10202.0
65744800,-150,-10208.0
65754804,-150,-10215.0
65764804,-150,-10222.0
65774812,-150,-10229.0
65784816,-150,-10235.0
65794824,-150,-10242.0
65804832,-183,-10249.0
65814836,-183,-10256.0
65824844,-183,-10263.0
65834848,-183,-10271.0
65844852,-183,-10279.0
65854860,-183,-10287.0
65864864,-183,-10295.0
65874868,-183,-10303.0
65884876,-183,-10312.0
65894888,-183,-10320.0
65904888,-183,-10328.0
65914892,-183,-10336.0
65924896,-183,-10344.0
65934900,-183,-10353.0
65944900,-183,-10361.0
65954908,-183,-10369.0
65964912,-183,-10377.0
65974916,-183,-10386.0
65984916,-183,-10394.0
65994920,-183,-10402.0
66004924,-183,-10410.0
66014928,-183,-10419.0
66024928,-183,-10427.0
66034932,-183,-10435.0
66044940,-183,-10443.0
66054944,-183,-10452.0
66064948,-183,-10460.0
66074956,-183,-10468.0
66084960,-183,-10476.0
66094964,-183,-10485.0
66104968,-183,-10493.0
66114968,-183,-10501.0
66124972,-183,-10509.0
66134976,-183,-10518.0
66144984,-183,-10526.0
66154988,-183,-10534.0
66164988,-183,-10542.0
66174992,-183,-10550.0
66185000,-183,-10559.0
66195004,-183,-10567.0
66205004,-183,-10575.0
66215008,-183,-10583.0
66225016,-183,-10592.0
66235020,-183,-10600.0
66245020,-183,-10608.0
66255024,-183,-10616.0
66265028,-183,-10625.0
66275036,-183,-10633.0
66285040,-183,-10641.0
66295040,-183,-10649.0
66305044,-183,-10657.0
66315048,-183,-10666.0
66325056,-183,-10674.0
66335056,-183,-10682.0
66345060,-183,-10690.0
66355064,-183,-10699.0
66365064,-183,-10707.0
66375064,-183,-10715.0
66385068,-183,-10723.0
66395072,-183,-10732.0
66405080,-183,-10740.0
66415088,-183,-10748.0
66425088,-183,-10756.0
66435092,-183,-10765.0
66445096,-183,-10773.0
66455104,-183,-10781.0
66465104,-183,-10789.0
66475108,-183,-10798.0
66485108,-183,-10806.0
66495112,-183,-10814.0
66505112,-233,-10822.0
66515120,-233,-10831.0
66525128,-233,-10840.0
66535132,-233,-10850.0
66545136,-233,-10860.0
66555136,-233,-10870.0
66565144,-233,-10881.0
66575144,-233,-10891.0
66585148,-233,-10901.0
66595148,-233,-10912.0
66605152,-233,-10922.0
66615152,-233,-10933.0
66625160,-233,-10943.0
66635164,-233,-10954.0
66645172,-233,-10964.0
66655176,-233,-10975.0
66665180,-233,-10985.0
66675184,-233,-10996.0
66685184,-233,-11006.0
66695188,-233,-11017.0
66705192,-233,-11027.0
66715196,-233,-11038.0
66725200,-233,-11048.0
66735200,-233,-11059.0
66745208,-233,-11069.0
66755212,-233,-11080.0
66765220,-233,-11090.0
66775224,-233,-11101.0
66785228,-233,-11111.0
66795232,-233,-11122.0
66805240,-233,-11132.0
66815248,-233,-11143.0
66825256,-233,-11153.0
66835260,-233,-11164.0
66845264,-233,-11174.0
66855264,-233,-11185.0
66865268,-233,-11195.0
66875276,-233,-11206.0
66885280,-233,-11216.0
66895284,-233,-11227.0
66905288,-233,-11237.0
66915292,-233,-11248.0
66925296,-233,-11258.0
66935304,-233,-11269.0
66945312,-233,-11279.0
66955328,-233,-11290.0
66965332,-233,-11300.0
66975348,-233,-11311.0
66985348,-233,-11321.0
66995360,-233,-11332.0
67005368,-233,-11342.0
67015384,-233,-11353.0
67025388,-233,-11363.0
67035396,-233,-11374.0
67045404,-233,-11384.0
67055408,-233,-11395.0
67065416,-233,-11405.0
67075416,-233,-11416.0
67085420,-233,-11426.0
67095424,-233,-11437.0
67105428,-233,-11447.0
67115428,-233,-11457.0
67125436,-233,-11468.0
67135444,-233,-11478.0
67145448,-233,-11489.0
67155456,-233,-11499.0
67165456,-233,-11510.0
67175460,-233,-11520.0
67185464,-233,-11531.0
67195472,-233,-11541.0
67205480,-106,-11552.0
67215484,-106,-11561.0
67225488,-106,-11568.0
67235492,-106,-11575.0
67245496,-106,-11581.0
67255504,-106,-11586.0
67265512,-106,-11591.0
67275520,-106,-11596.0
67285528,-106,-11601.0
67295528,-106,-11606.0
67305536,-106,-11611.0
67315544,-106,-11615.0
67325552,-106,-11620.0
67335556,-106,-11625.0
67345572,-106,-11630.0
67355572,-106,-11634.0
67365580,-106,-11639.0
67375580,-106,-11644.0
67385580,-106,-11648.0
67395588,-106,-11653.0
67405596,-106,-11658.0
67415604,-106,-11663.0
67425608,-106,-11667.0
67435612,-106,-11672.0
67445612,-106,-11677.0
67455620,-106,-11682.0
67465624,-106,-11686.0
67475632,-106,-11691.0
67485640,-106,-11696.0
67495648,-106,-11701.0
67505656,-106,-11705.0
67515656,-106,-11710.0
67525656,-106,-11715.0
67535656,-106,-11720.0
67545664,-106,-11724.0
67555664,-106,-11729.0
67565672,-106,-11734.0
67575672,-106,-11739.0
67585672,-106,-11743.0
67595672,-106,-11748.0
67605680,-106,-11753.0
67615688,-106,-11758.0
67625696,-106,-11762.0
67635700,-106,-11767.0
67645704,-106,-11772.0
67655712,-106,-11777.0
67665720,-106,-11781.0
67675728,-106,-11786.0
67685732,-106,-11791.0
67695740,-106,-11795.0
67705740,-106,-11800.0
67715748,-106,-11805.0
67725748,-106,-11810.0
67735748,-106,-11814.0
67745748,-106,-11819.0
67755756,-106,-11824.0
67765756,-106,-11829.0
67775760,-106,-11833.0
67785768,-106,-11838.0
67795768,-106,-11843.0
67805776,-106,-11848.0
67815776,-106,-11852.0
67825776,-106,-11857.0
67835776,-106,-11862.0
67845784,-106,-11867.0
67855784,-106,-11871.0
67865784,-106,-11876.0
67875788,-106,-11881.0
67885788,-106,-11886.0
67895796,-106,-11890.0
67905800,224,-11895.0
67915804,224,-11894.0
67925808,224,-11890.0
67935808,224,-11884.0
67945812,224,-11876.0
67955812,224,-11867.0
67965820,224,-11857.0
67975820,224,-11848.0
67985820,224,-11838.0
67995820,224,-11828.0
68005820,224,-11818.0
68015824,224,-11808.0
68025832,224,-11798.0
68035836,224,-11788.0
68045844,224,-11778.0
68055852,224,-11768.0
68065856,224,-11757.0
68075860,224,-11747.0
68085868,224,-11737.0
68095876,224,-11727.0
68105876,224,-11717.0
68115876,224,-11706.0
68125876,224,-11696.0
68135884,224,-11686.0
68145892,224,-11676.0
68155892,224,-11666.0
68165892,224,-11655.0
68175900,224,-11645.0
68185908,224,-11635.0
68195916,224,-11625.0
68205916,224,-11615.0
68215924,224,-11604.0
68225932,224,-11594.0
68235936,224,-11584.0
68245940,224,-11574.0
68255948,224,-11563.0
68265956,224,-11553.0
68275964,224,-11543.0
68285968,224,-11533.0
68295972,224,-11522.0
68305980,224,-11512.0
68315988,224,-11502.0
68325988,224,-11492.0
68335988,224,-11482.0
68345988,224,-11471.0
68355996,224,-11461.0
68366004,224,-11451.0
68376004,224,-11441.0
68386012,224,-11430.0
68396020,224,-11420.0
68406020,224,-11410.0
68416024,224,-11400.0
68426028,224,-11390.0
68436032,224,-11379.0
68446032,224,-11369.0
68456040,224,-11359.0
68466040,224,-11349.0
68476040,224,-11339.0
68486048,224,-11328.0
68496052,224,-11318.0
68506052,224,-11308.0
68516052,224,-11298.0
68526056,224,-11287.0
68536056,224,-11277.0
68546064,224,-11267.0
68556064,224,-11257.0
68566064,224,-11247.0
68576068,224,-11236.0
68586076,224,-11226.0
68596080,224,-11216.0
68606088,-142,-11206.0
68616096,-142,-11202.0
68626104,-142,-11201.0
68636108,-142,-11204.0
68646116,-142,-11208.0
68656116,-142,-11213.0
68666120,-142,-11218.0
68676128,-142,-11224.0
68686128,-142,-11230.0
68696128,-142,-11236.0
68706132,-142,-11243.0
68716132,-142,-11249.0
68726136,-142,-11255.0
68736144,-142,-11262.0
68746148,-142,-11268.0
68756148,-142,-11274.0
68766148,-142,-11281.0
68776148,-142,-11287.0
68786156,-142,-11293.0
68796164,-142,-11300.0
68806172,-142,-11306.0
68816176,-142,-11312.0
68826180,-142,-11319.0
68836188,-142,-11325.0
68846192,-142,-11332.0
68856192,-142,-11338.0
68866192,-142,-11344.0
68876196,-142,-11351.0
68886204,-142,-11357.0
68896204,-142,-11363.0
68906212,-142,-11370.0
68916216,-142,-11376.0
68926224,-142,-11383.0
68936232,-142,-11389.0
68946232,-142,-11395.0
68956240,-142,-11402.0
68966248,-142,-11408.0
68976256,-142,-11414.0
68986256,-142,-11421.0
68996256,-142,-11427.0
69006260,-142,-11434.0
69016260,-142,-11440.0
69026260,-142,-11446.0
69036268,-142,-11453.0
69046276,-142,-11459.0
69056276,-142,-11465.0
69066284,-142,-11472.0
69076284,-142,-11478.0
69086284,-142,-11484.0
69096292,-142,-11491.0
69106300,-142,-11497.0
69116304,-142,-11504.0
69126312,-142,-11510.0
69136312,-142,-11516.0
69146320,-142,-11523.0
69156324,-142,-11529.0
69166328,-142,-11535.0
69176332,-142,-11542.0
69186340,-142,-11548.0
69196348,-142,-11555.0
69206348,-142,-11561.0
69216348,-142,-11567.0
69226352,-142,-11574.0
69236352,-142,-11580.0
69246352,-142,-11586.0
69256360,-142,-11593.0
69266368,-142,-11599.0
69276376,-142,-11605.0
69286384,-142,-11612.0
69296384,-142,-11618.0
69306392,-170,-11625.0
69316400,-170,-11631.0
69326408,-170,-11638.0
69336408,-170,-11646.0
69346412,-170,-11653.0
69356420,-170,-11661.0
69366428,-170,-11668.0
69376428,-170,-11676.0
69386432,-170,-11683.0
69396440,-170,-11691.0
69406448,-170,-11699.0
69416456,-170,-11706.0
69426456,-170,-11714.0
69436464,-170,-11722.0
69446472,-170,-11729.0
69456480,-170,-11737.0
69466480,-170,-11745.0
69476488,-170,-11752.0
69486492,-170,-11760.0
69496500,-170,-11768.0
69506500,-170,-11775.0
69516508,-170,-11783.0
69526516,-170,-11791.0
69536524,-170,-11798.0
69546528,-170,-11806.0
69556532,-170,-11814.0
69566540,-170,-11821.0
69576548,-170,-11829.0
69586556,-170,-11837.0
69596556,-170,-11844.0
69606556,-170,-11852.0
69616560,-170,-11860.0
69626560,-170,-11867.0
69636560,-170,-11875.0
69646564,-170,-11883.0
69656572,-170,-11890.0
69666576,-170,-11898.0
69676584,-170,-11906.0
69686584,-170,-11913.0
69696588,-170,-11921.0
69706596,-170,-11929.0
69716604,-170,-11936.0
69726604,-170,-11944.0
69736608,-170,-11952.0
69746616,-170,-11959.0
69756624,-170,-11967.0
69766632,-170,-11975.0
69776632,-170,-11982.0
69786640,-170,-11990.0
69796644,-170,-11998.0
69806652,-170,-12006.0
69816652,-170,-12013.0
69826656,-170,-12021.0
69836660,-170,-12029.0
69846660,-170,-12036.0
69856660,-170,-12044.0
69866664,-170,-12052.0
69876672,-170,-12059.0
69886680,-170,-12067.0
69896688,-170,-12075.0
69906688,-170,-12082.0
69916692,-170,-12090.0
69926692,-170,-12098.0
69936696,-170,-12105.0
69946700,-170,-12113.0
69956704,-170,-12121.0
69966704,-170,-12128.0
69976712,-170,-12136.0
69986712,-170,-12144.0
69996712,-170,-12151.0
70006720,218,-12159.0
70016724,218,-12161.0
70026728,218,-12158.0
70036732,218,-12152.0
70046736,218,-12144.0
70056736,218,-12136.0
70066744,218,-12127.0
70076748,218,-12118.0
70086748,218,-12108.0
70096748,218,-12099.0
70106756,218,-12089.0
70116760,218,-12079.0
70126760,218,-12069.0
70136768,218,-12060.0
70146768,218,-12050.0
70156776,218,-12040.0
70166776,218,-12030.0
70176776,218,-12020.0
70186784,218,-12010.0
70196792,218,-12000.0
70206796,218,-11990.0
70216796,218,-11980.0
70226804,218,-11970.0
70236804,218,-11960.0
70246808,218,-11950.0
70256812,218,-11940.0
70266812,218,-11931.0
70276812,218,-11921.0
70286820,218,-11911.0
70296824,218,-11901.0
70306824,218,-11891.0
70316824,218,-11881.0
70326832,218,-11871.0
70336836,218,-11861.0
70346836,218,-11851.0
70356836,218,-11841.0
70366844,218,-11831.0
70376848,218,-11821.0
70386848,218,-11811.0
70396848,218,-11801.0
70406848,218,-11791.0
70416852,218,-11782.0
70426860,218,-11772.0
70436868,218,-11762.0
70446876,218,-11752.0
70456876,218,-11742.0
70466876,218,-11732.0
70476884,218,-11722.0
70486888,218,-11712.0
70496888,218,-11702.0
70506888,218,-11692.0
70516896,218,-11682.0
70526904,218,-11672.0
70536912,218,-11662.0
70546920,218,-11652.0
70556924,218,-11642.0
70566932,218,-11633.0
70576940,218,-11623.0
70586948,218,-11613.0
70596952,218,-11603.0
70606960,218,-11593.0
70616968,218,-11583.0
70626976,218,-11573.0
70636980,218,-11563.0
70646988,218,-11553.0
70656996,218,-11543.0
70667004,218,-11533.0
70677012,218,-11523.0
70687012,218,-11513.0
70697012,218,-11503.0
70707012,-147,-11494.0
70717012,-147,-11490.0
70727020,-147,-11490.0
70737020,-147,-11494.0
70747020,-147,-11498.0
70757028,-147,-11504.0
70767032,-147,-11510.0
70777032,-147,-11516.0
70787040,-147,-11522.0
70797048,-147,-11529.0
70807052,-147,-11535.0
70817056,-147,-11542.0
70827064,-147,-11548.0
70837068,-147,-11555.0
70847068,-147,-11561.0
70857068,-147,-11568.0
70867076,-147,-11575.0
70877084,-147,-11581.0
70887092,-147,-11588.0
70897092,-147,-11594.0
70907092,-147,-11601.0
70917096,-147,-11608.0
70927096,-147,-11614.0
70937104,-147,-11621.0
70947108,-147,-11627.0
70957116,-147,-11634.0
70967124,-147,-11641.0
70977132,-147,-11647.0
70987132,-147,-11654.0
70997140,-147,-11660.0
71007148,-147,-11667.0
71017156,-147,-11674.0
71027160,-147,-11680.0
71037168,-147,-11687.0
71047168,-147,-11693.0
71057172,-147,-11700.0
71067172,-147,-11707.0
71077176,-147,-11713.0
71087184,-147,-11720.0
71097192,-147,-11726.0
71107200,-147,-11733.0
71117200,-147,-11740.0
71127200,-147,-11746.0
71137204,-147,-11753.0
71147204,-147,-11759.0
71157208,-147,-11766.0
71167216,-147,-11773.0
71177216,-147,-11779.0
71187216,-147,-11786.0
71197224,-147,-11792.0
71207224,-147,-11799.0
71217224,-147,-11806.0
71227232,-147,-11812.0
71237240,-147,-11819.0
71247244,-147,-11825.0
71257252,-147,-11832.0
71267252,-147,-11839.0
71277260,-147,-11845.0
71287260,-147,-11852.0
71297260,-147,-11858.0
71307268,-147,-11865.0
71317276,-147,-11871.0
71327284,-147,-11878.0
71337288,-147,-11885.0
71347296,-147,-11891.0
71357304,-147,-11898.0
71367304,-147,-11904.0
71377304,-147,-11911.0
71387304,-147,-11918.0
71397304,-147,-11924.0
71407304,230,-11930.0
71417304,230,-11930.0
71427308,230,-11926.0
71437312,230,-11919.0
71447312,230,-11911.0
71457312,230,-11902.0
71467316,230,-11893.0
71477316,230,-11883.0
71487324,230,-11873.0
71497324,230,-11863.0
71507324,230,-11852.0
71517324,230,-11842.0
71527324,230,-11832.0
71537332,230,-11821.0
71547336,230,-11811.0
71557336,230,-11800.0
71567336,230,-11790.0
71577336,230,-11779.0
71587336,230,-11769.0
71597340,230,-11758.0
71607340,230,-11748.0
71617340,230,-11737.0
71627348,230,-11727.0
71637352,230,-11717.0
71647352,230,-11706.0
71657352,230,-11696.0
71667352,230,-11685.0
71677356,230,-11675.0
71687356,230,-11664.0
71697356,230,-11654.0
71707364,230,-11643.0
71717372,230,-11633.0
71727372,230,-11622.0
71737372,230,-11612.0
71747380,230,-11601.0
71757388,230,-11591.0
71767388,230,-11580.0
71777388,230,-11570.0
71787396,230,-11559.0
71797404,230,-11549.0
71807404,230,-11538.0
71817404,230,-11528.0
71827404,230,-11517.0
71837412,230,-11507.0
71847412,230,-11496.0
71857412,230,-11486.0
71867412,230,-11475.0
71877412,230,-11465.0
71887420,230,-11454.0
71897424,230,-11444.0
71907424,230,-11434.0
71917432,230,-11423.0
71927432,230,-11413.0
71937436,230,-11402.0
71947444,230,-11392.0
71957452,230,-11381.0
71967452,230,-11371.0
71977460,230,-11360.0
71987464,230,-11350.0
71997472,230,-11339.0
72007472,230,-11329.0
72017480,230,-11318.0
72027480,230,-11308.0
72037480,230,-11297.0
72047480,230,-11287.0
72057488,230,-11276.0
72067492,230,-11266.0
72077500,230,-11255.0
72087508,230,-11245.0
72097516,230,-11234.0
72107524,-218,-11225.0
72117524,-218,-11222.0
72127524,-218,-11224.0
72137532,-218,-11229.0
72147540,-218,-11236.0
72157540,-218,-11244.0
72167544,-218,-11253.0
72177552,-218,-11262.0
72187556,-218,-11271.0
72197556,-218,-11281.0
72207560,-218,-11291.0
72217568,-218,-11300.0
72227572,-218,-11310.0
72237580,-218,-11320.0
72247580,-218,-11329.0
72257584,-218,-11339.0
72267592,-218,-11349.0
72277596,-218,-11359.0
72287596,-218,-11369.0
72297604,-218,-11378.0
72307608,-218,-11388.0
72317612,-218,-11398.0
72327612,-218,-11408.0
72337620,-218,-11418.0
72347624,-218,-11427.0
72357628,-218,-11437.0
72367636,-218,-11447.0
72377636,-218,-11457.0
72387640,-218,-11467.0
72397644,-218,-11476.0
72407652,-218,-11486.0
72417652,-218,-11496.0
72427656,-218,-11506.0
72437660,-218,-11516.0
72447660,-218,-11525.0
72457660,-218,-11535.0
72467664,-218,-11545.0
72477668,-218,-11555.0
72487688,-218,-11565.0
72497692,-218,-11574.0
72507692,-218,-11584.0
72517696,-218,-11594.0
72527704,-218,-11604.0
72537708,-218,-11613.0
72547708,-218,-11623.0
72557712,-218,-11633.0
72567720,-218,-11643.0
72577724,-218,-11653.0
72587724,-218,-11663.0
72597732,-218,-11672.0
72607740,-218,-11682.0
72617744,-218,-11692.0
72627752,-218,-11702.0
72637752,-218,-11712.0
72647760,-218,-11721.0
72657764,-218,-11731.0
72667772,-218,-11741.0
72677772,-218,-11751.0
72687780,-218,-11761.0
72697784,-218,-11770.0
72707792,-218,-11780.0
72717800,-218,-11790.0
72727800,-218,-11800.0
72737804,-218,-11810.0
72747812,-218,-11819.0
72757816,-218,-11829.0
72767816,-218,-11839.0
72777816,-218,-11849.0
72787820,-218,-11859.0
72797828,-218,-11868.0
72807828,-138,-11878.0
72817832,-138,-11887.0
72827832,-138,-11894.0
72837840,-138,-11902.0
72847848,-138,-11908.0
72857848,-138,-11915.0
72867848,-138,-11921.0
72877852,-138,-11928.0
72887852,-138,-11934.0
72897856,-138,-11940.0
72907856,-138,-11946.0
72917864,-138,-11953.0
72927864,-138,-11959.0
72937868,-138,-11965.0
72947876,-138,-11971.0
72957876,-138,-11977.0
72967884,-138,-11984.0
72977884,-138,-11990.0
72987884,-138,-11996.0
72997884,-138,-12002.0
73007892,-138,-12008.0
73017900,-138,-12014.0
73027900,-138,-12021.0
73037900,-138,-12027.0
73047908,-138,-12033.0
73057908,-138,-12039.0
73067908,-138,-12045.0
73077908,-138,-12052.0
73087916,-138,-12058.0
73097916,-138,-12064.0
73107920,-138,-12070.0
73117928,-138,-12076.0
73127928,-138,-12083.0
73137936,-138,-12089.0
73147944,-138,-12095.0
73157948,-138,-12101.0
73167956,-138,-12107.0
73177956,-138,-12114.0
73187964,-138,-12120.0
73197968,-138,-12126.0
73207968,-138,-12132.0
73217968,-138,-12138.0
73227976,-138,-12145.0
73237980,-138,-12151.0
73247988,-138,-12157.0
73257988,-138,-12163.0
73267996,-138,-12169.0
73277996,-138,-12176.0
73287996,-138,-12182.0
73297996,-138,-12188.0
73307996,-138,-12194.0
73317996,-138,-12200.0
73328000,-138,-12207.0
73338008,-138,-12213.0
73348016,-138,-12219.0
73358024,-138,-12225.0
73368028,-138,-12231.0
73378028,-138,-12237.0
73388036,-138,-12244.0
73398044,-138,-12250.0
73408044,-138,-12256.0
73418044,-138,-12262.0
73428052,-138,-12268.0
73438060,-138,-12275.0
73448060,-138,-12281.0
73458060,-138,-12287.0
73468060,-138,-12293.0
73478068,-138,-12299.0
73488076,-138,-12306.0
73498076,-138,-12312.0
73508076,-229,-12318.0
73518076,-229,-12326.0
73528084,-229,-12334.0
73538100,-229,-12344.0
73548100,-229,-12353.0
73558108,-229,-12363.0
73568116,-229,-12373.0
73578120,-229,-12383.0
73588120,-229,-12393.0
73598128,-229,-12404.0
73608136,-229,-12414.0
73618140,-229,-12424.0
73628144,-229,-12434.0
73638144,-229,-12445.0
73648152,-229,-12455.0
73658156,-229,-12465.0
73668164,-229,-12475.0
73678164,-229,-12486.0
73688168,-229,-12496.0
73698172,-229,-12506.0
73708180,-229,-12517.0
73718180,-229,-12527.0
73728188,-229,-12537.0
73738188,-229,-12548.0
73748196,-229,-12558.0
73758200,-229,-12568.0
73768200,-229,-12579.0
73778204,-229,-12589.0
73788208,-229,-12599.0
73798212,-229,-12609.0
73808212,-229,-12620.0
73818216,-229,-12630.0
73828224,-229,-12640.0
73838228,-229,-12651.0
73848228,-229,-12661.0
73858236,-229,-12671.0
73868240,-229,-12682.0
73878244,-229,-12692.0
73888252,-229,-12702.0
73898252,-229,-12713.0
73908256,-229,-12723.0
73918264,-229,-12733.0
73928272,-229,-12743.0
73938280,-229,-12754.0
73948284,-229,-12764.0
73958292,-229,-12774.0
73968300,-229,-12785.0
73978300,-229,-12795.0
73988308,-229,-12805.0
73998308,-229,-12816.0
74008316,-229,-12826.0
74018320,-229,-12836.0
74028328,-229,-12847.0
74038332,-229,-12857.0
74048336,-229,-12867.0
74058340,-229,-12877.0
74068340,-229,-12888.0
74078344,-229,-12898.0
74088348,-229,-12908.0
74098352,-229,-12919.0
74108352,-229,-12929.0
74118356,-229,-12939.0
74128364,-229,-12950.0
74138368,-229,-12960.0
74148372,-229,-12970.0
74158372,-229,-12980.0
74168376,-229,-12991.0
74178380,-229,-13001.0
74188388,-229,-13011.0
74198388,-229,-13022.0
74208396,244,-13031.0
74218400,244,-13033.0
74228404,244,-13030.0
74238408,244,-13023.0
74248408,244,-13015.0
74258412,244,-13005.0
74268412,244,-12995.0
74278416,244,-12985.0
74288416,244,-12974.0
74298424,244,-12964.0
74308428,244,-12953.0
74318428,244,-12942.0
74328428,244,-12931.0
74338432,244,-12920.0
74348440,244,-12909.0
74358448,244,-12898.0
74368448,244,-12887.0
74378452,244,-12876.0
74388460,244,-12864.0
74398464,244,-12853.0
74408472,244,-12842.0
74418472,244,-12831.0
74428480,244,-12820.0
74438484,244,-12809.0
74448492,244,-12798.0
74458492,244,-12787.0
74468500,244,-12775.0
74478508,244,-12764.0
74488508,244,-12753.0
74498508,244,-12742.0
74508508,244,-12731.0
74518516,244,-12720.0
74528524,244,-12709.0
74538532,244,-12698.0
74548532,244,-12686.0
74558540,244,-12675.0
74568540,244,-12664.0
74578544,244,-12653.0
74588548,244,-12642.0
74598552,244,-12631.0
74608552,244,-12620.0
74618568,244,-12608.0
74628572,244,-12597.0
74638580,244,-12586.0
74648588,244,-12575.0
74658588,244,-12564.0
74668592,244,-12553.0
74678596,244,-12542.0
74688596,244,-12531.0
74698604,244,-12519.0
74708612,244,-12508.0
74718616,244,-12497.0
74728624,244,-12486.0
74738632,244,-12475.0
74748640,244,-12464.0
74758640,244,-12453.0
74768640,244,-12442.0
74778644,244,-12430.0
74788652,244,-12419.0
74798660,244,-12408.0
74808660,244,-12397.0
74818660,244,-12386.0
74828664,244,-12375.0
74838664,244,-12364.0
74848664,244,-12353.0
74858664,244,-12342.0
74868672,244,-12330.0
74878680,244,-12319.0
74888688,244,-12308.0
74898688,244,-12297.0
74908696,153,-12286.0
74918704,153,-12276.0
74928704,153,-12268.0
74938708,153,-12259.0
74948708,153,-12252.0
74958712,153,-12244.0
74968712,153,-12237.0
74978716,153,-12230.0
74988716,153,-12223.0
74998720,153,-12216.0
75008720,153,-12209.0
75018732,153,-12202.0
75028736,153,-12195.0
75038736,153,-12188.0
75048740,153,-12181.0
75058740,153,-12174.0
75068744,153,-12167.0
75078748,153,-12160.0
75088748,153,-12153.0
75098748,153,-12146.0
75108756,153,-12139.0
75118760,153,-12132.0
75128760,153,-12125.0
75138764,153,-12119.0
75148776,153,-12112.0
75158784,153,-12105.0
75168788,153,-12098.0
75178788,153,-12091.0
75188792,153,-12084.0
75198796,153,-12077.0
75208800,153,-12070.0
75218800,153,-12063.0
75228800,153,-12056.0
75238808,153,-12049.0
75248808,153,-12042.0
75258808,153,-12035.0
75268808,153,-12028.0
75278812,153,-12021.0
75288816,153,-12014.0
75298816,153,-12007.0
75308816,153,-12000.0
75318816,153,-11993.0
75328824,153,-11986.0
75338824,153,-11979.0
75348828,153,-11973.0
75358832,153,-11966.0
75368840,153,-11959.0
75378840,153,-11952.0
75388840,153,-11945.0
75398840,153,-11938.0
75408844,153,-11931.0
75418848,153,-11924.0
75428848,153,-11917.0
75438848,153,-11910.0
75448848,153,-11903.0
75458856,153,-11896.0
75468856,153,-11889.0
75478856,153,-11882.0
75488856,153,-11875.0
75498864,153,-11868.0
75508864,153,-11861.0
75518868,153,-11854.0
75528872,153,-11847.0
75538876,153,-11841.0
75548876,153,-11834.0
75558880,153,-11827.0
75568880,153,-11820.0
75578880,153,-11813.0
75588888,153,-11806.0
75598888,153,-11799.0
75608892,-195,-11793.0
75618892,-195,-11794.0
75628896,-195,-11798.0
75638896,-195,-11804.0
75648904,-195,-11811.0
75658912,-195,-11818.0
75668916,-195,-11826.0
75678924,-195,-11834.0
75688932,-195,-11843.0
75698940,-195,-11851.0
75708944,-195,-11860.0
75718948,-195,-11869.0
75728956,-195,-11877.0
75738964,-195,-11886.0
75748968,-195,-11895.0
75758972,-195,-11904.0
75768972,-195,-11912.0
75778980,-195,-11921.0
75788984,-195,-11930.0
75798984,-195,-11939.0
75808992,-195,-11948.0
75819000,-195,-11956.0
75829008,-195,-11965.0
75839016,-195,-11974.0
75849016,-195,-11983.0
75859016,-195,-11991.0
75869024,-195,-12000.0
75879028,-195,-12009.0
75889028,-195,-12018.0
75899036,-195,-12027.0
75909044,-195,-12035.0
75919052,-195,-12044.0
75929052,-195,-12053.0
75939060,-195,-12062.0
75949060,-195,-12070.0
75959068,-195,-12079.0
75969076,-195,-12088.0
75979076,-195,-12097.0
75989076,-195,-12106.0
75999084,-195,-12114.0
76009092,-195,-12123.0
76019092,-195,-12132.0
76029092,-195,-12141.0
76039100,-195,-12149.0
76049108,-195,-12158.0
76059112,-195,-12167.0
76069112,-195,-12176.0
76079112,-195,-12184.0
76089120,-195,-12193.0
76099124,-195,-12202.0
76109128,-195,-12211.0
76119144,-195,-12220.0
76129152,-195,-12228.0
76139160,-195,-12237.0
76149160,-195,-12246.0
76159168,-195,-12255.0
76169168,-195,-12263.0
76179172,-195,-12272.0
76189172,-195,-12281.0
76199172,-195,-12290.0
76209180,-195,-12298.0
76219188,-195,-12307.0
76229192,-195,-12316.0
76239196,-195,-12325.0
76249204,-195,-12334.0
76259212,-195,-12342.0
76269216,-195,-12351.0
76279220,-195,-12360.0
76289224,-195,-12369.0
76299232,-195,-12377.0
76309240,178,-12385.0
76319244,178,-12386.0
76329244,178,-12383.0
76339248,178,-12378.0
76349248,178,-12372.0
76359248,178,-12365.0
76369256,178,-12357.0
76379256,178,-12350.0
76389256,178,-12342.0
76399256,178,-12334.0
76409264,178,-12326.0
76419264,178,-12318.0
76429264,178,-12310.0
76439264,178,-12302.0
76449264,178,-12294.0
76459272,178,-12286.0
76469272,178,-12278.0
76479272,178,-12270.0
76489276,178,-12262.0
76499280,178,-12253.0
76509280,178,-12245.0
76519280,178,-12237.0
76529280,178,-12229.0
76539284,178,-12221.0
76549284,178,-12213.0
76559284,178,-12205.0
76569284,178,-12197.0
76579292,178,-12189.0
76589292,178,-12181.0
76599292,178,-12173.0
76609292,178,-12164.0
76619292,178,-12156.0
76629296,178,-12148.0
76639300,178,-12140.0
76649300,178,-12132.0
76659300,178,-12124.0
76669308,178,-12116.0
76679308,178,-12108.0
76689308,178,-12100.0
76699312,178,-12092.0
76709316,178,-12083.0
76719316,178,-12075.0
76729316,178,-12067.0
76739316,178,-12059.0
76749320,178,-12051.0
76759324,178,-12043.0
76769324,178,-12035.0
76779324,178,-12027.0
76789328,178,-12019.0
76799332,178,-12011.0
76809336,178,-12002.0
76819344,178,-11994.0
76829344,178,-11986.0
76839348,178,-11978.0
76849348,178,-11970.0
76859348,178,-11962.0
76869348,178,-11954.0
76879348,178,-11946.0
76889352,178,-11938.0
76899352,178,-11930.0
76909352,178,-11921.0
76919352,178,-11913.0
76929356,178,-11905.0
76939356,178,-11897.0
76949356,178,-11889.0
76959356,178,-11881.0
76969360,178,-11873.0
76979360,178,-11865.0
76989360,178,-11857.0
76999360,178,-11849.0
77009364,-109,-11842.0
77019364,-109,-11840.0
77029364,-109,-11841.0
77039364,-109,-11844.0
77049372,-109,-11848.0
77059376,-109,-11852.0
77069384,-109,-11856.0
77079392,-109,-11861.0
77089392,-109,-11865.0
77099392,-109,-11870.0
77109392,-109,-11875.0
77119392,-109,-11880.0
77129400,-109,-11885.0
77139404,-109,-11890.0
77149412,-109,-11894.0
77159412,-109,-11899.0
77169420,-109,-11904.0
77179420,-109,-11909.0
77189420,-109,-11914.0
77199420,-109,-11919.0
77209420,-109,-11924.0
77219420,-109,-11929.0
77229424,-109,-11933.0
77239424,-109,-11938.0
77249432,-109,-11943.0
77259432,-109,-11948.0
77269436,-109,-11953.0
77279436,-109,-11958.0
77289436,-109,-11963.0
77299436,-109,-11968.0
77309436,-109,-11972.0
77319440,-109,-11977.0
77329440,-109,-11982.0
77339440,-109,-11987.0
77349440,-109,-11992.0
77359444,-109,-11997.0
77369444,-109,-12002.0
77379452,-109,-12007.0
77389460,-109,-12012.0
77399464,-109,-12016.0
77409472,-109,-12021.0
77419472,-109,-12026.0
77429480,-109,-12031.0
77439480,-109,-12036.0
77449484,-109,-12041.0
77459492,-109,-12046.0
77469492,-109,-12051.0
77479500,-109,-12055.0
77489504,-109,-12060.0
77499512,-109,-12065.0
77509512,-109,-12070.0
77519512,-109,-12075.0
77529516,-109,-12080.0
77539524,-109,-12085.0
77549524,-109,-12090.0
77559532,-109,-12095.0
77569532,-109,-12099.0
77579536,-109,-12104.0
77589544,-109,-12109.0
77599544,-109,-12114.0
77609544,-109,-12119.0
77619548,-109,-12124.0
77629556,-109,-12129.0
77639556,-109,-12134.0
77649556,-109,-12139.0
77659560,-109,-12143.0
77669560,-109,-12148.0
77679560,-109,-12153.0
77689560,-109,-12158.0
77699560,-109,-12163.0
77709560,245,-12166.0
77719564,245,-12163.0
77729568,245,-12157.0
77739568,245,-12149.0
77749576,245,-12140.0
77759576,245,-12131.0
77769576,245,-12120.0
77779576,245,-12110.0
77789576,245,-12099.0
77799576,245,-12088.0
77809576,245,-12077.0
77819576,245,-12066.0
77829576,245,-12055.0
77839576,245,-12044.0
77849580,245,-12033.0
77859580,245,-12022.0
77869588,245,-12011.0
77879588,245,-11999.0
77889588,245,-11988.0
77899596,245,-11977.0
77909596,245,-11966.0
77919596,245,-11955.0
77929596,245,-11944.0
77939596,245,-11932.0
77949604,245,-11921.0
77959604,245,-11910.0
77969604,245,-11899.0
77979612,245,-11888.0
77989612,245,-11877.0
77999620,245,-11866.0
78009620,245,-11854.0
78019628,245,-11843.0
78029636,245,-11832.0
78039644,245,-11821.0
78049644,245,-11810.0
78059644,245,-11799.0
78069652,245,-11787.0
78079660,245,-11776.0
78089664,245,-11765.0
78099672,245,-11754.0
78109680,245,-11743.0
78119688,245,-11732.0
78129696,245,-11720.0
78139696,245,-11709.0
78149704,245,-11698.0
78159704,245,-11687.0
78169712,245,-11676.0
78179712,245,-11665.0
78189712,245,-11653.0
78199720,245,-11642.0
78209728,245,-11631.0
78219728,245,-11620.0
78229728,245,-11609.0
78239736,245,-11598.0
78249744,245,-11586.0
78259752,245,-11575.0
78269756,245,-11564.0
78279764,245,-11553.0
78289772,245,-11542.0
78299780,245,-11530.0
78309784,245,-11519.0
78319792,245,-11508.0
78329792,245,-11497.0
78339792,245,-11486.0
78349800,245,-11475.0
78359800,245,-11463.0
78369800,245,-11452.0
78379808,245,-11441.0
78389808,245,-11430.0
78399808,245,-11419.0
78409808,66,-11408.0
78419808,66,-11400.0
78429812,66,-11394.0
78439820,66,-11389.0
78449824,66,-11385.0
78459828,66,-11382.0
78469832,66,-11378.0
78479844,66,-11375.0
78489844,66,-11372.0
78499848,66,-11369.0
78509852,66,-11366.0
78519856,66,-11363.0
78529856,66,-11360.0
78539860,66,-11357.0
78549868,66,-11354.0
78559872,66,-11351.0
78569876,66,-11348.0
78579880,66,-11345.0
78589888,66,-11342.0
78599892,66,-11339.0
78609900,66,-11337.0
78619900,66,-11334.0
78629904,66,-11331.0
78639912,66,-11328.0
78649920,66,-11325.0
78659924,66,-11322.0
78669928,66,-11319.0
78679932,66,-11316.0
78689936,66,-11313.0
78699944,66,-11310.0
78709948,66,-11307.0
78719952,66,-11304.0
78729956,66,-11301.0
78739960,66,-11298.0
78749968,66,-11295.0
78759972,66,-11292.0
78769976,66,-11289.0
78779980,66,-11286.0
78789988,66,-11284.0
78799992,66,-11281.0
78809996,66,-11278.0
78820000,66,-11275.0
78830008,66,-11272.0
78840012,66,-11269.0
78850016,66,-11266.0
78860016,66,-11263.0
78870020,66,-11260.0
78880028,66,-11257.0
78890028,66,-11254.0
78900032,66,-11251.0
78910032,66,-11248.0
78920032,66,-11245.0
78930036,66,-11242.0
78940036,66,-11239.0
78950040,66,-11236.0
78960040,66,-11233.0
78970044,66,-11230.0
78980048,66,-11228.0
78990052,66,-11225.0
79000056,66,-11222.0
79010064,66,-11219.0
79020068,66,-11216.0
79030072,66,-11213.0
79040076,66,-11210.0
79050084,66,-11207.0
79060088,66,-11204.0
79070088,66,-11201.0
79080092,66,-11198.0
79090092,66,-11195.0
79100096,66,-11192.0
79110104,-65,-11190.0
79120104,-65,-11191.0
79130108,-65,-11192.0
79140112,-65,-11194.0
79150112,-65,-11197.0
79160116,-65,-11199.0
79170116,-65,-11202.0
79180120,-65,-11205.0
79190120,-65,-11208.0
79200124,-65,-11210.0
79210132,-65,-11213.0
79220136,-65,-11216.0
79230136,-65,-11219.0
79240136,-65,-11222.0
79250136,-65,-11225.0
79260136,-65,-11228.0
79270144,-65,-11230.0
79280144,-65,-11233.0
79290144,-65,-11236.0
79300144,-65,-11239.0
79310148,-65,-11242.0
79320148,-65,-11245.0
79330148,-65,-11248.0
79340148,-65,-11251.0
79350156,-65,-11253.0
79360156,-65,-11256.0
79370164,-65,-11259.0
79380164,-65,-11262.0
79390168,-65,-11265.0
79400168,-65,-11268.0
79410176,-65,-11271.0
79420176,-65,-11273.0
79430176,-65,-11276.0
79440184,-65,-11279.0
79450184,-65,-11282.0
79460184,-65,-11285.0
79470184,-65,-11288.0
79480188,-65,-11291.0
79490188,-65,-11294.0
79500188,-65,-11296.0
79510188,-65,-11299.0
79520192,-65,-11302.0
79530192,-65,-11305.0
79540192,-65,-11308.0
79550192,-65,-11311.0
79560192,-65,-11314.0
79570200,-65,-11316.0
79580200,-65,-11319.0
79590200,-65,-11322.0
79600200,-65,-11325.0
79610208,-65,-11328.0
79620208,-65,-11331.0
79630208,-65,-11334.0
79640208,-65,-11337.0
79650212,-65,-11339.0
79660212,-65,-11342.0
79670216,-65,-11345.0
79680216,-65,-11348.0
79690216,-65,-11351.0
79700220,-65,-11354.0
79710220,-65,-11357.0
79720224,-65,-11359.0
79730224,-65,-11362.0
79740228,-65,-11365.0
79750228,-65,-11368.0
79760232,-65,-11371.0
79770232,-65,-11374.0
79780236,-65,-11377.0
79790236,-65,-11380.0
79800240,-65,-11382.0
79810240,233,-11384.0
79820240,233,-11381.0
79830240,233,-11374.0
79840244,233,-11367.0
79850244,233,-11358.0
79860244,233,-11348.0
79870248,233,-11338.0
79880248,233,-11328.0
79890248,233,-11318.0
79900256,233,-11307.0
79910260,233,-11297.0
79920268,233,-11286.0
79930268,233,-11276.0
79940276,233,-11265.0
79950280,233,-11255.0
79960280,233,-11244.0
79970288,233,-11234.0
79980296,233,-11223.0
79990304,233,-11212.0
80000308,233,-11202.0
80010312,233,-11191.0
80020320,233,-11180.0
80030320,233,-11170.0
80040320,233,-11159.0
80050328,233,-11149.0
80060336,233,-11138.0
80070344,233,-11127.0
80080348,233,-11117.0
80090352,233,-11106.0
80100352,233,-11095.0
80110360,233,-11085.0
80120368,233,-11074.0
80130368,233,-11064.0
80140376,233,-11053.0
80150384,233,-11042.0
80160384,233,-11032.0
80170384,233,-11021.0
80180392,233,-11010.0
80190400,233,-11000.0
80200408,233,-10989.0
80210416,233,-10979.0
80220416,233,-10968.0
80230424,233,-10957.0
80240432,233,-10947.0
80250440,233,-10936.0
80260440,233,-10925.0
80270440,233,-10915.0
80280444,233,-10904.0
80290444,233,-10894.0
80300444,233,-10883.0
80310452,233,-10872.0
80320460,233,-10862.0
80330468,233,-10851.0
80340476,233,-10840.0
80350476,233,-10830.0
80360484,233,-10819.0
80370492,233,-10809.0
80380500,233,-10798.0
80390504,233,-10787.0
80400512,233,-10777.0
80410516,233,-10766.0
80420516,233,-10755.0
80430516,233,-10745.0
80440524,233,-10734.0
80450532,233,-10724.0
80460540,233,-10713.0
80470548,233,-10702.0
80480552,233,-10692.0
80490560,233,-10681.0
80500564,233,-10670.0
80510564,-222,-10663.0
80520568,-222,-10661.0
80530568,-222,-10665.0
80540576,-222,-10671.0
80550580,-222,-10678.0
80560580,-222,-10687.0
80570588,-222,-10696.0
80580596,-222,-10705.0
80590600,-222,-10715.0
80600608,-222,-10725.0
80610608,-222,-10735.0
80620612,-222,-10744.0
80630620,-222,-10754.0
80640624,-222,-10764.0
80650624,-222,-10774.0
80660628,-222,-10784.0
80670632,-222,-10794.0
80680640,-222,-10804.0
80690640,-222,-10814.0
80700644,-222,-10824.0
80710648,-222,-10834.0
80720656,-222,-10844.0
80730660,-222,-10854.0
80740660,-222,-10864.0
80750668,-222,-10874.0
80760672,-222,-10884.0
80770680,-222,-10894.0
80780688,-222,-10904.0
80790692,-222,-10914.0
80800692,-222,-10924.0
80810696,-222,-10934.0
80820712,-222,-10944.0
80830720,-222,-10954.0
80840724,-222,-10964.0
80850732,-222,-10974.0
80860740,-222,-10984.0
80870740,-222,-10994.0
80880744,-222,-11004.0
80890752,-222,-11014.0
80900760,-222,-11024.0
80910768,-222,-11034.0
80920776,-222,-11044.0
80930780,-222,-11054.0
80940788,-222,-11064.0
80950792,-222,-11074.0
80960792,-222,-11084.0
80970800,-222,-11094.0
80980804,-222,-11104.0
80990808,-222,-11114.0
81000808,-222,-11124.0
81010816,-222,-11134.0
81020820,-222,-11144.0
81030840,-222,-11154.0
81040848,-222,-11164.0
81050856,-222,-11174.0
81060860,-222,-11184.0
81070880,-222,-11194.0
81080896,-222,-11204.0
81090896,-222,-11213.0
81100904,-222,-11223.0
81110908,-222,-11233.0
81120912,-222,-11243.0
81130912,-222,-11253.0
81140920,-222,-11263.0
81150924,-222,-11273.0
81160924,-222,-11283.0
81170928,-222,-11293.0
81180928,-222,-11303.0
81190936,-222,-11313.0
81200940,-222,-11323.0
81210940,-74,-11333.0
81220940,-74,-11340.0
81230940,-74,-11345.0
81240940,-74,-11350.0
81250940,-74,-11354.0
81260948,-74,-11358.0
81270948,-74,-11361.0
81280948,-74,-11365.0
81290948,-74,-11368.0
81300952,-74,-11371.0
81310952,-74,-11375.0
81320952,-74,-11378.0
81330952,-74,-11381.0
81340952,-74,-11385.0
81350956,-74,-11388.0
81360960,-74,-11391.0
81370968,-74,-11395.0
81380968,-74,-11398.0
81390972,-74,-11401.0
81400976,-74,-11404.0
81410976,-74,-11408.0
81420976,-74,-11411.0
81430980,-74,-11414.0
81440980,-74,-11417.0
81450980,-74,-11421.0
81460980,-74,-11424.0
81470980,-74,-11427.0
81480984,-74,-11431.0
81490984,-74,-11434.0
81500988,-74,-11437.0
81510988,-74,-11440.0
81520992,-74,-11444.0
81530992,-74,-11447.0
81540992,-74,-11450.0
81550992,-74,-11454.0
81561000,-74,-11457.0
81571000,-74,-11460.0
81581004,-74,-11463.0
81591004,-74,-11467.0
81601004,-74,-11470.0
81611012,-74,-11473.0
81621012,-74,-11477.0
81631012,-74,-11480.0
81641012,-74,-11483.0
81651016,-74,-11486.0
81661020,-74,-11490.0
81671020,-74,-11493.0
81681020,-74,-11496.0
81691028,-74,-11499.0
81701028,-74,-11503.0
81711028,-74,-11506.0
81721032,-74,-11509.0
81731036,-74,-11513.0
81741040,-74,-11516.0
81751040,-74,-11519.0
81761044,-74,-11522.0
81771052,-74,-11526.0
81781056,-74,-11529.0
81791056,-74,-11532.0
81801060,-74,-11536.0
81811060,-74,-11539.0
81821064,-74,-11542.0
81831068,-74,-11545.0
81841068,-74,-11549.0
81851068,-74,-11552.0
81861072,-74,-11555.0
81871076,-74,-11559.0
81881076,-74,-11562.0
81891076,-74,-11565.0
81901080,-74,-11568.0
81911088,104,-11571.0
81921096,104,-11570.0
81931096,104,-11568.0
81941096,104,-11564.0
81951100,104,-11560.0
81961100,104,-11556.0
81971100,104,-11551.0
81981104,104,-11547.0
81991108,104,-11542.0
82001108,104,-11537.0
82011108,104,-11533.0
82021108,104,-11528.0
82031112,104,-11523.0
82041116,104,-11519.0
82051120,104,-11514.0
82061120,104,-11509.0
82071120,104,-11505.0
82081128,104,-11500.0
82091128,104,-11495.0
82101128,104,-11491.0
82111132,104,-11486.0
82121136,104,-11481.0
82131140,104,-11477.0
82141140,104,-11472.0
82151140,104,-11467.0
82161140,104,-11462.0
82171148,104,-11458.0
82181152,104,-11453.0
82191152,104,-11448.0
82201152,104,-11444.0
82211160,104,-11439.0
82221160,104,-11434.0
82231164,104,-11430.0
82241164,104,-11425.0
82251172,104,-11420.0
82261172,104,-11416.0
82271176,104,-11411.0
82281176,104,-11406.0
82291176,104,-11401.0
82301184,104,-11397.0
82311188,104,-11392.0
82321188,104,-11387.0
82331192,104,-11383.0
82341196,104,-11378.0
82351196,104,-11373.0
82361200,104,-11369.0
82371200,104,-11364.0
82381204,104,-11359.0
82391204,104,-11354.0
82401208,104,-11350.0
82411208,104,-11345.0
82421220,104,-11340.0
82431228,104,-11336.0
82441232,104,-11331.0
82451232,104,-11326.0
82461232,104,-11322.0
82471240,104,-11317.0
82481240,104,-11312.0
82491244,104,-11308.0
82501244,104,-11303.0
82511248,104,-11298.0
82521252,104,-11293.0
82531252,104,-11289.0
82541256,104,-11284.0
82551260,104,-11279.0
82561264,104,-11275.0
82571264,104,-11270.0
82581268,104,-11265.0
82591268,104,-11261.0
82601272,104,-11256.0
82611276,-170,-11253.0
82621284,-170,-11254.0
82631292,-170,-11259.0
82641296,-170,-11264.0
82651300,-170,-11271.0
82661308,-170,-11278.0
82671316,-170,-11285.0
82681324,-170,-11292.0
82691324,-170,-11300.0
82701328,-170,-11307.0
82711336,-170,-11315.0
82721344,-170,-11322.0
82731344,-170,-11330.0
82741352,-170,-11338.0
82751356,-170,-11345.0
82761364,-170,-11353.0
82771364,-170,-11361.0
82781372,-170,-11368.0
82791376,-170,-11376.0
82801384,-170,-11383.0
82811388,-170,-11391.0
82821392,-170,-11399.0
82831396,-170,-11406.0
82841404,-170,-11414.0
82851412,-170,-11422.0
82861412,-170,-11429.0
82871420,-170,-11437.0
82881428,-170,-11445.0
82891436,-170,-11452.0
82901436,-170,-11460.0
82911444,-170,-11468.0
82921452,-170,-11475.0
82931456,-170,-11483.0
82941464,-170,-11491.0
82951468,-170,-11498.0
82961472,-170,-11506.0
82971480,-170,-11513.0
82981488,-170,-11521.0
82991488,-170,-11529.0
83001496,-170,-11536.0
83011500,-170,-11544.0
83021508,-170,-11552.0
83031512,-170,-11559.0
83041516,-170,-11567.0
83051516,-170,-11574.0
83061524,-170,-11582.0
83071532,-170,-11590.0
83081532,-170,-11597.0
83091540,-170,-11605.0
83101548,-170,-11613.0
83111556,-170,-11620.0
83121556,-170,-11628.0
83131564,-170,-11636.0
83141572,-170,-11643.0
83151580,-170,-11651.0
83161588,-170,-11659.0
83171588,-170,-11666.0
83181588,-170,-11674.0
83191596,-170,-11681.0
83201604,-170,-11689.0
83211612,-170,-11697.0
83221616,-170,-11704.0
83231624,-170,-11712.0
83241628,-170,-11720.0
83251628,-170,-11727.0
83261632,-170,-11735.0
83271640,-170,-11743.0
83281648,-170,-11750.0
83291652,-170,-11758.0
83301652,-170,-11766.0
83311652,131,-11771.0
83321660,131,-11772.0
83331664,131,-11770.0
83341668,131,-11766.0
83351672,131,-11761.0
83361676,131,-11756.0
83371676,131,-11750.0
83381680,131,-11745.0
83391680,131,-11739.0
83401684,131,-11733.0
83411684,131,-11727.0
83421684,131,-11721.0
83431692,131,-11715.0
83441692,131,-11709.0
83451692,131,-11703.0
83461696,131,-11698.0
83471700,131,-11692.0
83481700,131,-11686.0
83491700,131,-11680.0
83501704,131,-11674.0
83511708,131,-11668.0
83521712,131,-11662.0
83531712,131,-11656.0
83541716,131,-11650.0
83551728,131,-11644.0
83561736,131,-11638.0
83571744,131,-11632.0
83581744,131,-11626.0
83591748,131,-11620.0
83601752,131,-11614.0
83611752,131,-11608.0
83621752,131,-11602.0
83631756,131,-11596.0
83641760,131,-11590.0
83651760,131,-11584.0
83661760,131,-11578.0
83671760,131,-11572.0
83681772,131,-11566.0
83691776,131,-11560.0
83701780,131,-11554.0
83711780,131,-11548.0
83721784,131,-11543.0
83731788,131,-11537.0
83741792,131,-11531.0
83751792,131,-11525.0
83761792,131,-11519.0
83771792,131,-11513.0
83781792,131,-11507.0
83791796,131,-11501.0
83801796,131,-11495.0
83811804,131,-11489.0
83821808,131,-11483.0
83831808,131,-11477.0
83841812,131,-11471.0
83851812,131,-11465.0
83861820,131,-11459.0
83871820,131,-11453.0
83881824,131,-11447.0
83891824,131,-11441.0
83901828,131,-11435.0
83911828,131,-11429.0
83921832,131,-11423.0
83931832,131,-11417.0
83941836,131,-11411.0
83951840,131,-11405.0
83961840,131,-11399.0
83971840,131,-11393.0
83981840,131,-11387.0
83991844,131,-11381.0
84001844,153,-11375.0
84011844,153,-11369.0
84021852,153,-11363.0
84031856,153,-11356.0
84041856,153,-11349.0
84051856,153,-11343.0
84061864,153,-11336.0
84071868,153,-11329.0
84081876,153,-11322.0
84091876,153,-11315.0
84101876,153,-11308.0
84111884,153,-11301.0
84121888,153,-11294.0
84131888,153,-11287.0
84141896,153,-11280.0
84151896,153,-11273.0
84161900,153,-11266.0
84171900,153,-11259.0
84181900,153,-11252.0
84191900,153,-11245.0
84201904,153,-11238.0
84211904,153,-11231.0
84221904,153,-11225.0
84231904,153,-11218.0
84241904,153,-11211.0
84251908,153,-11204.0
84261908,153,-11197.0
84271908,153,-11190.0
84281908,153,-11183.0
84291912,153,-11176.0
84301912,153,-11169.0
84311916,153,-11162.0
84321916,153,-11155.0
84331920,153,-11148.0
84341920,153,-11141.0
84351920,153,-11134.0
84361924,153,-11127.0
84371928,153,-11120.0
84381928,153,-11113.0
84391928,153,-11106.0
84401928,153,-11099.0
84411928,153,-11093.0
84421932,153,-11086.0
84431932,153,-11079.0
84441936,153,-11072.0
84451944,153,-11065.0
84461948,153,-11058.0
84471948,153,-11051.0
84481952,153,-11044.0
84491960,153,-11037.0
84501964,153,-11030.0
84511964,153,-11023.0
84521964,153,-11016.0
84531972,153,-11009.0
84541972,153,-11002.0
84551976,153,-10995.0
84561976,153,-10988.0
84571984,153,-10981.0
84581984,153,-10974.0
84591988,153,-10967.0
84601992,153,-10961.0
84612000,153,-10954.0
84622000,153,-10947.0
84632004,153,-10940.0
84642012,153,-10933.0
84652012,153,-10926.0
84662020,153,-10919.0
84672020,153,-10912.0
84682024,153,-10905.0
84692024,153,-10898.0
84702032,212,-10891.0
84712032,212,-10884.0
84722032,212,-10876.0
84732032,212,-10867.0
84742032,212,-10858.0
84752040,212,-10848.0
84762040,212,-10839.0
84772048,212,-10830.0
84782056,212,-10820.0
84792056,212,-10810.0
84802064,212,-10801.0
84812064,212,-10791.0
84822072,212,-10782.0
84832080,212,-10772.0
84842088,212,-10762.0
84852088,212,-10753.0
84862096,212,-10743.0
84872104,212,-10733.0
84882112,212,-10724.0
84892112,212,-10714.0
84902120,212,-10704.0
84912128,212,-10695.0
84922132,212,-10685.0
84932132,212,-10675.0
84942132,212,-10666.0
84952132,212,-10656.0
84962136,212,-10646.0
84972136,212,-10637.0
84982136,212,-10627.0
84992136,212,-10617.0
85002140,212,-10608.0
85012148,212,-10598.0
85022152,212,-10588.0
85032160,212,-10579.0
85042168,212,-10569.0
85052176,212,-10559.0
85062184,212,-10550.0
85072184,212,-10540.0
85082184,212,-10530.0
85092192,212,-10521.0
85102200,212,-10511.0
85112200,212,-10501.0
85122200,212,-10492.0
85132208,212,-10482.0
85142216,212,-10472.0
85152220,212,-10463.0
85162224,212,-10453.0
85172224,212,-10443.0
85182232,212,-10434.0
85192240,212,-10424.0
85202244,212,-10414.0
85212248,212,-10405.0
85222252,212,-10395.0
85232260,212,-10385.0
85242264,212,-10376.0
85252268,212,-10366.0
85262276,212,-10356.0
85272284,212,-10347.0
85282288,212,-10337.0
85292288,212,-10327.0
85302288,212,-10318.0
85312292,212,-10308.0
85322300,212,-10298.0
85332300,212,-10289.0
85342308,212,-10279.0
85352316,212,-10269.0
85362316,212,-10260.0
85372316,212,-10250.0
85382324,212,-10240.0
85392332,212,-10231.0
85402336,79,-10221.0
85412336,79,-10212.0
85422340,79,-10205.0
85432344,79,-10200.0
85442344,79,-10195.0
85452348,79,-10191.0
85462356,79,-10187.0
85472360,79,-10183.0
85482364,79,-10179.0
85492368,79,-10176.0
85502376,79,-10172.0
85512380,79,-10169.0
85522384,79,-10165.0
85532388,79,-10162.0
85542392,79,-10158.0
85552400,79,-10154.0
85562404,79,-10151.0
85572404,79,-10147.0
85582408,79,-10144.0
85592416,79,-10140.0
85602420,79,-10136.0
85612424,79,-10133.0
85622424,79,-10129.0
85632424,79,-10126.0
85642424,79,-10122.0
85652424,79,-10119.0
85662428,79,-10115.0
85672432,79,-10111.0
85682440,79,-10108.0
85692444,79,-10104.0
85702448,79,-10101.0
85712448,79,-10097.0
85722456,79,-10093.0
85732460,79,-10090.0
85742464,79,-10086.0
85752468,79,-10083.0
85762472,79,-10079.0
85772476,79,-10076.0
85782480,79,-10072.0
85792484,79,-10068.0
85802488,79,-10065.0
85812492,79,-10061.0
85822496,79,-10058.0
85832500,79,-10054.0
85842512,79,-10050.0
85852512,79,-10047.0
85862512,79,-10043.0
85872516,79,-10040.0
85882520,79,-10036.0
85892528,79,-10033.0
85902528,79,-10029.0
85912532,79,-10025.0
85922536,79,-10022.0
85932540,79,-10018.0
85942540,79,-10015.0
85952540,79,-10011.0
85962544,79,-10007.0
85972548,79,-10004.0
85982556,79,-10000.0
85992560,79,-9997.0
86002564,79,-9993.0
86012568,79,-9990.0
86022568,79,-9986.0
86032568,79,-9982.0
86042572,79,-9979.0
86052576,79,-9975.0
86062580,79,-9972.0
86072584,79,-9968.0
86082588,79,-9965.0
86092592,79,-9961.0
86102596,-239,-9957.0
86112600,-239,-9956.0
86122600,-239,-9960.0
86132608,-239,-9967.0
86142612,-239,-9975.0
86152616,-239,-9984.0
86162620,-239,-9994.0
86172628,-239,-10004.0
86182632,-239,-10015.0
86192636,-239,-10025.0
86202636,-239,-10036.0
86212640,-239,-10046.0
86222644,-239,-10057.0
86232652,-239,-10068.0
86242660,-239,-10078.0
86252664,-239,-10089.0
86262668,-239,-10100.0
86272676,-239,-10111.0
86282684,-239,-10121.0
86292688,-239,-10132.0
86302692,-239,-10143.0
86312700,-239,-10154.0
86322708,-239,-10164.0
86332708,-239,-10175.0
86342712,-239,-10186.0
86352720,-239,-10197.0
86362724,-239,-10207.0
86372724,-239,-10218.0
86382732,-239,-10229.0
86392740,-239,-10240.0
86402744,-239,-10250.0
86412752,-239,-10261.0
86422756,-239,-10272.0
86432764,-239,-10283.0
86442768,-239,-10293.0
86452772,-239,-10304.0
86462780,-239,-10315.0
86472784,-239,-10326.0
86482788,-239,-10336.0
86492792,-239,-10347.0
86502792,-239,-10358.0
86512796,-239,-10369.0
86522804,-239,-10379.0
86532808,-239,-10390.0
86542816,-239,-10401.0
86552816,-239,-10412.0
86562824,-239,-10422.0
86572824,-239,-10433.0
86582828,-239,-10444.0
86592836,-239,-10455.0
86602840,-239,-10465.0
86612844,-239,-10476.0
86622848,-239,-10487.0
86632856,-239,-10498.0
86642860,-239,-10508.0
86652864,-239,-10519.0
86662868,-239,-10530.0
86672884,-239,-10541.0
86682884,-239,-10551.0
86692884,-239,-10562.0
86702888,-239,-10573.0
86712892,-239,-10583.0
86722892,-239,-10594.0
86732896,-239,-10605.0
86742900,-239,-10616.0
86752904,-239,-10626.0
86762904,-239,-10637.0
86772908,-239,-10648.0
86782912,-239,-10659.0
86792920,-239,-10669.0
86802924,-212,-10680.0
86812924,-212,-10691.0
86822928,-212,-10701.0
86832936,-212,-10711.0
86842940,-212,-10721.0
86852940,-212,-10731.0
86862944,-212,-10740.0
86872948,-212,-10750.0
86882956,-212,-10759.0
86892956,-212,-10769.0
86902960,-212,-10778.0
86912964,-212,-10788.0
86922972,-212,-10798.0
86932976,-212,-10807.0
86942976,-212,-10817.0
86952980,-212,-10826.0
86962984,-212,-10836.0
86972992,-212,-10845.0
86982992,-212,-10855.0
86993000,-212,-10864.0
87003004,-212,-10874.0
87013012,-212,-10883.0
87023012,-212,-10893.0
87033016,-212,-10902.0
87043024,-212,-10912.0
87053028,-212,-10921.0
87063032,-212,-10931.0
87073032,-212,-10941.0
87083036,-212,-10950.0
87093040,-212,-10960.0
87103044,-212,-10969.0
87113044,-212,-10979.0
87123048,-212,-10988.0
87133056,-212,-10998.0
87143060,-212,-11007.0
87153060,-212,-11017.0
87163064,-212,-11026.0
87173068,-212,-11036.0
87183076,-212,-11045.0
87193080,-212,-11055.0
87203084,-212,-11064.0
87213088,-212,-11074.0
87223092,-212,-11084.0
87233100,-212,-11093.0
87243100,-212,-11103.0
87253104,-212,-11112.0
87263112,-212,-11122.0
87273116,-212,-11131.0
87283116,-212,-11141.0
87293124,-212,-11150.0
87303132,-212,-11160.0
87313136,-212,-11169.0
87323144,-212,-11179.0
87333144,-212,-11188.0
87343148,-212,-11198.0
87353156,-212,-11208.0
87363160,-212,-11217.0
87373160,-212,-11227.0
87383164,-212,-11236.0
87393172,-212,-11246.0
87403176,-212,-11255.0
87413176,-212,-11265.0
87423184,-212,-11274.0
87433188,-212,-11284.0
87443196,-212,-11293.0
87453204,-212,-11303.0
87463212,-212,-11312.0
87473216,-212,-11322.0
87483224,-212,-11331.0
87493232,-212,-11341.0
87503232,219,-11350.0
87513236,219,-11355.0
87523240,219,-11355.0
87533240,219,-11350.0
87543248,219,-11344.0
87553248,219,-11336.0
87563256,219,-11327.0
87573256,219,-11318.0
87583264,219,-11308.0
87593268,219,-11299.0
87603276,219,-11289.0
87613284,219,-11279.0
87623292,219,-11269.0
87633296,219,-11260.0
87643304,219,-11250.0
87653304,219,-11240.0
87663312,219,-11230.0
87673320,219,-11220.0
87683324,219,-11210.0
87693332,219,-11200.0
87703336,219,-11190.0
87713336,219,-11180.0
87723340,219,-11170.0
87733340,219,-11160.0
87743340,219,-11150.0
87753340,219,-11140.0
87763340,219,-11130.0
87773340,219,-11120.0
87783340,219,-11110.0
87793348,219,-11100.0
87803352,219,-11090.0
87813352,219,-11080.0
87823360,219,-11070.0
87833368,219,-11060.0
87843368,219,-11050.0
87853368,219,-11040.0
87863368,219,-11030.0
87873376,219,-11020.0
87883384,219,-11010.0
87893384,219,-11000.0
87903384,219,-10990.0
87913384,219,-10980.0
87923392,219,-10970.0
87933392,219,-10960.0
87943392,219,-10950.0
87953392,219,-10940.0
87963400,219,-10930.0
87973400,219,-10920.0
87983400,219,-10910.0
87993400,219,-10900.0
88003408,219,-10890.0
88013416,219,-10880.0
88023416,219,-10870.0
88033416,219,-10860.0
88043424,219,-10850.0
88053432,219,-10840.0
88063436,219,-10830.0
88073436,219,-10820.0
88083444,219,-10810.0
88093452,219,-10800.0
88103456,219,-10790.0
88113460,219,-10780.0
88123468,219,-10770.0
88133468,219,-10760.0
88143476,219,-10750.0
88153476,219,-10740.0
88163476,219,-10730.0
88173484,219,-10720.0
88183492,219,-10710.0
88193492,219,-10700.0
88203492,225,-10690.0
88213500,225,-10680.0
88223508,225,-10670.0
88233508,225,-10660.0
88243508,225,-10649.0
88253516,225,-10639.0
88263524,225,-10629.0
88273524,225,-10619.0
88283524,225,-10608.0
88293532,225,-10598.0
88303540,225,-10588.0
88313540,225,-10578.0
88323540,225,-10567.0
88333548,225,-10557.0
88343556,225,-10547.0
88353564,225,-10536.0
88363572,225,-10526.0
88373572,225,-10516.0
88383572,225,-10506.0
88393580,225,-10495.0
88403588,225,-10485.0
88413588,225,-10475.0
88423596,225,-10464.0
88433596,225,-10454.0
88443604,225,-10444.0
88453612,225,-10434.0
88463612,225,-10423.0
88473620,225,-10413.0
88483624,225,-10403.0
88493632,225,-10392.0
88503632,225,-10382.0
88513640,225,-10372.0
88523648,225,-10362.0
88533656,225,-10351.0
88543656,225,-10341.0
88553656,225,-10331.0
88563672,225,-10320.0
88573680,225,-10310.0
88583688,225,-10300.0
88593688,225,-10290.0
88603696,225,-10279.0
88613704,225,-10269.0
88623712,225,-10259.0
88633712,225,-10249.0
88643720,225,-10238.0
88653728,225,-10228.0
88663728,225,-10218.0
88673728,225,-10207.0
88683736,225,-10197.0
88693736,225,-10187.0
88703744,225,-10177.0
88713744,225,-10166.0
88723744,225,-10156.0
88733744,225,-10146.0
88743744,225,-10136.0
88753752,225,-10125.0
88763752,225,-10115.0
88773752,225,-10105.0
88783752,225,-10094.0
88793760,225,-10084.0
88803764,225,-10074.0
88813772,225,-10064.0
88823780,225,-10053.0
88833788,225,-10043.0
88843796,225,-10033.0
88853796,225,-10022.0
88863796,225,-10012.0
88873804,225,-10002.0
88883812,225,-9992.0
88893816,225,-9981.0
88903824,145,-9971.0
88913832,145,-9962.0
88923832,145,-9953.0
88933840,145,-9945.0
88943840,145,-9938.0
88953844,145,-9931.0
88963844,145,-9924.0
88973844,145,-9917.0
88983848,145,-9910.0
88993852,145,-9904.0
89003852,145,-9897.0
89013856,145,-9890.0
89023860,145,-9884.0
89033864,145,-9877.0
89043864,145,-9870.0
89053868,145,-9864.0
89063872,145,-9857.0
89073876,145,-9851.0
89083880,145,-9844.0
89093880,145,-9837.0
89103884,145,-9831.0
89113888,145,-9824.0
89123892,145,-9818.0
89133892,145,-9811.0
89143892,145,-9805.0
89153896,145,-9798.0
89163900,145,-9791.0
89173900,145,-9785.0
89183900,145,-9778.0
89193900,145,-9772.0
89203900,145,-9765.0
89213900,145,-9758.0
89223900,145,-9752.0
89233904,145,-9745.0
89243908,145,-9739.0
89253912,145,-9732.0
89263912,145,-9725.0
89273916,145,-9719.0
89283920,145,-9712.0
89293924,145,-9706.0
89303924,145,-9699.0
89313932,145,-9692.0
89323936,145,-9686.0
89333940,145,-9679.0
89343940,145,-9673.0
89353944,145,-9666.0
89363944,145,-9660.0
89373948,145,-9653.0
89383948,145,-9646.0
89393952,145,-9640.0
89403952,145,-9633.0
89413960,145,-9627.0
89423960,145,-9620.0
89433972,145,-9613.0
89443972,145,-9607.0
89453980,145,-9600.0
89463980,145,-9594.0
89473984,145,-9587.0
89483988,145,-9581.0
89493988,145,-9574.0
89503996,145,-9567.0
89514000,145,-9561.0
89524004,145,-9554.0
89534004,145,-9548.0
89544012,145,-9541.0
89554012,145,-9534.0
89564016,145,-9528.0
89574016,145,-9521.0
89584016,145,-9515.0
89594016,145,-9508.0
89604032,125,-9501.0
89614032,125,-9495.0
89624044,125,-9489.0
89634048,125,-9483.0
89644048,125,-9477.0
89654048,125,-9472.0
89664052,125,-9466.0
89674056,125,-9460.0
89684056,125,-9455.0
89694056,125,-9449.0
89704060,125,-9443.0
89714064,125,-9438.0
89724064,125,-9432.0
89734068,125,-9426.0
89744068,125,-9421.0
89754072,125,-9415.0
89764076,125,-9409.0
89774076,125,-9404.0
89784080,125,-9398.0
89794080,125,-9392.0
89804088,125,-9387.0
89814088,125,-9381.0
89824088,125,-9375.0
89834092,125,-9370.0
89844096,125,-9364.0
89854096,125,-9358.0
89864100,125,-9353.0
89874100,125,-9347.0
89884104,125,-9341.0
89894108,125,-9336.0
89904112,125,-9330.0
89914112,125,-9324.0
89924116,125,-9319.0
89934120,125,-9313.0
89944120,125,-9307.0
89954124,125,-9302.0
89964124,125,-9296.0
89974132,125,-9291.0
89984132,125,-9285.0
89994132,125,-9279.0
90004136,125,-9274.0
90014144,125,-9268.0
90024144,125,-9262.0
90034148,125,-9257.0
90044152,125,-9251.0
90054152,125,-9245.0
90064152,125,-9240.0
90074152,125,-9234.0
90084156,125,-9228.0
90094160,125,-9223.0
90104164,125,-9217.0
90114168,125,-9211.0
90124168,125,-9206.0
90134168,125,-9200.0
90144172,125,-9194.0
90154172,125,-9189.0
90164172,125,-9183.0
90174172,125,-9177.0
90184176,125,-9172.0
90194180,125,-9166.0
90204180,125,-9160.0
90214184,125,-9155.0
90224184,125,-9149.0
90234192,125,-9143.0
90244192,125,-9138.0
90254192,125,-9132.0
90264196,125,-9127.0
90274200,125,-9121.0
90284204,125,-9115.0
90294204,125,-9110.0
90304204,150,-9104.0
90314216,150,-9098.0
90324224,150,-9092.0
90334224,150,-9085.0
90344228,150,-9079.0
90354228,150,-9072.0
90364232,150,-9065.0
90374236,150,-9059.0
90384236,150,-9052.0
90394236,150,-9045.0
90404244,150,-9038.0
90414244,150,-9031.0
90424244,150,-9025.0
90434244,150,-9018.0
90444248,150,-9011.0
90454248,150,-9004.0
90464248,150,-8997.0
90474248,150,-8990.0
90484248,150,-8984.0
90494252,150,-8977.0
90504256,150,-8970.0
90514264,150,-8963.0
90524264,150,-8956.0
90534268,150,-8950.0
90544272,150,-8943.0
90554272,150,-8936.0
90564272,150,-8929.0
90574276,150,-8922.0
90584276,150,-8915.0
90594280,150,-8909.0
90604280,150,-8902.0
90614280,150,-8895.0
90624288,150,-8888.0
90634296,150,-8881.0
90644304,150,-8874.0
90654308,150,-8868.0
90664312,150,-8861.0
90674316,150,-8854.0
90684316,150,-8847.0
90694316,150,-8840.0
90704324,150,-8834.0
90714324,150,-8827.0
90724324,150,-8820.0
90734328,150,-8813.0
90744328,150,-8806.0
90754332,150,-8799.0
90764336,150,-8793.0
90774336,150,-8786.0
90784340,150,-8779.0
90794344,150,-8772.0
90804348,150,-8765.0
90814348,150,-8759.0
90824352,150,-8752.0
90834356,150,-8745.0
90844360,150,-8738.0
90854360,150,-8731.0
90864360,150,-8724.0
90874364,150,-8718.0
90884372,150,-8711.0
90894372,150,-8704.0
90904372,150,-8697.0
90914376,150,-8690.0
90924380,150,-8684.0
90934384,150,-8677.0
90944384,150,-8670.0
90954384,150,-8663.0
90964388,150,-8656.0
90974388,150,-8650.0
90984392,150,-8643.0
90994392,150,-8636.0
91004392,138,-8629.0
91014400,138,-8622.0
91024400,138,-8616.0
91034400,138,-8609.0
91044404,138,-8603.0
91054408,138,-8597.0
91064408,138,-8590.0
91074412,138,-8584.0
91084412,138,-8578.0
91094420,138,-8572.0
91104420,138,-8565.0
91114424,138,-8559.0
91124424,138,-8553.0
91134424,138,-8547.0
91144424,138,-8540.0
91154424,138,-8534.0
91164428,138,-8528.0
91174428,138,-8522.0
91184432,138,-8515.0
91194436,138,-8509.0
91204436,138,-8503.0
91214436,138,-8496.0
91224444,138,-8490.0
91234444,138,-8484.0
91244444,138,-8478.0
91254444,138,-8471.0
91264452,138,-8465.0
91274452,138,-8459.0
91284452,138,-8453.0
91294452,138,-8446.0
91304456,138,-8440.0
91314460,138,-8434.0
91324464,138,-8428.0
91334464,138,-8421.0
91344468,138,-8415.0
91354472,138,-8409.0
91364472,138,-8403.0
91374476,138,-8396.0
91384476,138,-8390.0
91394484,138,-8384.0
91404484,138,-8377.0
91414484,138,-8371.0
91424488,138,-8365.0
91434488,138,-8359.0
91444492,138,-8352.0
91454492,138,-8346.0
91464492,138,-8340.0
91474496,138,-8334.0
91484500,138,-8327.0
91494500,138,-8321.0
91504504,138,-8315.0
91514508,138,-8309.0
91524512,138,-8302.0
91534516,138,-8296.0
91544520,138,-8290.0
91554520,138,-8283.0
91564524,138,-8277.0
91574528,138,-8271.0
91584532,138,-8265.0
91594536,138,-8258.0
91604536,138,-8252.0
91614544,138,-8246.0
91624544,138,-8240.0
91634548,138,-8233.0
91644552,138,-8227.0
91654560,138,-8221.0
91664560,138,-8215.0
91674560,138,-8208.0
91684564,138,-8202.0
91694576,138,-8196.0
91704580,-144,-8190.0
91714580,-144,-8187.0
91724584,-144,-8188.0
91734584,-144,-8192.0
91744588,-144,-8197.0
91754588,-144,-8202.0
91764596,-144,-8208.0
91774604,-144,-8214.0
91784604,-144,-8220.0
91794612,-144,-8227.0
91804620,-144,-8233.0
91814628,-144,-8240.0
91824636,-144,-8246.0
91834636,-144,-8252.0
91844636,-144,-8259.0
91854644,-144,-8265.0
91864648,-144,-8272.0
91874652,-144,-8278.0
91884660,-144,-8285.0
91894668,-144,-8291.0
91904676,-144,-8298.0
91914680,-144,-8304.0
91924684,-144,-8311.0
91934684,-144,-8317.0
91944684,-144,-8323.0
91954692,-144,-8330.0
91964692,-144,-8336.0
91974692,-144,-8343.0
91984692,-144,-8349.0
91994700,-144,-8356.0
92004700,-144,-8362.0
92014700,-144,-8369.0
92024708,-144,-8375.0
92034716,-144,-8382.0
92044716,-144,-8388.0
92054716,-144,-8394.0
92064716,-144,-8401.0
92074724,-144,-8407.0
92084732,-144,-8414.0
92094732,-144,-8420.0
92104732,-144,-8427.0
92114740,-144,-8433.0
92124748,-144,-8440.0
92134752,-144,-8446.0
92144760,-144,-8453.0
92154768,-144,-8459.0
92164768,-144,-8465.0
92174768,-144,-8472.0
92184772,-144,-8478.0
92194772,-144,-8485.0
92204776,-144,-8491.0
92214784,-144,-8498.0
92224784,-144,-8504.0
92234792,-144,-8511.0
92244800,-144,-8517.0
92254804,-144,-8524.0
92264808,-144,-8530.0
92274812,-144,-8537.0
92284812,-144,-8543.0
92294816,-144,-8549.0
92304820,-144,-8556.0
92314828,-144,-8562.0
92324832,-144,-8569.0
92334832,-144,-8575.0
92344836,-144,-8582.0
92354840,-144,-8588.0
92364848,-144,-8595.0
92374856,-144,-8601.0
92384864,-144,-8608.0
92394864,-144,-8614.0
92404864,-242,-8620.0
92414872,-242,-8628.0
92424880,-242,-8637.0
92434880,-242,-8646.0
92444884,-242,-8656.0
92454888,-242,-8666.0
92464892,-242,-8677.0
92474896,-242,-8688.0
92484896,-242,-8698.0
92494900,-242,-8709.0
92504904,-242,-8720.0
92514908,-242,-8731.0
92524908,-242,-8742.0
92534916,-242,-8753.0
92544920,-242,-8763.0
92554924,-242,-8774.0
92564924,-242,-8785.0
92574932,-242,-8796.0
92584936,-242,-8807.0
92594940,-242,-8818.0
92604944,-242,-8829.0
92614944,-242,-8840.0
92624948,-242,-8851.0
92634956,-242,-8861.0
92644960,-242,-8872.0
92654960,-242,-8883.0
92664964,-242,-8894.0
92674968,-242,-8905.0
92684972,-242,-8916.0
92694972,-242,-8927.0
92704976,-242,-8938.0
92714984,-242,-8948.0
92724988,-242,-8959.0
92734996,-242,-8970.0
92745004,-242,-8981.0
92755008,-242,-8992.0
92765016,-242,-9003.0
92775020,-242,-9014.0
92785020,-242,-9025.0
92795024,-242,-9036.0
92805032,-242,-9046.0
92815036,-242,-9057.0
92825044,-242,-9068.0
92835048,-242,-9079.0
92845052,-242,-9090.0
92855060,-242,-9101.0
92865064,-242,-9112.0
92875064,-242,-9123.0
92885068,-242,-9134.0
92895072,-242,-9144.0
92905080,-242,-9155.0
92915088,-242,-9166.0
92925096,-242,-9177.0
92935100,-242,-9188.0
92945108,-242,-9199.0
92955112,-242,-9210.0
92965112,-242,-9221.0
92975120,-242,-9232.0
92985124,-242,-9242.0
92995132,-242,-9253.0
93005132,-242,-9264.0
93015136,-242,-9275.0
93025144,-242,-9286.0
93035148,-242,-9297.0
93045148,-242,-9308.0
93055156,-242,-9319.0
93065160,-242,-9330.0
93075168,-242,-9340.0
93085172,-242,-9351.0
93095172,-242,-9362.0
93105180,87,-9373.0
93115184,87,-9379.0
93125188,87,-9381.0
93135188,87,-9381.0
93145196,87,-9379.0
93155200,87,-9377.0
93165204,87,-9373.0
93175204,87,-9370.0
93185208,87,-9366.0
93195208,87,-9362.0
93205212,87,-9358.0
93215216,87,-9355.0
93225224,87,-9351.0
93235224,87,-9347.0
93245228,87,-9343.0
93255232,87,-9339.0
93265240,87,-9335.0
93275244,87,-9331.0
93285248,87,-9327.0
93295252,87,-9323.0
93305260,87,-9319.0
93315264,87,-9316.0
93325268,87,-9312.0
93335272,87,-9308.0
93345276,87,-9304.0
93355276,87,-9300.0
93365280,87,-9296.0
93375284,87,-9292.0
93385288,87,-9288.0
93395288,87,-9284.0
93405288,87,-9280.0
93415292,87,-9276.0
93425296,87,-9272.0
93435304,87,-9269.0
93445308,87,-9265.0
93455312,87,-9261.0
93465316,87,-9257.0
93475320,87,-9253.0
93485328,87,-9249.0
93495328,87,-9245.0
93505332,87,-9241.0
93515336,87,-9237.0
93525336,87,-9233.0
93535340,87,-9229.0
93545344,87,-9226.0
93555348,87,-9222.0
93565356,87,-9218.0
93575360,87,-9214.0
93585364,87,-9210.0
93595368,87,-9206.0
93605372,87,-9202.0
93615376,87,-9198.0
93625380,87,-9194.0
93635384,87,-9190.0
93645388,87,-9186.0
93655388,87,-9183.0
93665388,87,-9179.0
93675392,87,-9175.0
93685400,87,-9171.0
93695408,87,-9167.0
93705412,87,-9163.0
93715416,87,-9159.0
93725420,87,-9155.0
93735424,87,-9151.0
93745424,87,-9147.0
93755428,87,-9143.0
93765432,87,-9140.0
93775436,87,-9136.0
93785436,87,-9132.0
93795440,87,-9128.0
93805444,-67,-9124.0
93815444,-67,-9122.0
93825452,-67,-9122.0
93835452,-67,-9124.0
93845452,-67,-9126.0
93855452,-67,-9129.0
93865456,-67,-9132.0
93875460,-67,-9134.0
93885460,-67,-9137.0
93895460,-67,-9140.0
93905464,-67,-9143.0
93915468,-67,-9146.0
93925468,-67,-9149.0
93935468,-67,-9152.0
93945472,-67,-9155.0
93955480,-67,-9158.0
93965480,-67,-9161.0
93975480,-67,-9164.0
93985480,-67,-9167.0
93995488,-67,-9170.0
94005488,-67,-9173.0
94015488,-67,-9176.0
94025492,-67,-9179.0
94035492,-67,-9182.0
94045500,-67,-9185.0
94055500,-67,-9188.0
94065500,-67,-9191.0
94075504,-67,-9194.0
94085512,-67,-9197.0
94095512,-67,-9200.0
94105512,-67,-9203.0
94115516,-67,-9206.0
94125524,-67,-9209.0
94135524,-67,-9212.0
94145524,-67,-9215.0
94155528,-67,-9218.0
94165528,-67,-9221.0
94175536,-67,-9224.0
94185536,-67,-9227.0
94195540,-67,-9230.0
94205544,-67,-9233.0
94215548,-67,-9236.0
94225552,-67,-9239.0
94235552,-67,-9242.0
94245552,-67,-9245.0
94255556,-67,-9248.0
94265560,-67,-9251.0
94275560,-67,-9254.0
94285560,-67,-9257.0
94295560,-67,-9260.0
94305568,-67,-9263.0
94315568,-67,-9266.0
94325568,-67,-9269.0
94335572,-67,-9271.0
94345580,-67,-9274.0
94355584,-67,-9277.0
94365584,-67,-9280.0
94375588,-67,-9283.0
94385592,-67,-9286.0
94395592,-67,-9289.0
94405592,-67,-9292.0
94415592,-67,-9295.0
94425592,-67,-9298.0
94435596,-67,-9301.0
94445596,-67,-9304.0
94455596,-67,-9307.0
94465596,-67,-9310.0
94475600,-67,-9313.0
94485600,-67,-9316.0
94495600,-67,-9319.0
94505600,164,-9322.0
94515600,164,-9321.0
94525600,164,-9317.0
94535604,164,-9312.0
94545604,164,-9306.0
94555612,164,-9299.0
94565612,164,-9292.0
94575612,164,-9285.0
94585612,164,-9278.0
94595612,164,-9270.0
94605616,164,-9263.0
94615620,164,-9256.0
94625620,164,-9248.0
94635620,164,-9241.0
94645624,164,-9233.0
94655624,164,-9226.0
94665628,164,-9218.0
94675628,164,-9211.0
94685632,164,-9203.0
94695632,164,-9196.0
94705636,164,-9189.0
94715636,164,-9181.0
94725636,164,-9174.0
94735640,164,-9166.0
94745640,164,-9159.0
94755640,164,-9151.0
94765640,164,-9144.0
94775644,164,-9136.0
94785644,164,-9129.0
94795644,164,-9121.0
94805644,164,-9114.0
94815648,164,-9107.0
94825652,164,-9099.0
94835660,164,-9092.0
94845660,164,-9084.0
94855660,164,-9077.0
94865664,164,-9069.0
94875664,164,-9062.0
94885664,164,-9054.0
94895664,164,-9047.0
94905672,164,-9039.0
94915672,164,-9032.0
94925672,164,-9025.0
94935672,164,-9017.0
94945676,164,-9010.0
94955676,164,-9002.0
94965680,164,-8995.0
94975680,164,-8987.0
94985684,164,-8980.0
94995684,164,-8972.0
95005684,164,-8965.0
95015684,164,-8957.0
95025688,164,-8950.0
95035692,164,-8942.0
95045692,164,-8935.0
95055696,164,-8928.0
95065704,164,-8920.0
95075708,164,-8913.0
95085708,164,-8905.0
95095708,164,-8898.0
95105708,164,-8890.0
95115716,164,-8883.0
95125716,164,-8875.0
95135716,164,-8868.0
95145716,164,-8860.0
95155716,164,-8853.0
95165720,164,-8845.0
95175724,164,-8838.0
95185724,164,-8831.0
95195724,164,-8823.0
95205732,-131,-8816.0
95215732,-131,-8813.0
95225732,-131,-8814.0
95235732,-131,-8817.0
95245736,-131,-8822.0
95255744,-131,-8827.0
95265744,-131,-8832.0
95275752,-131,-8838.0
95285752,-131,-8843.0
95295756,-131,-8849.0
95305764,-131,-8855.0
95315764,-131,-8861.0
95325772,-131,-8866.0
95335776,-131,-8872.0
95345784,-131,-8878.0
95355784,-131,-8884.0
95365792,-131,-8890.0
95375792,-131,-8896.0
95385792,-131,-8902.0
95395800,-131,-8908.0
95405800,-131,-8914.0
95415808,-131,-8920.0
95425812,-131,-8925.0
95435812,-131,-8931.0
95445812,-131,-8937.0
95455812,-131,-8943.0
95465816,-131,-8949.0
95475824,-131,-8955.0
95485824,-131,-8961.0
95495832,-131,-8967.0
95505836,-131,-8973.0
95515836,-131,-8978.0
95525836,-131,-8984.0
95535844,-131,-8990.0
95545844,-131,-8996.0
95555844,-131,-9002.0
95565844,-131,-9008.0
95575852,-131,-9014.0
95585852,-131,-9020.0
95595856,-131,-9026.0
95605856,-131,-9031.0
95615864,-131,-9037.0
95625864,-131,-9043.0
95635868,-131,-9049.0
95645868,-131,-9055.0
95655868,-131,-9061.0
95665868,-131,-9067.0
95675876,-131,-9073.0
95685892,-131,-9079.0
95695892,-131,-9084.0
95705900,-131,-9090.0
95715900,-131,-9096.0
95725904,-131,-9102.0
95735904,-131,-9108.0
95745904,-131,-9114.0
95755904,-131,-9120.0
95765908,-131,-9126.0
95775916,-131,-9131.0
95785916,-131,-9137.0
95795916,-131,-9143.0
95805924,-131,-9149.0
95815928,-131,-9155.0
95825928,-131,-9161.0
95835928,-131,-9167.0
95845928,-131,-9173.0
95855932,-131,-9179.0
95865932,-131,-9185.0
95875932,-131,-9191.0
95885932,-131,-9196.0
95895936,-131,-9202.0
95905936,-79,-9208.0
95915936,-79,-9213.0
95925936,-79,-9218.0
95935944,-79,-9222.0
95945944,-79,-9226.0
95955948,-79,-9229.0
95965948,-79,-9233.0
95975952,-79,-9237.0
95985956,-79,-9240.0
95995960,-79,-9244.0
96005964,-79,-9247.0
96015972,-79,-9251.0
96025976,-79,-9254.0
96035976,-79,-9258.0
96045976,-79,-9261.0
96055976,-79,-9265.0
96065980,-79,-9268.0
96075980,-79,-9272.0
96085980,-79,-9275.0
96095980,-79,-9279.0
96105980,-79,-9282.0
96115984,-79,-9286.0
96125984,-79,-9289.0
96135984,-79,-9293.0
96145984,-79,-9296.0
96155988,-79,-9300.0
96165992,-79,-9303.0
96175992,-79,-9307.0
96185992,-79,-9310.0
96195996,-79,-9314.0
96205996,-79,-9317.0
96215996,-79,-9321.0
96226000,-79,-9324.0
96236008,-79,-9328.0
96246016,-79,-9331.0
96256016,-79,-9335.0
96266024,-79,-9338.0
96276024,-79,-9342.0
96286028,-79,-9345.0
96296028,-79,-9349.0
96306028,-79,-9352.0
96316028,-79,-9356.0
96326032,-79,-9359.0
96336032,-79,-9363.0
96346032,-79,-9366.0
96356032,-79,-9370.0
96366036,-79,-9373.0
96376036,-79,-9377.0
96386036,-79,-9380.0
96396036,-79,-9384.0
96406036,-79,-9387.0
96416040,-79,-9391.0
96426040,-79,-9394.0
96436040,-79,-9398.0
96446040,-79,-9401.0
96456044,-79,-9405.0
96466044,-79,-9408.0
96476044,-79,-9412.0
96486044,-79,-9415.0
96496048,-79,-9419.0
96506048,-79,-9422.0
96516048,-79,-9426.0
96526048,-79,-9429.0
96536048,-79,-9433.0
96546056,-79,-9436.0
96556056,-79,-9440.0
96566056,-79,-9443.0
96576056,-79,-9447.0
96586060,-79,-9450.0
96596060,-79,-9454.0
96606060,127,-9457.0
96616068,127,-9458.0
96626076,127,-9455.0
96636080,127,-9451.0
96646084,127,-9447.0
96656088,127,-9442.0
96666088,127,-9436.0
96676092,127,-9431.0
96686096,127,-9425.0
96696096,127,-9420.0
96706096,127,-9414.0
96716104,127,-9408.0
96726108,127,-9402.0
96736108,127,-9397.0
96746112,127,-9391.0
96756120,127,-9385.0
96766124,127,-9380.0
96776124,127,-9374.0
96786128,127,-9368.0
96796140,127,-9362.0
96806148,127,-9357.0
96816148,127,-9351.0
96826152,127,-9345.0
96836152,127,-9339.0
96846152,127,-9334.0
96856152,127,-9328.0
96866152,127,-9322.0
96876156,127,-9316.0
96886172,127,-9310.0
96896176,127,-9305.0
96906176,127,-9299.0
96916180,127,-9293.0
96926192,127,-9287.0
96936200,127,-9282.0
96946200,127,-9276.0
96956204,127,-9270.0
96966208,127,-9264.0
96976216,127,-9259.0
96986216,127,-9253.0
96996216,127,-9247.0
97006220,127,-9241.0
97016228,127,-9236.0
97026228,127,-9230.0
97036232,127,-9224.0
97046232,127,-9218.0
97056236,127,-9213.0
97066240,127,-9207.0
97076244,127,-9201.0
97086244,127,-9195.0
97096244,127,-9190.0
97106252,127,-9184.0
97116252,127,-9178.0
97126256,127,-9172.0
97136260,127,-9167.0
97146268,127,-9161.0
97156268,127,-9155.0
97166272,127,-9149.0
97176284,127,-9143.0
97186288,127,-9138.0
97196292,127,-9132.0
97206296,127,-9126.0
97216300,127,-9120.0
97226300,127,-9115.0
97236300,127,-9109.0
97246300,127,-9103.0
97256304,127,-9097.0
97266308,127,-9092.0
97276308,127,-9086.0
97286312,127,-9080.0
97296312,127,-9074.0
97306312,82,-9069.0
97316328,82,-9064.0
97326332,82,-9059.0
97336336,82,-9055.0
97346340,82,-9051.0
97356340,82,-9047.0
97366340,82,-9043.0
97376344,82,-9039.0
97386348,82,-9036.0
97396348,82,-9032.0
97406348,82,-9028.0
97416352,82,-9025.0
97426356,82,-9021.0
97436360,82,-9017.0
97446376,82,-9014.0
97456384,82,-9010.0
97466388,82,-9006.0
97476392,82,-9003.0
97486396,82,-8999.0
97496404,82,-8995.0
97506404,82,-8991.0
97516408,82,-8988.0
97526412,82,-8984.0
97536420,82,-8980.0
97546420,82,-8977.0
97556424,82,-8973.0
97566428,82,-8969.0
97576432,82,-8966.0
97586440,82,-8962.0
97596444,82,-8958.0
97606448,82,-8955.0
97616452,82,-8951.0
97626460,82,-8947.0
97636464,82,-8944.0
97646468,82,-8940.0
97656472,82,-8936.0
97666472,82,-8933.0
97676476,82,-8929.0
97686480,82,-8925.0
97696484,82,-8922.0
97706484,82,-8918.0
97716492,82,-8914.0
97726496,82,-8910.0
97736500,82,-8907.0
97746504,82,-8903.0
97756512,82,-8899.0
97766516,82,-8896.0
97776520,82,-8892.0
97786524,82,-8888.0
97796524,82,-8885.0
97806524,82,-8881.0
97816528,82,-8877.0
97826532,82,-8874.0
97836536,82,-8870.0
97846536,82,-8866.0
97856540,82,-8863.0
97866544,82,-8859.0
97876548,82,-8855.0
97886556,82,-8852.0
97896560,82,-8848.0
97906564,82,-8844.0
97916568,82,-8841.0
97926568,82,-8837.0
97936568,82,-8833.0
97946572,82,-8830.0
97956576,82,-8826.0
97966580,82,-8822.0
97976588,82,-8819.0
97986592,82,-8815.0
97996596,82,-8811.0
98006600,-254,-8808.0
98016604,-254,-8811.0
98026604,-254,-8817.0
98036612,-254,-8825.0
98046620,-254,-8834.0
98056620,-254,-8844.0
98066628,-254,-8855.0
98076632,-254,-8865.0
98086632,-254,-8876.0
98096636,-254,-8888.0
98106636,-254,-8899.0
98116644,-254,-8910.0
98126648,-254,-8922.0
98136656,-254,-8933.0
98146656,-254,-8944.0
98156664,-254,-8956.0
98166672,-254,-8967.0
98176676,-254,-8979.0
98186676,-254,-8990.0
98196680,-254,-9001.0
98206688,-254,-9013.0
98216696,-254,-9024.0
98226700,-254,-9036.0
98236704,-254,-9047.0
98246712,-254,-9058.0
98256720,-254,-9070.0
98266724,-254,-9081.0
98276724,-254,-9093.0
98286732,-254,-9104.0
98296740,-254,-9116.0
98306748,-254,-9127.0
98316756,-254,-9138.0
98326760,-254,-9150.0
98336764,-254,-9161.0
98346768,-254,-9173.0
98356772,-254,-9184.0
98366772,-254,-9195.0
98376776,-254,-9207.0
98386784,-254,-9218.0
98396788,-254,-9230.0
98406788,-254,-9241.0
98416788,-254,-9253.0
98426796,-254,-9264.0
98436800,-254,-9275.0
98446800,-254,-9287.0
98456804,-254,-9298.0
98466808,-254,-9310.0
98476812,-254,-9321.0
98486816,-254,-9333.0
98496816,-254,-9344.0
98506820,-254,-9355.0
98516824,-254,-9367.0
98526832,-254,-9378.0
98536840,-254,-9390.0
98546844,-254,-9401.0
98556852,-254,-9412.0
98566856,-254,-9424.0
98576856,-254,-9435.0
98586860,-254,-9447.0
98596864,-254,-9458.0
98606872,-254,-9470.0
98616876,-254,-9481.0
98626876,-254,-9492.0
98636880,-254,-9504.0
98646884,-254,-9515.0
98656888,-254,-9527.0
98666888,-254,-9538.0
98676896,-254,-9549.0
98686900,-254,-9561.0
98696904,-254,-9572.0
98706908,-92,-9584.0
98716916,-92,-9593.0
98726924,-92,-9600.0
98736932,-92,-9607.0
98746940,-92,-9612.0
98756940,-92,-9617.0
98766940,-92,-9621.0
98776940,-92,-9626.0
98786940,-92,-9630.0
98796944,-92,-9634.0
98806944,-92,-9638.0
98816952,-92,-9642.0
98826960,-92,-9647.0
98836968,-92,-9651.0
98846972,-92,-9655.0
98856972,-92,-9659.0
98866980,-92,-9663.0
98876980,-92,-9667.0
98886984,-92,-9671.0
98896984,-92,-9675.0
98906992,-92,-9680.0
98916992,-92,-9684.0
98926996,-92,-9688.0
98936996,-92,-9692.0
98946996,-92,-9696.0
98956996,-92,-9700.0
98967000,-92,-9704.0
98977000,-92,-9708.0
98987000,-92,-9712.0
98997008,-92,-9716.0
99007008,-92,-9721.0
99017012,-92,-9725.0
99027012,-92,-9729.0
99037012,-92,-9733.0
99047016,-92,-9737.0
99057020,-92,-9741.0
99067020,-92,-9745.0
99077020,-92,-9749.0
99087020,-92,-9753.0
99097024,-92,-9757.0
99107024,-92,-9762.0
99117028,-92,-9766.0
99127028,-92,-9770.0
99137028,-92,-9774.0
99147032,-92,-9778.0
99157032,-92,-9782.0
99167032,-92,-9786.0
99177032,-92,-9790.0
99187036,-92,-9794.0
99197036,-92,-9799.0
99207040,-92,-9803.0
99217048,-92,-9807.0
99227052,-92,-9811.0
99237052,-92,-9815.0
99247060,-92,-9819.0
99257060,-92,-9823.0
99267060,-92,-9827.0
99277064,-92,-9831.0
99287064,-92,-9835.0
99297064,-92,-9840.0
99307072,-92,-9844.0
99317076,-92,-9848.0
99327076,-92,-9852.0
99337080,-92,-9856.0
99347080,-92,-9860.0
99357084,-92,-9864.0
99367084,-92,-9868.0
99377084,-92,-9872.0
99387084,-92,-9876.0
99397088,-92,-9880.0
99407096,236,-9884.0
99417100,236,-9883.0
99427104,236,-9877.0
99437108,236,-9870.0
99447112,236,-9861.0
99457112,236,-9851.0
99467112,236,-9841.0
99477112,236,-9831.0
99487116,236,-9821.0
99497116,236,-9810.0
99507116,236,-9800.0
99517116,236,-9789.0
99527120,236,-9778.0
99537120,236,-9768.0
99547128,236,-9757.0
99557136,236,-9746.0
99567136,236,-9735.0
99577140,236,-9725.0
99587140,236,-9714.0
99597148,236,-9703.0
99607156,236,-9692.0
99617160,236,-9682.0
99627168,236,-9671.0
99637176,236,-9660.0
99647184,236,-9649.0
99657192,236,-9639.0
99667196,236,-9628.0
99677204,236,-9617.0
99687212,236,-9606.0
99697220,236,-9596.0
99707224,236,-9585.0
99717232,236,-9574.0
99727240,236,-9563.0
99737240,236,-9553.0
99747244,236,-9542.0
99757244,236,-9531.0
99767244,236,-9520.0
99777244,236,-9510.0
99787244,236,-9499.0
99797244,236,-9488.0
99807244,236,-9477.0
99817244,236,-9466.0
99827244,236,-9456.0
99837248,236,-9445.0
99847256,236,-9434.0
99857256,236,-9423.0
99867264,236,-9413.0
99877268,236,-9402.0
99887276,236,-9391.0
99897284,236,-9380.0
99907284,236,-9370.0
99917292,236,-9359.0
99927296,236,-9348.0
99937304,236,-9337.0
99947304,236,-9327.0
99957312,236,-9316.0
99967316,236,-9305.0
99977324,236,-9294.0
99987332,236,-9284.0
99997340,236,-9273.0
100007344,236,-9262.0
100017352,236,-9251.0
100027360,236,-9241.0
100037364,236,-9230.0
100047364,236,-9219.0
100057364,236,-9208.0
100067372,236,-9198.0
100077380,236,-9187.0
100087380,236,-9176.0
100097380,236,-9165.0
100107388,217,-9155.0
100117396,217,-9144.0
100127404,217,-9134.0
100137408,217,-9124.0
100147416,217,-9114.0
100157424,217,-9104.0
100167424,217,-9094.0
100177432,217,-9084.0
100187436,217,-9074.0
100197444,217,-9064.0
100207452,217,-9054.0
100217452,217,-9044.0
100227456,217,-9034.0
100237464,217,-9024.0
100247472,217,-9014.0
100257472,217,-9005.0
100267472,217,-8995.0
100277472,217,-8985.0
100287472,217,-8975.0
100297480,217,-8965.0
100307480,217,-8955.0
100317480,217,-8945.0
100327480,217,-8935.0
100337480,217,-8925.0
100347488,217,-8915.0
100357492,217,-8906.0
100367492,217,-8896.0
100377500,217,-8886.0
100387508,217,-8876.0
100397512,217,-8866.0
100407520,217,-8856.0
100417528,217,-8846.0
100427536,217,-8836.0
100437536,217,-8826.0
100447548,217,-8816.0
100457548,217,-8807.0
100467556,217,-8797.0
100477564,217,-8787.0
100487568,217,-8777.0
100497576,217,-8767.0
100507576,217,-8757.0
100517584,217,-8747.0
100527592,217,-8737.0
100537596,217,-8727.0
100547596,217,-8717.0
100557596,217,-8708.0
100567596,217,-8698.0
100577596,217,-8688.0
100587596,217,-8678.0
100597596,217,-8668.0
100607604,217,-8658.0
100617608,217,-8648.0
100627616,217,-8638.0
100637616,217,-8628.0
100647624,217,-8618.0
100657628,217,-8609.0
100667636,217,-8599.0
100677636,217,-8589.0
100687636,217,-8579.0
100697644,217,-8569.0
100707644,217,-8559.0
100717644,217,-8549.0
100727644,217,-8539.0
100737644,217,-8529.0
100747648,217,-8520.0
100757656,217,-8510.0
100767656,217,-8500.0
100777656,217,-8490.0
100787656,217,-8480.0
100797656,217,-8470.0
100807664,-196,-8461.0
100817664,-196,-8458.0
100827664,-196,-8460.0
100837668,-196,-8465.0
100847676,-196,-8472.0
100857684,-196,-8479.0
100867692,-196,-8487.0
100877692,-196,-8495.0
100887696,-196,-8504.0
100897704,-196,-8512.0
100907708,-196,-8521.0
100917708,-196,-8530.0
100927708,-196,-8538.0
100937712,-196,-8547.0
100947720,-196,-8556.0
100957728,-196,-8565.0
100967728,-196,-8574.0
100977732,-196,-8582.0
100987740,-196,-8591.0
100997748,-196,-8600.0
101007748,-196,-8609.0
101017752,-196,-8618.0
101027760,-196,-8627.0
101037760,-196,-8635.0
101047760,-196,-8644.0
101057768,-196,-8653.0
101067772,-196,-8662.0
101077772,-196,-8671.0
101087780,-196,-8680.0
101097780,-196,-8688.0
101107788,-196,-8697.0
101117796,-196,-8706.0
101127804,-196,-8715.0
101137804,-196,-8724.0
101147812,-196,-8733.0
101157820,-196,-8741.0
101167828,-196,-8750.0
101177836,-196,-8759.0
101187836,-196,-8768.0
101197836,-196,-8777.0
101207844,-196,-8785.0
101217852,-196,-8794.0
101227852,-196,-8803.0
101237860,-196,-8812.0
101247864,-196,-8821.0
101257864,-196,-8829.0
101267864,-196,-8838.0
101277872,-196,-8847.0
101287880,-196,-8856.0
101297884,-196,-8865.0
101307892,-196,-8874.0
101317896,-196,-8882.0
101327904,-196,-8891.0
101337912,-196,-8900.0
101347920,-196,-8909.0
101357920,-196,-8918.0
101367920,-196,-8927.0
101377928,-196,-8936.0
101387936,-196,-8944.0
101397936,-196,-8953.0
101407944,-196,-8962.0
101417952,-196,-8971.0
101427960,-196,-8980.0
101437964,-196,-8988.0
101447968,-196,-8997.0
101457976,-196,-9006.0
101467980,-196,-9015.0
101477988,-196,-9024.0
101487992,-196,-9033.0
101498000,-196,-9041.0
101508000,127,-9049.0
101518004,127,-9052.0
101528004,127,-9051.0
101538008,127,-9048.0
101548012,127,-9044.0
101558016,127,-9039.0
101568016,127,-9034.0
101578016,127,-9029.0
101588020,127,-9023.0
101598020,127,-9017.0
101608024,127,-9012.0
101618028,127,-9006.0
101628028,127,-9000.0
101638028,127,-8995.0
101648032,127,-8989.0
101658036,127,-8983.0
101668036,127,-8977.0
101678036,127,-8972.0
101688040,127,-8966.0
101698040,127,-8960.0
101708044,127,-8954.0
101718048,127,-8949.0
101728052,127,-8943.0
101738052,127,-8937.0
101748052,127,-8931.0
101758052,127,-8926.0
101768056,127,-8920.0
101778056,127,-8914.0
101788064,127,-8908.0
101798068,127,-8903.0
101808068,127,-8897.0
101818068,127,-8891.0
101828072,127,-8885.0
101838076,127,-8880.0
101848080,127,-8874.0
101858080,127,-8868.0
101868084,127,-8862.0
101878092,127,-8857.0
101888092,127,-8851.0
101898092,127,-8845.0
101908096,127,-8839.0
101918104,127,-8834.0
101928104,127,-8828.0
101938108,127,-8822.0
101948108,127,-8816.0
101958124,127,-8811.0
101968128,127,-8805.0
101978132,127,-8799.0
101988136,127,-8793.0
101998140,127,-8787.0
102008148,127,-8782.0
102018148,127,-8776.0
102028152,127,-8770.0
102038156,127,-8764.0
102048164,127,-8759.0
102058164,127,-8753.0
102068168,127,-8747.0
102078172,127,-8741.0
102088176,127,-8736.0
102098180,127,-8730.0
102108184,127,-8724.0
102118184,127,-8718.0
102128188,127,-8713.0
102138188,127,-8707.0
102148188,127,-8701.0
102158192,127,-8695.0
102168196,127,-8690.0
102178204,127,-8684.0
102188204,127,-8678.0
102198208,127,-8672.0
102208216,-123,-8667.0
102218216,-123,-8666.0
102228224,-123,-8668.0
102238236,-123,-8672.0
102248236,-123,-8676.0
102258244,-123,-8681.0
102268248,-123,-8686.0
102278248,-123,-8691.0
102288256,-123,-8697.0
102298256,-123,-8702.0
102308256,-123,-8708.0
102318256,-123,-8713.0
102328256,-123,-8718.0
102338256,-123,-8724.0
102348268,-123,-8729.0
102358272,-123,-8735.0
102368272,-123,-8740.0
102378272,-123,-8746.0
102388272,-123,-8751.0
102398280,-123,-8757.0
102408280,-123,-8763.0
102418284,-123,-8768.0
102428292,-123,-8774.0
102438292,-123,-8779.0
102448300,-123,-8785.0
102458308,-123,-8790.0
102468312,-123,-8796.0
102478312,-123,-8801.0
102488312,-123,-8807.0
102498320,-123,-8812.0
102508324,-123,-8818.0
102518332,-123,-8823.0
102528332,-123,-8829.0
102538340,-123,-8834.0
102548344,-123,-8840.0
102558344,-123,-8845.0
102568344,-123,-8851.0
102578352,-123,-8856.0
102588360,-123,-8862.0
102598368,-123,-8867.0
102608376,-123,-8873.0
102618376,-123,-8878.0
102628384,-123,-8884.0
102638392,-123,-8889.0
102648400,-123,-8895.0
102658400,-123,-8900.0
102668404,-123,-8906.0
102678404,-123,-8911.0
102688412,-123,-8917.0
102698412,-123,-8922.0
102708420,-123,-8928.0
102718428,-123,-8933.0
102728436,-123,-8939.0
102738444,-123,-8944.0
102748444,-123,-8950.0
102758452,-123,-8955.0
102768460,-123,-8961.0
102778468,-123,-8966.0
102788468,-123,-8972.0
102798468,-123,-8977.0
102808476,-123,-8983.0
102818484,-123,-8988.0
102828484,-123,-8994.0
102838488,-123,-8999.0
102848496,-123,-9005.0
102858504,-123,-9010.0
102868512,-123,-9016.0
102878512,-123,-9021.0
102888512,-123,-9027.0
102898512,-123,-9032.0
102908520,84,-9037.0
102918528,84,-9038.0
102928532,84,-9037.0
102938536,84,-9034.0
102948540,84,-9031.0
102958548,84,-9028.0
102968548,84,-9025.0
102978552,84,-9021.0
102988556,84,-9017.0
102998560,84,-9014.0
103008564,84,-9010.0
103018568,84,-9006.0
103028572,84,-9002.0
103038576,84,-8999.0
103048584,84,-8995.0
103058584,84,-8991.0
103068584,84,-8987.0
103078588,84,-8984.0
103088596,84,-8980.0
103098596,84,-8976.0
103108600,84,-8972.0
103118604,84,-8969.0
103128604,84,-8965.0
103138612,84,-8961.0
103148612,84,-8957.0
103158616,84,-8953.0
103168624,84,-8950.0
103178628,84,-8946.0
103188632,84,-8942.0
103198636,84,-8938.0
103208640,84,-8935.0
103218640,84,-8931.0
103228644,84,-8927.0
103238644,84,-8923.0
103248648,84,-8919.0
103258648,84,-8916.0
103268656,84,-8912.0
103278660,84,-8908.0
103288660,84,-8904.0
103298664,84,-8901.0
103308672,84,-8897.0
103318676,84,-8893.0
103328680,84,-8889.0
103338680,84,-8886.0
103348680,84,-8882.0
103358680,84,-8878.0
103368684,84,-8874.0
103378688,84,-8871.0
103388692,84,-8867.0
103398700,84,-8863.0
103408704,84,-8859.0
103418708,84,-8855.0
103428712,84,-8852.0
103438720,84,-8848.0
103448720,84,-8844.0
103458724,84,-8840.0
103468728,84,-8837.0
103478732,84,-8833.0
103488736,84,-8829.0
103498740,84,-8825.0
103508740,84,-8821.0
103518744,84,-8818.0
103528752,84,-8814.0
103538756,84,-8810.0
103548760,84,-8806.0
103558764,84,-8803.0
103568768,84,-8799.0
103578772,84,-8795.0
103588776,84,-8791.0
103598780,84,-8788.0
103608788,246,-8783.0
103618788,246,-8777.0
103628788,246,-8768.0
103638788,246,-8759.0
103648796,246,-8749.0
103658796,246,-8738.0
103668796,246,-8727.0
103678796,246,-8717.0
103688804,246,-8706.0
103698804,246,-8694.0
103708812,246,-8683.0
103718820,246,-8672.0
103728824,246,-8661.0
103738824,246,-8650.0
103748832,246,-8638.0
103758840,246,-8627.0
103768848,246,-8616.0
103778856,246,-8605.0
103788856,246,-8594.0
103798864,246,-8582.0
103808872,246,-8571.0
103818880,246,-8560.0
103828880,246,-8549.0
103838888,246,-8537.0
103848896,246,-8526.0
103858900,246,-8515.0
103868908,246,-8504.0
103878912,246,-8492.0
103888920,246,-8481.0
103898924,246,-8470.0
103908924,246,-8459.0
103918924,246,-8448.0
103928924,246,-8436.0
103938932,246,-8425.0
103948940,246,-8414.0
103958940,246,-8403.0
103968948,246,-8391.0
103978956,246,-8380.0
103988964,246,-8369.0
103998968,246,-8358.0
104008984,246,-8346.0
104018988,246,-8335.0
104028996,246,-8324.0
104039004,246,-8313.0
104049004,246,-8302.0
104059008,246,-8290.0
104069016,246,-8279.0
104079024,246,-8268.0
104089024,246,-8257.0
104099032,246,-8245.0
104109040,246,-8234.0
104119044,246,-8223.0
104129044,246,-8212.0
104139044,246,-8201.0
104149052,246,-8189.0
104159060,246,-8178.0
104169068,246,-8167.0
104179068,246,-8156.0
104189076,246,-8144.0
104199084,246,-8133.0
104209092,246,-8122.0
104219092,246,-8111.0
104229100,246,-8099.0
104239108,246,-8088.0
104249112,246,-8077.0
104259112,246,-8066.0
104269112,246,-8055.0
104279120,246,-8043.0
104289124,246,-8032.0
104299124,246,-8021.0
104309124,73,-8010.0
104319132,73,-8002.0
104329136,73,-7995.0
104339136,73,-7990.0
104349136,73,-7986.0
104359140,73,-7982.0
104369144,73,-7978.0
104379148,73,-7975.0
104389156,73,-7971.0
104399164,73,-7968.0
104409168,73,-7965.0
104419172,73,-7961.0
104429180,73,-7958.0
104439180,73,-7955.0
104449184,73,-7951.0
104459188,73,-7948.0
104469192,73,-7945.0
104479208,73,-7942.0
104489216,73,-7938.0
104499216,73,-7935.0
104509220,73,-7932.0
104519224,73,-7929.0
104529224,73,-7925.0
104539228,73,-7922.0
104549232,73,-7919.0
104559236,73,-7916.0
104569236,73,-7912.0
104579240,73,-7909.0
104589244,73,-7906.0
104599248,73,-7903.0
104609252,73,-7899.0
104619252,73,-7896.0
104629256,73,-7893.0
104639264,73,-7890.0
104649268,73,-7886.0
104659268,73,-7883.0
104669268,73,-7880.0
104679276,73,-7877.0
104689280,73,-7873.0
104699288,73,-7870.0
104709292,73,-7867.0
104719296,73,-7864.0
104729300,73,-7860.0
104739304,73,-7857.0
104749304,73,-7854.0
104759308,73,-7851.0
104769312,73,-7847.0
104779320,73,-7844.0
104789328,73,-7841.0
104799332,73,-7838.0
104809340,73,-7834.0
104819344,73,-7831.0
104829344,73,-7828.0
104839348,73,-7825.0
104849352,73,-7821.0
104859360,73,-7818.0
104869360,73,-7815.0
104879364,73,-7811.0
104889368,73,-7808.0
104899368,73,-7805.0
104909372,73,-7802.0
104919376,73,-7798.0
104929380,73,-7795.0
104939380,73,-7792.0
104949384,73,-7789.0
104959392,73,-7785.0
104969396,73,-7782.0
104979396,73,-7779.0
104989400,73,-7776.0
104999400,73,-7772.0
105009404,159,-7769.0
105019408,159,-7764.0
105029416,159,-7758.0
105039416,159,-7752.0
105049420,159,-7745.0
105059420,159,-7738.0
105069420,159,-7731.0
105079420,159,-7724.0
105089424,159,-7717.0
105099432,159,-7709.0
105109440,159,-7702.0
105119440,159,-7695.0
105129448,159,-7688.0
105139452,159,-7680.0
105149460,159,-7673.0
105159460,159,-7666.0
105169460,159,-7659.0
105179464,159,-7652.0
105189464,159,-7644.0
105199464,159,-7637.0
105209464,159,-7630.0
105219468,159,-7623.0
105229468,159,-7616.0
105239468,159,-7608.0
105249468,159,-7601.0
105259472,159,-7594.0
105269472,159,-7587.0
105279480,159,-7579.0
105289480,159,-7572.0
105299480,159,-7565.0
105309484,159,-7558.0
105319484,159,-7551.0
105329484,159,-7543.0
105339484,159,-7536.0
105349488,159,-7529.0
105359488,159,-7522.0
105369496,159,-7514.0
105379496,159,-7507.0
105389504,159,-7500.0
105399504,159,-7493.0
105409504,159,-7486.0
105419504,159,-7478.0
105429504,159,-7471.0
105439512,159,-7464.0
105449512,159,-7457.0
105459516,159,-7450.0
105469516,159,-7442.0
105479520,159,-7435.0
105489520,159,-7428.0
105499520,159,-7421.0
105509520,159,-7413.0
105519524,159,-7406.0
105529524,159,-7399.0
105539524,159,-7392.0
105549524,159,-7385.0
105559532,159,-7377.0
105569536,159,-7370.0
105579536,159,-7363.0
105589536,159,-7356.0
105599536,159,-7349.0
105609544,159,-7341.0
105619544,159,-7334.0
105629552,159,-7327.0
105639552,159,-7320.0
105649556,159,-7312.0
105659556,159,-7305.0
105669556,159,-7298.0
105679556,159,-7291.0
105689556,159,-7283.0
105699556,159,-7276.0
105709556,188,-7269.0
105719556,188,-7261.0
105729564,188,-7253.0
105739568,188,-7245.0
105749576,188,-7237.0
105759584,188,-7228.0
105769584,188,-7220.0
105779584,188,-7211.0
105789592,188,-7203.0
105799600,188,-7194.0
105809600,188,-7186.0
105819600,188,-7177.0
105829600,188,-7169.0
105839608,188,-7160.0
105849608,188,-7151.0
105859616,188,-7143.0
105869616,188,-7134.0
105879616,188,-7126.0
105889616,188,-7117.0
105899624,188,-7109.0
105909624,188,-7100.0
105919624,188,-7091.0
105929624,188,-7083.0
105939632,188,-7074.0
105949636,188,-7066.0
105959644,188,-7057.0
105969644,188,-7049.0
105979652,188,-7040.0
105989660,188,-7031.0
105999664,188,-7023.0
106009664,188,-7014.0
106019672,188,-7006.0
106029680,188,-6997.0
106039684,188,-6989.0
106049692,188,-6980.0
106059700,188,-6971.0
106069700,188,-6963.0
106079700,188,-6954.0
106089700,188,-6946.0
106099700,188,-6937.0
106109708,188,-6929.0
106119708,188,-6920.0
106129708,188,-6912.0
106139708,188,-6903.0
106149716,188,-6894.0
106159716,188,-6886.0
106169720,188,-6877.0
106179728,188,-6869.0
106189736,188,-6860.0
106199744,188,-6852.0
106209748,188,-6843.0
106219756,188,-6834.0
106229764,188,-6826.0
106239772,188,-6817.0
106249772,188,-6809.0
106259772,188,-6800.0
106269772,188,-6792.0
106279780,188,-6783.0
106289788,188,-6774.0
106299792,188,-6766.0
106309800,188,-6757.0
106319800,188,-6749.0
106329808,188,-6740.0
106339816,188,-6732.0
106349820,188,-6723.0
106359828,188,-6714.0
106369828,188,-6706.0
106379836,188,-6697.0
106389840,188,-6689.0
106399840,188,-6680.0
106409840,-103,-6673.0
106419848,-103,-6671.0
106429852,-103,-6672.0
106439860,-103,-6675.0
106449860,-103,-6678.0
106459868,-103,-6682.0
106469868,-103,-6687.0
106479868,-103,-6691.0
106489868,-103,-6695.0
106499868,-103,-6700.0
106509872,-103,-6704.0
106519876,-103,-6709.0
106529884,-103,-6713.0
106539888,-103,-6718.0
106549888,-103,-6722.0
106559888,-103,-6727.0
106569896,-103,-6731.0
106579904,-103,-6736.0
106589908,-103,-6741.0
106599916,-103,-6745.0
106609920,-103,-6750.0
106619924,-103,-6754.0
106629924,-103,-6759.0
106639928,-103,-6764.0
106649932,-103,-6768.0
106659936,-103,-6773.0
106669936,-103,-6777.0
106679944,-103,-6782.0
106689944,-103,-6786.0
106699952,-103,-6791.0
106709952,-103,-6796.0
106719960,-103,-6800.0
106729968,-103,-6805.0
106739968,-103,-6810.0
106749968,-103,-6814.0
106759976,-103,-6819.0
106769984,-103,-6823.0
106779984,-103,-6828.0
106789984,-103,-6833.0
106799984,-103,-6837.0
106809992,-103,-6842.0
106819992,-103,-6846.0
106829992,-103,-6851.0
106840000,-103,-6856.0
106850008,-103,-6860.0
106860012,-103,-6865.0
106870016,-103,-6869.0
106880024,-103,-6874.0
106890028,-103,-6879.0
106900028,-103,-6883.0
106910028,-103,-6888.0
106920036,-103,-6892.0
106930040,-103,-6897.0
106940048,-103,-6902.0
106950052,-103,-6906.0
106960060,-103,-6911.0
106970064,-103,-6915.0
106980064,-103,-6920.0
106990072,-103,-6925.0
107000072,-103,-6929.0
107010072,-103,-6934.0
107020080,-103,-6938.0
107030088,-103,-6943.0
107040088,-103,-6948.0
107050096,-103,-6952.0
107060104,-103,-6957.0
107070112,-103,-6961.0
107080112,-103,-6966.0
107090112,-103,-6971.0
107100120,-103,-6975.0
107110128,-223,-6980.0
107120128,-223,-6987.0
107130128,-223,-6995.0
107140136,-223,-7004.0
107150140,-223,-7014.0
107160148,-223,-7023.0
107170148,-223,-7033.0
107180152,-223,-7043.0
107190160,-223,-7053.0
107200168,-223,-7062.0
107210176,-223,-7072.0
107220180,-223,-7082.0
107230184,-223,-7092.0
107240200,-223,-7103.0
107250204,-223,-7113.0
107260208,-223,-7123.0
107270212,-223,-7133.0
107280220,-223,-7143.0
107290224,-223,-7153.0
107300224,-223,-7163.0
107310228,-223,-7173.0
107320236,-223,-7183.0
107330240,-223,-7193.0
107340240,-223,-7203.0
107350244,-223,-7213.0
107360252,-223,-7223.0
107370256,-223,-7233.0
107380260,-223,-7243.0
107390260,-223,-7253.0
107400268,-223,-7263.0
107410272,-223,-7273.0
107420276,-223,-7283.0
107430276,-223,-7293.0
107440284,-223,-7303.0
107450288,-223,-7313.0
107460296,-223,-7323.0
107470296,-223,-7333.0
107480304,-223,-7343.0
107490308,-223,-7353.0
107500316,-223,-7363.0
107510320,-223,-7373.0
107520320,-223,-7383.0
107530324,-223,-7393.0
107540328,-223,-7403.0
107550332,-223,-7413.0
107560332,-223,-7423.0
107570336,-223,-7433.0
107580340,-223,-7443.0
107590344,-223,-7453.0
107600344,-223,-7464.0
107610348,-223,-7474.0
107620352,-223,-7484.0
107630360,-223,-7494.0
107640364,-223,-7504.0
107650364,-223,-7514.0
107660368,-223,-7524.0
107670372,-223,-7534.0
107680380,-223,-7544.0
107690380,-223,-7554.0
107700384,-223,-7564.0
107710388,-223,-7574.0
107720396,-223,-7584.0
107730396,-223,-7594.0
107740400,-223,-7604.0
107750408,-223,-7614.0
107760412,-223,-7624.0
107770416,-223,-7634.0
107780416,-223,-7644.0
107790420,-223,-7654.0
107800428,-223,-7664.0
107810432,-209,-7674.0
107820432,-209,-7684.0
107830436,-209,-7694.0
107840440,-209,-7703.0
107850444,-209,-7713.0
107860444,-209,-7722.0
107870448,-209,-7731.0
107880456,-209,-7741.0
107890460,-209,-7750.0
107900464,-209,-7760.0
107910464,-209,-7769.0
107920468,-209,-7779.0
107930476,-209,-7788.0
107940480,-209,-7797.0
107950480,-209,-7807.0
107960484,-209,-7816.0
107970488,-209,-7826.0
107980488,-209,-7835.0
107990488,-209,-7844.0
108000492,-209,-7854.0
108010496,-209,-7863.0
108020504,-209,-7873.0
108030508,-209,-7882.0
108040508,-209,-7891.0
108050512,-209,-7901.0
108060512,-209,-7910.0
108070516,-209,-7919.0
108080516,-209,-7929.0
108090520,-209,-7938.0
108100528,-209,-7948.0
108110532,-209,-7957.0
108120536,-209,-7966.0
108130540,-209,-7976.0
108140540,-209,-7985.0
108150544,-209,-7995.0
108160552,-209,-8004.0
108170556,-209,-8014.0
108180560,-209,-8023.0
108190564,-209,-8032.0
108200568,-209,-8042.0
108210576,-209,-8051.0
108220580,-209,-8060.0
108230584,-209,-8070.0
108240592,-209,-8079.0
108250604,-209,-8089.0
108260604,-209,-8098.0
108270608,-209,-8107.0
108280612,-209,-8117.0
108290620,-209,-8126.0
108300628,-209,-8136.0
108310632,-209,-8145.0
108320640,-209,-8154.0
108330644,-209,-8164.0
108340652,-209,-8173.0
108350656,-209,-8183.0
108360660,-209,-8192.0
108370668,-209,-8201.0
108380672,-209,-8211.0
108390672,-209,-8220.0
108400676,-209,-8230.0
108410680,-209,-8239.0
108420688,-209,-8248.0
108430696,-209,-8258.0
108440704,-209,-8267.0
108450708,-209,-8277.0
108460716,-209,-8286.0
108470716,-209,-8295.0
108480720,-209,-8305.0
108490728,-209,-8314.0
108500732,-209,-8324.0
108510740,-122,-8333.0
108520740,-122,-8340.0
108530748,-122,-8347.0
108540756,-122,-8354.0
108550756,-122,-8360.0
108560756,-122,-8366.0
108570764,-122,-8371.0
108580772,-122,-8377.0
108590780,-122,-8382.0
108600780,-122,-8388.0
108610788,-122,-8393.0
108620796,-122,-8399.0
108630796,-122,-8404.0
108640804,-122,-8410.0
108650804,-122,-8415.0
108660812,-122,-8421.0
108670816,-122,-8426.0
108680816,-122,-8432.0
108690816,-122,-8437.0
108700824,-122,-8443.0
108710832,-122,-8448.0
108720840,-122,-8454.0
108730840,-122,-8459.0
108740840,-122,-8464.0
108750848,-122,-8470.0
108760856,-122,-8475.0
108770864,-122,-8481.0
108780868,-122,-8486.0
108790876,-122,-8492.0
108800884,-122,-8497.0
108810888,-122,-8503.0
108820888,-122,-8508.0
108830892,-122,-8514.0
108840900,-122,-8519.0
108850904,-122,-8525.0
108860904,-122,-8530.0
108870904,-122,-8535.0
108880912,-122,-8541.0
108890920,-122,-8546.0
108900924,-122,-8552.0
108910928,-122,-8557.0
108920936,-122,-8563.0
108930944,-122,-8568.0
108940952,-122,-8574.0
108950952,-122,-8579.0
108960952,-122,-8585.0
108970956,-122,-8590.0
108980956,-122,-8596.0
108990960,-122,-8601.0
109000972,-122,-8607.0
109010972,-122,-8612.0
109020980,-122,-8617.0
109030988,-122,-8623.0
109040988,-122,-8628.0
109050996,-122,-8634.0
109061004,-122,-8639.0
109071012,-122,-8645.0
109081012,-122,-8650.0
109091012,-122,-8656.0
109101020,-122,-8661.0
109111028,-122,-8667.0
109121036,-122,-8672.0
109131036,-122,-8678.0
109141036,-122,-8683.0
109151044,-122,-8688.0
109161052,-122,-8694.0
109171052,-122,-8699.0
109181052,-122,-8705.0
109191060,-122,-8710.0
109201068,-122,-8716.0
109211068,155,-8720.0
109221072,155,-8719.0
109231076,155,-8715.0
109241080,155,-8710.0
109251080,155,-8705.0
109261088,155,-8698.0
109271088,155,-8692.0
109281088,155,-8685.0
109291088,155,-8678.0
109301092,155,-8671.0
109311096,155,-8664.0
109321096,155,-8657.0
109331096,155,-8650.0
109341100,155,-8643.0
109351104,155,-8636.0
109361104,155,-8629.0
109371108,155,-8622.0
109381108,155,-8615.0
109391112,155,-8608.0
109401116,155,-8601.0
109411116,155,-8594.0
109421120,155,-8587.0
109431124,155,-8580.0
109441124,155,-8573.0
109451124,155,-8566.0
109461136,155,-8558.0
109471140,155,-8551.0
109481140,155,-8544.0
109491140,155,-8537.0
109501144,155,-8530.0
109511144,155,-8523.0
109521152,155,-8516.0
109531152,155,-8509.0
109541152,155,-8502.0
109551152,155,-8495.0
109561160,155,-8488.0
109571160,155,-8481.0
109581160,155,-8474.0
109591160,155,-8467.0
109601168,155,-8460.0
109611168,155,-8453.0
109621168,155,-8446.0
109631176,155,-8439.0
109641180,155,-8432.0
109651184,155,-8425.0
109661184,155,-8418.0
109671184,155,-8411.0
109681184,155,-8403.0
109691188,155,-8396.0
109701188,155,-8389.0
109711188,155,-8382.0
109721192,155,-8375.0
109731196,155,-8368.0
109741200,155,-8361.0
109751200,155,-8354.0
109761200,155,-8347.0
109771208,155,-8340.0
109781208,155,-8333.0
109791208,155,-8326.0
109801208,155,-8319.0
109811208,155,-8312.0
109821212,155,-8305.0
109831216,155,-8298.0
109841216,155,-8291.0
109851216,155,-8284.0
109861220,155,-8277.0
109871220,155,-8270.0
109881220,155,-8263.0
109891220,155,-8256.0
109901224,155,-8248.0
109911224,153,-8241.0
109921224,153,-8234.0
109931228,153,-8227.0
109941240,153,-8220.0
109951244,153,-8214.0
109961248,153,-8207.0
109971248,153,-8200.0
109981248,153,-8193.0
109991252,153,-8186.0
110001256,153,-8179.0
110011256,153,-8172.0
110021256,153,-8165.0
110031260,153,-8158.0
110041264,153,-8151.0
110051264,153,-8144.0
110061268,153,-8137.0
110071280,153,-8130.0
110081288,153,-8123.0
110091296,153,-8116.0
110101296,153,-8109.0
110111296,153,-8102.0
110121300,153,-8095.0
110131308,153,-8088.0
110141308,153,-8081.0
110151308,153,-8074.0
110161312,153,-8068.0
110171312,153,-8061.0
110181312,153,-8054.0
110191312,153,-8047.0
110201324,153,-8040.0
110211328,153,-8033.0
110221328,153,-8026.0
110231328,153,-8019.0
110241328,153,-8012.0
110251332,153,-8005.0
110261332,153,-7998.0
110271332,153,-7991.0
110281336,153,-7984.0
110291340,153,-7977.0
110301344,153,-7970.0
110311344,153,-7963.0
110321344,153,-7956.0
110331352,153,-7949.0
110341352,153,-7942.0
110351356,153,-7935.0
110361356,153,-7929.0
110371360,153,-7922.0
110381364,153,-7915.0
110391368,153,-7908.0
110401368,153,-7901.0
110411368,153,-7894.0
110421376,153,-7887.0
110431376,153,-7880.0
110441376,153,-7873.0
110451376,153,-7866.0
110461380,153,-7859.0
110471384,153,-7852.0
110481384,153,-7845.0
110491384,153,-7838.0
110501384,153,-7831.0
110511392,153,-7824.0
110521392,153,-7817.0
110531392,153,-7810.0
110541396,153,-7803.0
110551400,153,-7797.0
110561400,153,-7790.0
110571404,153,-7783.0
110581404,153,-7776.0
110591412,153,-7769.0
110601416,153,-7762.0
110611416,200,-7755.0
110621424,200,-7747.0
110631432,200,-7738.0
110641436,200,-7730.0
110651436,200,-7721.0
110661436,200,-7712.0
110671444,200,-7703.0
110681448,200,-7694.0
110691456,200,-7685.0
110701456,200,-7676.0
110711456,200,-7667.0
110721460,200,-7658.0
110731468,200,-7649.0
110741468,200,-7640.0
110751468,200,-7631.0
110761468,200,-7622.0
110771468,200,-7613.0
110781468,200,-7604.0
110791476,200,-7595.0
110801476,200,-7586.0
110811480,200,-7577.0
110821480,200,-7568.0
110831488,200,-7559.0
110841488,200,-7550.0
110851492,200,-7540.0
110861500,200,-7531.0
110871500,200,-7522.0
110881500,200,-7513.0
110891508,200,-7504.0
110901512,200,-7495.0
110911512,200,-7486.0
110921512,200,-7477.0
110931512,200,-7467.0
110941512,200,-7458.0
110951512,200,-7449.0
110961512,200,-7440.0
110971512,200,-7431.0
110981516,200,-7422.0
110991516,200,-7413.0
111001516,200,-7404.0
111011520,200,-7395.0
111021520,200,-7386.0
111031520,200,-7377.0
111041520,200,-7367.0
111051520,200,-7358.0
111061520,200,-7349.0
111071524,200,-7340.0
111081524,200,-7331.0
111091524,200,-7322.0
111101524,200,-7313.0
111111528,200,-7304.0
111121528,200,-7294.0
111131536,200,-7285.0
111141536,200,-7276.0
111151540,200,-7267.0
111161540,200,-7258.0
111171540,200,-7249.0
111181540,200,-7240.0
111191540,200,-7231.0
111201544,200,-7222.0
111211544,200,-7213.0
111221552,200,-7203.0
111231552,200,-7194.0
111241556,200,-7185.0
111251556,200,-7176.0
111261556,200,-7167.0
111271556,200,-7158.0
111281560,200,-7149.0
111291560,200,-7140.0
111301560,200,-7131.0
111311560,86,-7122.0
111321572,86,-7115.0
111331572,86,-7109.0
111341576,86,-7104.0
111351580,86,-7100.0
111361584,86,-7095.0
111371584,86,-7091.0
111381584,86,-7087.0
111391588,86,-7083.0
111401596,86,-7080.0
111411604,86,-7076.0
111421604,86,-7072.0
111431608,86,-7068.0
111441608,86,-7064.0
111451620,86,-7060.0
111461628,86,-7056.0
111471632,86,-7052.0
111481636,86,-7049.0
111491636,86,-7045.0
111501636,86,-7041.0
111511636,86,-7037.0
111521640,86,-7033.0
111531644,86,-7029.0
111541652,86,-7025.0
111551656,86,-7022.0
111561660,86,-7018.0
111571664,86,-7014.0
111581680,86,-7010.0
111591688,86,-7006.0
111601688,86,-7002.0
111611692,86,-6998.0
111621696,86,-6995.0
111631704,86,-6991.0
111641708,86,-6987.0
111651708,86,-6983.0
111661712,86,-6979.0
111671720,86,-6975.0
111681724,86,-6971.0
111691728,86,-6968.0
111701732,86,-6964.0
111711736,86,-6960.0
111721744,86,-6956.0
111731744,86,-6952.0
111741748,86,-6948.0
111751752,86,-6944.0
111761760,86,-6940.0
111771764,86,-6937.0
111781768,86,-6933.0
111791772,86,-6929.0
111801780,86,-6925.0
111811780,86,-6921.0
111821784,86,-6917.0
111831800,86,-6913.0
111841804,86,-6910.0
111851812,86,-6906.0
111861816,86,-6902.0
111871816,86,-6898.0
111881824,86,-6894.0
111891832,86,-6890.0
111901832,86,-6886.0
111911840,86,-6883.0
111921844,86,-6879.0
111931852,86,-6875.0
111941856,86,-6871.0
111951860,86,-6867.0
111961864,86,-6863.0
111971864,86,-6859.0
111981864,86,-6856.0
111991868,86,-6852.0
112001876,86,-6848.0
112011876,-113,-6845.0
112021884,-113,-6845.0
112031884,-113,-6848.0
112041892,-113,-6852.0
112051900,-113,-6856.0
112061904,-113,-6860.0
112071904,-113,-6865.0
112081912,-113,-6870.0
112091920,-113,-6875.0
112101920,-113,-6880.0
112111920,-113,-6885.0
112121920,-113,-6890.0
112131928,-113,-6895.0
112141936,-113,-6900.0
112151936,-113,-6905.0
112161936,-113,-6910.0
112171944,-113,-6916.0
112181944,-113,-6921.0
112191944,-113,-6926.0
112201944,-113,-6931.0
112211952,-113,-6936.0
112221952,-113,-6941.0
112231952,-113,-6946.0
112241952,-113,-6951.0
112251952,-113,-6956.0
112261952,-113,-6961.0
112271960,-113,-6966.0
112281964,-113,-6971.0
112291972,-113,-6976.0
112301980,-113,-6981.0
112311980,-113,-6986.0
112321984,-113,-6991.0
112331992,-113,-6996.0
112341992,-113,-7002.0
112351992,-113,-7007.0
112361992,-113,-7012.0
112371996,-113,-7017.0
112381996,-113,-7022.0
112391996,-113,-7027.0
112401996,-113,-7032.0
112412000,-113,-7037.0
112422000,-113,-7042.0
112432008,-113,-7047.0
112442016,-113,-7052.0
112452020,-113,-7057.0
112462028,-113,-7062.0
112472036,-113,-7067.0
112482036,-113,-7072.0
112492044,-113,-7077.0
112502048,-113,-7082.0
112512048,-113,-7087.0
112522052,-113,-7092.0
112532052,-113,-7097.0
112542056,-113,-7103.0
112552056,-113,-7108.0
112562056,-113,-7113.0
112572056,-113,-7118.0
112582060,-113,-7123.0
112592060,-113,-7128.0
112602068,-113,-7133.0
112612068,-113,-7138.0
112622076,-113,-7143.0
112632084,-113,-7148.0
112642084,-113,-7153.0
112652088,-113,-7158.0
112662088,-113,-7163.0
112672088,-113,-7168.0
112682096,-113,-7173.0
112692104,-113,-7178.0
112702112,-113,-7183.0
112712116,-94,-7188.0
112722116,-94,-7193.0
112732124,-94,-7197.0
112742132,-94,-7202.0
112752132,-94,-7206.0
112762132,-94,-7211.0
112772132,-94,-7215.0
112782140,-94,-7219.0
112792140,-94,-7223.0
112802144,-94,-7227.0
112812152,-94,-7232.0
112822160,-94,-7236.0
112832160,-94,-7240.0
112842160,-94,-7244.0
112852160,-94,-7248.0
112862168,-94,-7253.0
112872176,-94,-7257.0
112882184,-94,-7261.0
112892188,-94,-7265.0
112902188,-94,-7269.0
112912196,-94,-7273.0
112922204,-94,-7278.0
112932208,-94,-7282.0
112942216,-94,-7286.0
112952216,-94,-7290.0
112962224,-94,-7294.0
112972228,-94,-7299.0
112982228,-94,-7303.0
112992228,-94,-7307.0
113002236,-94,-7311.0
113012236,-94,-7315.0
113022240,-94,-7320.0
113032240,-94,-7324.0
113042240,-94,-7328.0
113052240,-94,-7332.0
113062240,-94,-7336.0
113072240,-94,-7340.0
113082240,-94,-7345.0
113092248,-94,-7349.0
113102252,-94,-7353.0
113112260,-94,-7357.0
113122260,-94,-7361.0
113132260,-94,-7366.0
113142268,-94,-7370.0
113152272,-94,-7374.0
113162280,-94,-7378.0
113172288,-94,-7382.0
113182288,-94,-7387.0
113192292,-94,-7391.0
113202292,-94,-7395.0
113212292,-94,-7399.0
113222292,-94,-7403.0
113232296,-94,-7407.0
113242304,-94,-7412.0
113252304,-94,-7416.0
113262304,-94,-7420.0
113272304,-94,-7424.0
113282308,-94,-7428.0
113292308,-94,-7433.0
113302308,-94,-7437.0
113312308,-94,-7441.0
113322308,-94,-7445.0
113332308,-94,-7449.0
113342308,-94,-7453.0
113352308,-94,-7458.0
113362312,-94,-7462.0
113372312,-94,-7466.0
113382312,-94,-7470.0
113392312,-94,-7474.0
113402320,-94,-7479.0
113412320,231,-7481.0
113422324,231,-7478.0
113432328,231,-7471.0
113442328,231,-7463.0
113452332,231,-7454.0
113462332,231,-7445.0
113472340,231,-7435.0
113482348,231,-7425.0
113492352,231,-7415.0
113502360,231,-7404.0
113512360,231,-7394.0
113522368,231,-7383.0
113532368,231,-7373.0
113542368,231,-7362.0
113552368,231,-7352.0
113562376,231,-7341.0
113572376,231,-7331.0
113582376,231,-7320.0
113592376,231,-7310.0
113602376,231,-7299.0
113612384,231,-7289.0
113622388,231,-7278.0
113632388,231,-7268.0
113642396,231,-7257.0
113652396,231,-7247.0
113662396,231,-7236.0
113672400,231,-7226.0
113682404,231,-7215.0
113692404,231,-7204.0
113702412,231,-7194.0
113712412,231,-7183.0
113722412,231,-7173.0
113732420,231,-7162.0
113742428,231,-7152.0
113752432,231,-7141.0
113762440,231,-7131.0
113772448,231,-7120.0
113782448,231,-7110.0
113792448,231,-7099.0
113802448,231,-7089.0
113812456,231,-7078.0
113822464,231,-7067.0
113832472,231,-7057.0
113842476,231,-7046.0
113852484,231,-7036.0
113862484,231,-7025.0
113872484,231,-7015.0
113882484,231,-7004.0
113892484,231,-6994.0
113902492,231,-6983.0
113912500,231,-6973.0
113922504,231,-6962.0
113932508,231,-6951.0
113942508,231,-6941.0
113952508,231,-6930.0
113962516,231,-6920.0
113972516,231,-6909.0
113982516,231,-6899.0
113992524,231,-6888.0
114002532,231,-6878.0
114012532,231,-6867.0
114022532,231,-6857.0
114032540,231,-6846.0
114042540,231,-6835.0
114052540,231,-6825.0
114062540,231,-6814.0
114072548,231,-6804.0
114082548,231,-6793.0
114092556,231,-6783.0
114102556,231,-6772.0
114112556,163,-6762.0
114122556,163,-6753.0
114132556,163,-6744.0
114142560,163,-6736.0
114152560,163,-6728.0
114162560,163,-6721.0
114172568,163,-6713.0
114182576,163,-6706.0
114192584,163,-6698.0
114202584,163,-6691.0
114212584,163,-6683.0
114222584,163,-6676.0
114232588,163,-6668.0
114242588,163,-6661.0
114252588,163,-6653.0
114262588,163,-6646.0
114272592,163,-6639.0
114282596,163,-6631.0
114292596,163,-6624.0
114302604,163,-6616.0
114312608,163,-6609.0
114322608,163,-6602.0
114332608,163,-6594.0
114342612,163,-6587.0
114352620,163,-6579.0
114362624,163,-6572.0
114372628,163,-6565.0
114382636,163,-6557.0
114392636,163,-6550.0
114402644,163,-6542.0
114412652,163,-6535.0
114422652,163,-6527.0
114432652,163,-6520.0
114442656,163,-6513.0
114452656,163,-6505.0
114462656,163,-6498.0
114472656,163,-6490.0
114482668,163,-6483.0
114492672,163,-6476.0
114502672,163,-6468.0
114512672,163,-6461.0
114522672,163,-6453.0
114532676,163,-6446.0
114542680,163,-6438.0
114552680,163,-6431.0
114562680,163,-6424.0
114572684,163,-6416.0
114582684,163,-6409.0
114592684,163,-6401.0
114602684,163,-6394.0
114612692,163,-6387.0
114622692,163,-6379.0
114632696,163,-6372.0
114642696,163,-6364.0
114652700,163,-6357.0
114662704,163,-6350.0
114672708,163,-6342.0
114682712,163,-6335.0
114692712,163,-6327.0
114702716,163,-6320.0
114712728,163,-6312.0
114722728,163,-6305.0
114732728,163,-6298.0
114742732,163,-6290.0
114752732,163,-6283.0
114762732,163,-6275.0
114772732,163,-6268.0
114782732,163,-6261.0
114792736,163,-6253.0
114802736,163,-6246.0
114812736,146,-6238.0
114822736,146,-6231.0
114832740,146,-6225.0
114842740,146,-6218.0
114852744,146,-6211.0
114862744,146,-6204.0
114872748,146,-6198.0
114882752,146,-6191.0
114892752,146,-6184.0
114902756,146,-6178.0
114912756,146,-6171.0
114922760,146,-6165.0
114932764,146,-6158.0
114942764,146,-6151.0
114952768,146,-6145.0
114962772,146,-6138.0
114972776,146,-6131.0
114982776,146,-6125.0
114992780,146,-6118.0
115002784,146,-6112.0
115012788,146,-6105.0
115022788,146,-6098.0
115032792,146,-6092.0
115042792,146,-6085.0
115052800,146,-6078.0
115062800,146,-6072.0
115072804,146,-6065.0
115082804,146,-6058.0
115092808,146,-6052.0
115102812,146,-6045.0
115112812,146,-6039.0
115122816,146,-6032.0
115132820,146,-6025.0
115142824,146,-6019.0
115152824,146,-6012.0
115162824,146,-6005.0
115172824,146,-5999.0
115182824,146,-5992.0
115192828,146,-5985.0
115202828,146,-5979.0
115212828,146,-5972.0
115222832,146,-5966.0
115232832,146,-5959.0
115242832,146,-5952.0
115252832,146,-5946.0
115262836,146,-5939.0
115272836,146,-5932.0
115282840,146,-5926.0
115292840,146,-5919.0
115302844,146,-5913.0
115312844,146,-5906.0
115322844,146,-5899.0
115332844,146,-5893.0
115342844,146,-5886.0
115352852,146,-5879.0
115362852,146,-5873.0
115372852,146,-5866.0
115382852,146,-5860.0
115392856,146,-5853.0
115402864,146,-5846.0
115412864,146,-5840.0
115422864,146,-5833.0
115432868,146,-5826.0
115442868,146,-5820.0
115452868,146,-5813.0
115462868,146,-5806.0
115472868,146,-5800.0
115482872,146,-5793.0
115492876,146,-5787.0
115502876,-240,-5780.0
115512884,-240,-5776.0
115522888,-240,-5778.0
115532892,-240,-5784.0
115542896,-240,-5792.0
115552912,-240,-5801.0
115562912,-240,-5810.0
115572916,-240,-5820.0
115582920,-240,-5830.0
115592928,-240,-5841.0
115602932,-240,-5851.0
115612932,-240,-5862.0
115622936,-240,-5873.0
115632940,-240,-5884.0
115642944,-240,-5894.0
115652952,-240,-5905.0
115662960,-240,-5916.0
115672964,-240,-5927.0
115682968,-240,-5938.0
115692968,-240,-5948.0
115702972,-240,-5959.0
115712976,-240,-5970.0
115722980,-240,-5981.0
115732984,-240,-5992.0
115742984,-240,-6002.0
115752988,-240,-6013.0
115762992,-240,-6024.0
115772996,-240,-6035.0
115782996,-240,-6046.0
115793000,-240,-6056.0
115803008,-240,-6067.0
115813012,-240,-6078.0
115823012,-240,-6089.0
115833020,-240,-6099.0
115843024,-240,-6110.0
115853028,-240,-6121.0
115863032,-240,-6132.0
115873032,-240,-6143.0
115883036,-240,-6153.0
115893044,-240,-6164.0
115903048,-240,-6175.0
115913048,-240,-6186.0
115923052,-240,-6197.0
115933060,-240,-6207.0
115943064,-240,-6218.0
115953064,-240,-6229.0
115963068,-240,-6240.0
115973076,-240,-6251.0
115983080,-240,-6261.0
115993088,-240,-6272.0
116003088,-240,-6283.0
116013092,-240,-6294.0
116023108,-240,-6305.0
116033112,-240,-6315.0
116043112,-240,-6326.0
116053116,-240,-6337.0
116063124,-240,-6348.0
116073140,-240,-6359.0
116083140,-240,-6369.0
116093144,-240,-6380.0
116103152,-240,-6391.0
116113156,-240,-6402.0
116123160,-240,-6412.0
116133160,-240,-6423.0
116143164,-240,-6434.0
116153168,-240,-6445.0
116163172,-240,-6456.0
116173172,-240,-6466.0
116183176,-240,-6477.0
116193180,-240,-6488.0
116203184,130,-6499.0
116213192,130,-6507.0
116223196,130,-6509.0
116233204,130,-6508.0
116243208,130,-6504.0
116253208,130,-6500.0
116263212,130,-6495.0
116273216,130,-6490.0
116283216,130,-6484.0
116293216,130,-6478.0
116303224,130,-6473.0
116313224,130,-6467.0
116323228,130,-6461.0
116333228,130,-6455.0
116343232,130,-6449.0
116353232,130,-6443.0
116363232,130,-6437.0
116373232,130,-6431.0
116383236,130,-6425.0
116393240,130,-6419.0
116403240,130,-6413.0
116413240,130,-6407.0
116423240,130,-6401.0
116433244,130,-6395.0
116443248,130,-6389.0
116453248,130,-6383.0
116463252,130,-6377.0
116473260,130,-6371.0
116483264,130,-6365.0
116493264,130,-6359.0
116503264,130,-6353.0
116513268,130,-6347.0
116523276,130,-6342.0
116533276,130,-6336.0
116543280,130,-6330.0
116553280,130,-6324.0
116563288,130,-6318.0
116573288,130,-6312.0
116583292,130,-6306.0
116593292,130,-6300.0
116603296,130,-6294.0
116613300,130,-6288.0
116623300,130,-6282.0
116633304,130,-6276.0
116643308,130,-6270.0
116653316,130,-6264.0
116663316,130,-6258.0
116673320,130,-6252.0
116683320,130,-6246.0
116693328,130,-6240.0
116703328,130,-6234.0
116713332,130,-6228.0
116723336,130,-6222.0
116733344,130,-6216.0
116743348,130,-6210.0
116753348,130,-6204.0
116763348,130,-6198.0
116773352,130,-6192.0
116783356,130,-6186.0
116793360,130,-6180.0
116803364,130,-6174.0
116813364,130,-6168.0
116823368,130,-6162.0
116833376,130,-6156.0
116843388,130,-6150.0
116853392,130,-6145.0
116863400,130,-6139.0
116873400,130,-6133.0
116883400,130,-6127.0
116893400,130,-6121.0
116903400,-161,-6115.0
116913404,-161,-6112.0
116923404,-161,-6114.0
116933404,-161,-6117.0
116943404,-161,-6123.0
116953404,-161,-6129.0
116963404,-161,-6135.0
116973408,-161,-6142.0
116983408,-161,-6149.0
116993408,-161,-6156.0
117003416,-161,-6163.0
117013424,-161,-6171.0
117023432,-161,-6178.0
117033432,-161,-6185.0
117043440,-161,-6192.0
117053448,-161,-6199.0
117063452,-161,-6207.0
117073452,-161,-6214.0
117083456,-161,-6221.0
117093464,-161,-6228.0
117103472,-161,-6236.0
117113472,-161,-6243.0
117123476,-161,-6250.0
117133484,-161,-6257.0
117143492,-161,-6264.0
117153500,-161,-6272.0
117163508,-161,-6279.0
117173508,-161,-6286.0
117183508,-161,-6293.0
117193516,-161,-6301.0
117203516,-161,-6308.0
117213516,-161,-6315.0
117223516,-161,-6322.0
117233524,-161,-6329.0
117243532,-161,-6337.0
117253536,-161,-6344.0
117263544,-161,-6351.0
117273552,-161,-6358.0
117283552,-161,-6366.0
117293560,-161,-6373.0
117303560,-161,-6380.0
117313560,-161,-6387.0
117323568,-161,-6395.0
117333576,-161,-6402.0
117343576,-161,-6409.0
117353576,-161,-6416.0
117363580,-161,-6423.0
117373588,-161,-6431.0
117383588,-161,-6438.0
117393588,-161,-6445.0
117403596,-161,-6452.0
117413600,-161,-6460.0
117423600,-161,-6467.0
117433600,-161,-6474.0
117443608,-161,-6481.0
117453612,-161,-6489.0
117463620,-161,-6496.0
117473620,-161,-6503.0
117483628,-161,-6510.0
117493636,-161,-6517.0
117503644,-161,-6525.0
117513648,-161,-6532.0
117523652,-161,-6539.0
117533652,-161,-6546.0
117543660,-161,-6554.0
117553668,-161,-6561.0
117563672,-161,-6568.0
117573676,-161,-6575.0
117583676,-161,-6582.0
117593684,-161,-6590.0
117603684,-216,-6597.0
117613684,-216,-6605.0
117623692,-216,-6613.0
117633696,-216,-6622.0
117643700,-216,-6631.0
117653704,-216,-6641.0
117663712,-216,-6650.0
117673720,-216,-6660.0
117683728,-216,-6669.0
117693736,-216,-6679.0
117703744,-216,-6689.0
117713752,-216,-6698.0
117723760,-216,-6708.0
117733760,-216,-6718.0
117743768,-216,-6727.0
117753776,-216,-6737.0
117763784,-216,-6747.0
117773784,-216,-6757.0
117783788,-216,-6766.0
117793796,-216,-6776.0
117803800,-216,-6786.0
117813808,-216,-6795.0
117823808,-216,-6805.0
117833812,-216,-6815.0
117843820,-216,-6825.0
117853824,-216,-6834.0
117863828,-216,-6844.0
117873832,-216,-6854.0
117883840,-216,-6863.0
117893848,-216,-6873.0
117903852,-216,-6883.0
117913852,-216,-6893.0
117923860,-216,-6902.0
117933864,-216,-6912.0
117943864,-216,-6922.0
117953864,-216,-6931.0
117963872,-216,-6941.0
117973880,-216,-6951.0
117983884,-216,-6961.0
117993884,-216,-6970.0
118003892,-216,-6980.0
118013896,-216,-6990.0
118023904,-216,-7000.0
118033908,-216,-7009.0
118043908,-216,-7019.0
118053916,-216,-7029.0
118063924,-216,-7038.0
118073932,-216,-7048.0
118083940,-216,-7058.0
118093944,-216,-7067.0
118103952,-216,-7077.0
118113956,-216,-7087.0
118123956,-216,-7097.0
118133964,-216,-7106.0
118143968,-216,-7116.0
118153968,-216,-7126.0
118163972,-216,-7135.0
118173972,-216,-7145.0
118183980,-216,-7155.0
118193988,-216,-7165.0
118203992,-216,-7174.0
118213996,-216,-7184.0
118224000,-216,-7194.0
118234008,-216,-7203.0
118244012,-216,-7213.0
118254012,-216,-7223.0
118264020,-216,-7233.0
118274024,-216,-7242.0
118284032,-216,-7252.0
118294036,-216,-7262.0
118304040,-106,-7271.0
118314044,-106,-7280.0
118324052,-106,-7288.0
118334060,-106,-7294.0
118344060,-106,-7300.0
118354060,-106,-7305.0
118364068,-106,-7310.0
118374068,-106,-7315.0
118384072,-106,-7320.0
118394072,-106,-7325.0
118404072,-106,-7330.0
118414080,-106,-7334.0
118424088,-106,-7339.0
118434092,-106,-7344.0
118444100,-106,-7349.0
118454100,-106,-7353.0
118464108,-106,-7358.0
118474112,-106,-7363.0
118484120,-106,-7368.0
118494128,-106,-7372.0
118504128,-106,-7377.0
118514128,-106,-7382.0
118524128,-106,-7387.0
118534128,-106,-7391.0
118544136,-106,-7396.0
118554136,-106,-7401.0
118564136,-106,-7406.0
118574136,-106,-7410.0
118584136,-106,-7415.0
118594144,-106,-7420.0
118604148,-106,-7425.0
118614148,-106,-7429.0
118624148,-106,-7434.0
118634156,-106,-7439.0
118644160,-106,-7443.0
118654168,-106,-7448.0
118664168,-106,-7453.0
118674176,-106,-7458.0
118684184,-106,-7462.0
118694188,-106,-7467.0
118704188,-106,-7472.0
118714196,-106,-7477.0
118724196,-106,-7481.0
118734200,-106,-7486.0
118744200,-106,-7491.0
118754208,-106,-7496.0
118764208,-106,-7500.0
118774212,-106,-7505.0
118784212,-106,-7510.0
118794220,-106,-7515.0
118804220,-106,-7519.0
118814228,-106,-7524.0
118824232,-106,-7529.0
118834240,-106,-7534.0
118844240,-106,-7538.0
118854248,-106,-7543.0
118864252,-106,-7548.0
118874260,-106,-7553.0
118884260,-106,-7557.0
118894268,-106,-7562.0
118904272,-106,-7567.0
118914272,-106,-7571.0
118924280,-106,-7576.0
118934280,-106,-7581.0
118944280,-106,-7586.0
118954284,-106,-7590.0
118964284,-106,-7595.0
118974292,-106,-7600.0
118984292,-106,-7605.0
118994296,-106,-7609.0
119004304,-143,-7614.0
119014304,-143,-7619.0
119024304,-143,-7625.0
119034308,-143,-7631.0
119044308,-143,-7637.0
119054316,-143,-7643.0
119064316,-143,-7649.0
119074324,-143,-7656.0
119084328,-143,-7662.0
119094336,-143,-7668.0
119104336,-143,-7675.0
119114344,-143,-7681.0
119124344,-143,-7688.0
119134344,-143,-7694.0
119144352,-143,-7700.0
119154360,-143,-7707.0
119164364,-143,-7713.0
119174372,-143,-7720.0
119184372,-143,-7726.0
119194388,-143,-7733.0
119204388,-143,-7739.0
119214392,-143,-7745.0
119224400,-143,-7752.0
119234408,-143,-7758.0
119244416,-143,-7765.0
119254420,-143,-7771.0
119264428,-143,-7777.0
119274436,-143,-7784.0
119284436,-143,-7790.0
119294444,-143,-7797.0
119304448,-143,-7803.0
119314456,-143,-7810.0
119324464,-143,-7816.0
119334472,-143,-7822.0
119344472,-143,-7829.0
119354472,-143,-7835.0
119364472,-143,-7842.0
119374480,-143,-7848.0
119384480,-143,-7854.0
119394480,-143,-7861.0
119404488,-143,-7867.0
119414496,-143,-7874.0
119424504,-143,-7880.0
119434504,-143,-7886.0
119444504,-143,-7893.0
119454512,-143,-7899.0
119464512,-143,-7906.0
119474512,-143,-7912.0
119484512,-143,-7919.0
119494512,-143,-7925.0
119504512,-143,-7931.0
119514516,-143,-7938.0
119524524,-143,-7944.0
119534524,-143,-7951.0
119544532,-143,-7957.0
119554544,-143,-7963.0
119564544,-143,-7970.0
119574544,-143,-7976.0
119584544,-143,-7983.0
119594544,-143,-7989.0
119604548,-143,-7995.0
119614556,-143,-8002.0
119624564,-143,-8008.0
119634568,-143,-8015.0
119644572,-143,-8021.0
119654580,-143,-8028.0
119664588,-143,-8034.0
119674596,-143,-8040.0
119684604,-143,-8047.0
119694604,-143,-8053.0
119704612,232,-8060.0
119714616,232,-8063.0
119724624,232,-8061.0
119734628,232,-8055.0
119744632,232,-8048.0
119754632,232,-8039.0
119764632,232,-8029.0
119774632,232,-8019.0
119784632,232,-8009.0
119794632,232,-7999.0
119804632,232,-7989.0
119814632,232,-7978.0
119824636,232,-7968.0
119834636,232,-7957.0
119844636,232,-7947.0
119854644,232,-7936.0
119864648,232,-7926.0
119874656,232,-7915.0
119884656,232,-7905.0
119894656,232,-7894.0
119904656,232,-7883.0
119914656,232,-7873.0
119924656,232,-7862.0
119934656,232,-7852.0
119944660,232,-7841.0
119954668,232,-7830.0
119964668,232,-7820.0
119974676,232,-7809.0
119984676,232,-7799.0
119994680,232,-7788.0
120004680,232,-7778.0
120014688,232,-7767.0
120024692,232,-7756.0
120034696,232,-7746.0
120044704,232,-7735.0
120054704,232,-7725.0
120064712,232,-7714.0
120074712,232,-7703.0
120084712,232,-7693.0
120094716,232,-7682.0
120104716,232,-7672.0
120114716,232,-7661.0
120124720,232,-7651.0
120134720,232,-7640.0
120144728,232,-7629.0
120154728,232,-7619.0
120164732,232,-7608.0
120174732,232,-7598.0
120184740,232,-7587.0
120194740,232,-7576.0
120204744,232,-7566.0
120214752,232,-7555.0
120224752,232,-7545.0
120234752,232,-7534.0
120244752,232,-7523.0
120254756,232,-7513.0
120264764,232,-7502.0
120274764,232,-7492.0
120284764,232,-7481.0
120294768,232,-7471.0
120304776,232,-7460.0
120314776,232,-7449.0
120324776,232,-7439.0
120334780,232,-7428.0
120344788,232,-7418.0
120354788,232,-7407.0
120364796,232,-7396.0
120374796,232,-7386.0
120384796,232,-7375.0
120394796,232,-7365.0
120404796,-183,-7354.0
120414804,-183,-7348.0
120424808,-183,-7348.0
120434808,-183,-7351.0
120444816,-183,-7356.0
120454824,-183,-7363.0
120464824,-183,-7370.0
120474832,-183,-7378.0
120484840,-183,-7385.0
120494844,-183,-7393.0
120504844,-183,-7401.0
120514852,-183,-7410.0
120524860,-183,-7418.0
120534868,-183,-7426.0
120544876,-183,-7434.0
120554876,-183,-7442.0
120564876,-183,-7451.0
120574884,-183,-7459.0
120584892,-183,-7467.0
120594892,-183,-7475.0
120604900,-183,-7484.0
120614908,-183,-7492.0
120624916,-183,-7500.0
120634924,-183,-7508.0
120644924,-183,-7517.0
120654932,-183,-7525.0
120664936,-183,-7533.0
120674936,-183,-7541.0
120684936,-183,-7549.0
120694944,-183,-7558.0
120704952,-183,-7566.0
120714960,-183,-7574.0
120724968,-183,-7582.0
120734968,-183,-7591.0
120744976,-183,-7599.0
120754984,-183,-7607.0
120764992,-183,-7615.0
120774992,-183,-7624.0
120784992,-183,-7632.0
120795000,-183,-7640.0
120805008,-183,-7648.0
120815008,-183,-7657.0
120825008,-183,-7665.0
120835016,-183,-7673.0
120845024,-183,-7681.0
120855028,-183,-7689.0
120865028,-183,-7698.0
120875036,-183,-7706.0
120885044,-183,-7714.0
120895048,-183,-7722.0
120905048,-183,-7731.0
120915056,-183,-7739.0
120925064,-183,-7747.0
120935072,-183,-7755.0
120945072,-183,-7763.0
120955076,-183,-7772.0
120965076,-183,-7780.0
120975080,-183,-7788.0
120985080,-183,-7796.0
120995080,-183,-7805.0
121005088,-183,-7813.0
121015096,-183,-7821.0
121025104,-183,-7829.0
121035104,-183,-7838.0
121045104,-183,-7846.0
121055108,-183,-7854.0
121065108,-183,-7862.0
121075108,-183,-7871.0
121085108,-183,-7879.0
121095116,-183,-7887.0
121105124,123,-7895.0
121115128,123,-7900.0
121125132,123,-7901.0
121135136,123,-7898.0
121145140,123,-7895.0
121155144,123,-7890.0
121165152,123,-7885.0
121175152,123,-7880.0
121185156,123,-7875.0
121195160,123,-7869.0
121205160,123,-7864.0
121215160,123,-7858.0
121225164,123,-7853.0
121235168,123,-7847.0
121245172,123,-7842.0
121255176,123,-7836.0
121265180,123,-7831.0
121275184,123,-7825.0
121285184,123,-7819.0
121295192,123,-7814.0
121305196,123,-7808.0
121315196,123,-7803.0
121325200,123,-7797.0
121335208,123,-7792.0
121345208,123,-7786.0
121355212,123,-7781.0
121365212,123,-7775.0
121375212,123,-7769.0
121385220,123,-7764.0
121395220,123,-7758.0
121405224,123,-7753.0
121415224,123,-7747.0
121425224,123,-7742.0
121435224,123,-7736.0
121445228,123,-7731.0
121455228,123,-7725.0
121465236,123,-7719.0
121475240,123,-7714.0
121485240,123,-7708.0
121495244,123,-7703.0
121505256,123,-7697.0
121515264,123,-7692.0
121525264,123,-7686.0
121535268,123,-7680.0
121545272,123,-7675.0
121555280,123,-7669.0
121565284,123,-7664.0
121575288,123,-7658.0
121585288,123,-7653.0
121595288,123,-7647.0
121605292,123,-7642.0
121615292,123,-7636.0
121625292,123,-7630.0
121635292,123,-7625.0
121645292,123,-7619.0
121655296,123,-7614.0
121665296,123,-7608.0
121675296,123,-7603.0
121685304,123,-7597.0
121695304,123,-7592.0
121705308,123,-7586.0
121715308,123,-7580.0
121725308,123,-7575.0
121735308,123,-7569.0
121745312,123,-7564.0
121755316,123,-7558.0
121765324,123,-7553.0
121775324,123,-7547.0
121785328,123,-7542.0
121795332,123,-7536.0
121805332,-242,-7531.0
121815340,-242,-7529.0
121825340,-242,-7533.0
121835348,-242,-7539.0
121845356,-242,-7547.0
121855360,-242,-7557.0
121865368,-242,-7567.0
121875372,-242,-7577.0
121885380,-242,-7587.0
121895380,-242,-7598.0
121905388,-242,-7608.0
121915392,-242,-7619.0
121925400,-242,-7630.0
121935404,-242,-7641.0
121945404,-242,-7652.0
121955412,-242,-7663.0
121965420,-242,-7673.0
121975424,-242,-7684.0
121985424,-242,-7695.0
121995428,-242,-7706.0
122005436,-242,-7717.0
122015440,-242,-7728.0
122025448,-242,-7739.0
122035448,-242,-7749.0
122045452,-242,-7760.0
122055456,-242,-7771.0
122065456,-242,-7782.0
122075464,-242,-7793.0
122085468,-242,-7804.0
122095476,-242,-7815.0
122105480,-242,-7826.0
122115480,-242,-7837.0
122125488,-242,-7847.0
122135492,-242,-7858.0
122145500,-242,-7869.0
122155504,-242,-7880.0
122165504,-242,-7891.0
122175512,-242,-7902.0
122185516,-242,-7913.0
122195516,-242,-7924.0
122205516,-242,-7934.0
122215524,-242,-7945.0
122225528,-242,-7956.0
122235536,-242,-7967.0
122245536,-242,-7978.0
122255540,-242,-7989.0
122265548,-242,-8000.0
122275556,-242,-8011.0
122285560,-242,-8022.0
122295560,-242,-8032.0
122305564,-242,-8043.0
122315572,-242,-8054.0
122325576,-242,-8065.0
122335576,-242,-8076.0
122345584,-242,-8087.0
122355588,-242,-8098.0
122365596,-242,-8109.0
122375596,-242,-8120.0
122385604,-242,-8130.0
122395608,-242,-8141.0
122405616,-242,-8152.0
122415620,-242,-8163.0
122425620,-242,-8174.0
122435624,-242,-8185.0
122445632,-242,-8196.0
122455636,-242,-8207.0
122465636,-242,-8217.0
122475644,-242,-8228.0
122485648,-242,-8239.0
122495656,-242,-8250.0
122505664,-74,-8261.0
122515672,-74,-8271.0
122525680,-74,-8278.0
122535680,-74,-8283.0
122545680,-74,-8288.0
122555684,-74,-8292.0
122565684,-74,-8296.0
122575688,-74,-8299.0
122585696,-74,-8303.0
122595700,-74,-8306.0
122605704,-74,-8309.0
122615704,-74,-8313.0
122625708,-74,-8316.0
122635712,-74,-8319.0
122645712,-74,-8323.0
122655712,-74,-8326.0
122665716,-74,-8329.0
122675716,-74,-8333.0
122685720,-74,-8336.0
122695720,-74,-8339.0
122705720,-74,-8342.0
122715724,-74,-8346.0
122725728,-74,-8349.0
122735732,-74,-8352.0
122745732,-74,-8356.0
122755732,-74,-8359.0
122765740,-74,-8362.0
122775740,-74,-8365.0
122785744,-74,-8369.0
122795744,-74,-8372.0
122805748,-74,-8375.0
122815752,-74,-8378.0
122825756,-74,-8382.0
122835760,-74,-8385.0
122845760,-74,-8388.0
122855768,-74,-8392.0
122865768,-74,-8395.0
122875772,-74,-8398.0
122885776,-74,-8401.0
122895776,-74,-8405.0
122905784,-74,-8408.0
122915784,-74,-8411.0
122925792,-74,-8414.0
122935792,-74,-8418.0
122945796,-74,-8421.0
122955796,-74,-8424.0
122965804,-74,-8428.0
122975804,-74,-8431.0
122985808,-74,-8434.0
122995816,-74,-8437.0
123005816,-74,-8441.0
123015816,-74,-8444.0
123025820,-74,-8447.0
123035820,-74,-8451.0
123045820,-74,-8454.0
123055820,-74,-8457.0
123065832,-74,-8460.0
123075832,-74,-8464.0
123085836,-74,-8467.0
123095836,-74,-8470.0
123105836,-74,-8473.0
123115840,-74,-8477.0
123125840,-74,-8480.0
123135840,-74,-8483.0
123145840,-74,-8487.0
123155844,-74,-8490.0
123165844,-74,-8493.0
123175844,-74,-8496.0
123185844,-74,-8500.0
123195852,-74,-8503.0
123205852,-86,-8506.0
123215852,-86,-8510.0
123225860,-86,-8513.0
123235860,-86,-8517.0
123245860,-86,-8521.0
123255860,-86,-8524.0
123265860,-86,-8528.0
123275860,-86,-8532.0
123285860,-86,-8536.0
123295860,-86,-8540.0
123305860,-86,-8543.0
123315860,-86,-8547.0
123325860,-86,-8551.0
123335860,-86,-8555.0
123345860,-86,-8559.0
123355860,-86,-8562.0
123365872,-86,-8566.0
123375876,-86,-8570.0
123385884,-86,-8574.0
123395884,-86,-8578.0
123405892,-86,-8582.0
123415908,-86,-8586.0
123425908,-86,-8589.0
123435916,-86,-8593.0
123445916,-86,-8597.0
123455920,-86,-8601.0
123465920,-86,-8605.0
123475920,-86,-8609.0
123485920,-86,-8612.0
123495920,-86,-8616.0
123505924,-86,-8620.0
123515924,-86,-8624.0
123525924,-86,-8628.0
123535932,-86,-8632.0
123545936,-86,-8635.0
123555936,-86,-8639.0
123565936,-86,-8643.0
123575944,-86,-8647.0
123585948,-86,-8651.0
123595948,-86,-8655.0
123605948,-86,-8658.0
123615948,-86,-8662.0
123625960,-86,-8666.0
123635964,-86,-8670.0
123645964,-86,-8674.0
123655964,-86,-8678.0
123665964,-86,-8681.0
123675968,-86,-8685.0
123685968,-86,-8689.0
123695968,-86,-8693.0
123705968,-86,-8697.0
123715972,-86,-8701.0
123725972,-86,-8704.0
123735972,-86,-8708.0
123745972,-86,-8712.0
123755976,-86,-8716.0
123765976,-86,-8720.0
123775976,-86,-8724.0
123785980,-86,-8727.0
123795980,-86,-8731.0
123805984,-86,-8735.0
123815984,-86,-8739.0
123825984,-86,-8743.0
123835984,-86,-8747.0
123845992,-86,-8751.0
123855992,-86,-8754.0
123865992,-86,-8758.0
123875992,-86,-8762.0
123886000,-86,-8766.0
123896000,-86,-8770.0
123906000,157,-8773.0
123916004,157,-8774.0
123926008,157,-8771.0
123936016,157,-8766.0
123946016,157,-8761.0
123956020,157,-8755.0
123966020,157,-8748.0
123976024,157,-8741.0
123986028,157,-8734.0
123996028,157,-8727.0
124006028,157,-8720.0
124016036,157,-8713.0
124026036,157,-8706.0
124036040,157,-8699.0
124046040,157,-8692.0
124056040,157,-8685.0
124066044,157,-8678.0
124076044,157,-8670.0
124086048,157,-8663.0
124096048,157,-8656.0
124106052,157,-8649.0
124116056,157,-8642.0
124126056,157,-8635.0
124136056,157,-8628.0
124146064,157,-8620.0
124156064,157,-8613.0
124166068,157,-8606.0
124176068,157,-8599.0
124186072,157,-8592.0
124196072,157,-8585.0
124206072,157,-8577.0
124216076,157,-8570.0
124226076,157,-8563.0
124236080,157,-8556.0
124246084,157,-8549.0
124256084,157,-8542.0
124266084,157,-8534.0
124276088,157,-8527.0
124286088,157,-8520.0
124296092,157,-8513.0
124306092,157,-8506.0
124316096,157,-8499.0
124326096,157,-8491.0
124336100,157,-8484.0
124346100,157,-8477.0
124356100,157,-8470.0
124366108,157,-8463.0
124376108,157,-8456.0
124386108,157,-8448.0
124396112,157,-8441.0
124406116,157,-8434.0
124416120,157,-8427.0
124426120,157,-8420.0
124436120,157,-8413.0
124446124,157,-8405.0
124456128,157,-8398.0
124466128,157,-8391.0
124476132,157,-8384.0
124486136,157,-8377.0
124496140,157,-8370.0
124506140,157,-8363.0
124516144,157,-8355.0
124526144,157,-8348.0
124536152,157,-8341.0
124546152,157,-8334.0
124556152,157,-8327.0
124566152,157,-8320.0
124576156,157,-8312.0
124586156,157,-8305.0
124596160,157,-8298.0
124606160,234,-8291.0
124616168,234,-8283.0
124626172,234,-8274.0
124636172,234,-8265.0
124646172,234,-8255.0
124656180,234,-8244.0
124666184,234,-8234.0
124676192,234,-8224.0
124686200,234,-8213.0
124696208,234,-8202.0
124706212,234,-8192.0
124716220,234,-8181.0
124726228,234,-8170.0
124736228,234,-8160.0
124746232,234,-8149.0
124756236,234,-8138.0
124766236,234,-8128.0
124776236,234,-8117.0
124786244,234,-8106.0
124796248,234,-8096.0
124806256,234,-8085.0
124816264,234,-8074.0
124826272,234,-8064.0
124836272,234,-8053.0
124846280,234,-8042.0
124856288,234,-8032.0
124866292,234,-8021.0
124876292,234,-8010.0
124886292,234,-8000.0
124896292,234,-7989.0
124906300,234,-7978.0
124916300,234,-7968.0
124926304,234,-7957.0
124936304,234,-7946.0
124946312,234,-7936.0
124956320,234,-7925.0
124966324,234,-7914.0
124976332,234,-7904.0
124986340,234,-7893.0
124996348,234,-7882.0
125006348,234,-7872.0
125016352,234,-7861.0
125026360,234,-7850.0
125036376,234,-7839.0
125046376,234,-7829.0
125056380,234,-7818.0
125066388,234,-7807.0
125076388,234,-7797.0
125086396,234,-7786.0
125096400,234,-7775.0
125106400,234,-7765.0
125116408,234,-7754.0
125126408,234,-7743.0
125136416,234,-7733.0
125146416,234,-7722.0
125156416,234,-7711.0
125166416,234,-7701.0
125176424,234,-7690.0
125186424,234,-7679.0
125196424,234,-7669.0
125206432,234,-7658.0
125216432,234,-7647.0
125226432,234,-7637.0
125236432,234,-7626.0
125246440,234,-7615.0
125256440,234,-7605.0
125266448,234,-7594.0
125276452,234,-7583.0
125286452,234,-7573.0
125296460,234,-7562.0
125306460,-87,-7551.0
125316464,-87,-7545.0
125326464,-87,-7543.0
125336468,-87,-7544.0
125346472,-87,-7546.0
125356476,-87,-7549.0
125366476,-87,-7552.0
125376476,-87,-7556.0
125386480,-87,-7559.0
125396480,-87,-7563.0
125406484,-87,-7567.0
125416484,-87,-7571.0
125426484,-87,-7575.0
125436484,-87,-7579.0
125446492,-87,-7583.0
125456500,-87,-7586.0
125466500,-87,-7590.0
125476500,-87,-7594.0
125486504,-87,-7598.0
125496504,-87,-7602.0
125506504,-87,-7606.0
125516504,-87,-7610.0
125526504,-87,-7613.0
125536508,-87,-7617.0
125546508,-87,-7621.0
125556508,-87,-7625.0
125566508,-87,-7629.0
125576516,-87,-7633.0
125586516,-87,-7637.0
125596516,-87,-7640.0
125606516,-87,-7644.0
125616520,-87,-7648.0
125626520,-87,-7652.0
125636520,-87,-7656.0
125646520,-87,-7660.0
125656528,-87,-7664.0
125666528,-87,-7667.0
125676528,-87,-7671.0
125686528,-87,-7675.0
125696528,-87,-7679.0
125706532,-87,-7683.0
125716532,-87,-7687.0
125726532,-87,-7691.0
125736532,-87,-7694.0
125746536,-87,-7698.0
125756540,-87,-7702.0
125766540,-87,-7706.0
125776540,-87,-7710.0
125786544,-87,-7714.0
125796544,-87,-7718.0
125806544,-87,-7722.0
125816548,-87,-7725.0
125826548,-87,-7729.0
125836552,-87,-7733.0
125846552,-87,-7737.0
125856552,-87,-7741.0
125866560,-87,-7745.0
125876564,-87,-7749.0
125886564,-87,-7752.0
125896572,-87,-7756.0
125906572,-87,-7760.0
125916576,-87,-7764.0
125926576,-87,-7768.0
125936584,-87,-7772.0
125946584,-87,-7776.0
125956596,-87,-7780.0
125966600,-87,-7783.0
125976608,-87,-7787.0
125986608,-87,-7791.0
125996608,-87,-7795.0
126006612,-132,-7799.0
126016620,-132,-7803.0
126026628,-132,-7808.0
126036628,-132,-7813.0
126046628,-132,-7819.0
126056628,-132,-7825.0
126066636,-132,-7831.0
126076636,-132,-7836.0
126086636,-132,-7842.0
126096636,-132,-7848.0
126106636,-132,-7854.0
126116644,-132,-7860.0
126126652,-132,-7866.0
126136652,-132,-7873.0
126146652,-132,-7878.0
126156652,-132,-7884.0
126166652,-132,-7890.0
126176652,-132,-7896.0
126186652,-132,-7902.0
126196660,-132,-7908.0
126206668,-132,-7914.0
126216676,-132,-7920.0
126226680,-132,-7926.0
126236680,-132,-7932.0
126246688,-132,-7938.0
126256696,-132,-7944.0
126266700,-132,-7950.0
126276708,-132,-7956.0
126286708,-132,-7962.0
126296708,-132,-7968.0
126306708,-132,-7974.0
126316708,-132,-7980.0
126326708,-132,-7986.0
126336708,-132,-7992.0
126346712,-132,-7998.0
126356712,-132,-8004.0
126366720,-132,-8010.0
126376728,-132,-8016.0
126386736,-132,-8022.0
126396740,-132,-8028.0
126406748,-132,-8034.0
126416756,-132,-8040.0
126426764,-132,-8046.0
126436764,-132,-8052.0
126446764,-132,-8058.0
126456772,-132,-8063.0
126466780,-132,-8069.0
126476788,-132,-8075.0
126486792,-132,-8081.0
126496800,-132,-8087.0
126506804,-132,-8093.0
126516804,-132,-8099.0
126526804,-132,-8105.0
126536812,-132,-8111.0
126546820,-132,-8117.0
126556820,-132,-8123.0
126566820,-132,-8129.0
126576828,-132,-8135.0
126586832,-132,-8141.0
126596832,-132,-8147.0
126606840,-132,-8153.0
126616844,-132,-8159.0
126626852,-132,-8165.0
126636852,-132,-8171.0
126646860,-132,-8177.0
126656860,-132,-8183.0
126666860,-132,-8189.0
126676868,-132,-8195.0
126686876,-132,-8201.0
126696880,-132,-8207.0
126706888,138,-8213.0
126716896,138,-8215.0
126726900,138,-8213.0
126736904,138,-8210.0
126746912,138,-8205.0
126756912,138,-8200.0
126766916,138,-8194.0
126776916,138,-8188.0
126786924,138,-8182.0
126796924,138,-8176.0
126806924,138,-8170.0
126816928,138,-8163.0
126826932,138,-8157.0
126836936,138,-8151.0
126846936,138,-8145.0
126856936,138,-8138.0
126866940,138,-8132.0
126876948,138,-8126.0
126886948,138,-8119.0
126896948,138,-8113.0
126906952,138,-8107.0
126916956,138,-8101.0
126926960,138,-8094.0
126936960,138,-8088.0
126946964,138,-8082.0
126956968,138,-8076.0
126966972,138,-8069.0
126976972,138,-8063.0
126986972,138,-8057.0
126996972,138,-8051.0
127006976,138,-8044.0
127016980,138,-8038.0
127026980,138,-8032.0
127036980,138,-8026.0
127046984,138,-8019.0
127056988,138,-8013.0
127066988,138,-8007.0
127076988,138,-8001.0
127086992,138,-7994.0
127096996,138,-7988.0
127107000,138,-7982.0
127117004,138,-7976.0
127127016,138,-7969.0
127137024,138,-7963.0
127147028,138,-7957.0
127157028,138,-7951.0
127167032,138,-7944.0
127177040,138,-7938.0
127187040,138,-7932.0
127197044,138,-7925.0
127207044,138,-7919.0
127217052,138,-7913.0
127227056,138,-7907.0
127237056,138,-7900.0
127247056,138,-7894.0
127257072,138,-7888.0
127267076,138,-7882.0
127277080,138,-7875.0
127287080,138,-7869.0
127297084,138,-7863.0
127307088,138,-7857.0
127317092,138,-7850.0
127327092,138,-7844.0
127337096,138,-7838.0
127347104,138,-7832.0
127357108,138,-7825.0
127367112,138,-7819.0
127377112,138,-7813.0
127387116,138,-7807.0
127397120,138,-7800.0
127407124,-150,-7794.0
127417124,-150,-7792.0
127427124,-150,-7794.0
127437132,-150,-7797.0
127447140,-150,-7803.0
127457140,-150,-7808.0
127467148,-150,-7815.0
127477152,-150,-7821.0
127487152,-150,-7827.0
127497152,-150,-7834.0
127507152,-150,-7841.0
127517164,-150,-7847.0
127527164,-150,-7854.0
127537164,-150,-7861.0
127547164,-150,-7868.0
127557164,-150,-7874.0
127567164,-150,-7881.0
127577164,-150,-7888.0
127587164,-150,-7894.0
127597164,-150,-7901.0
127607168,-150,-7908.0
127617168,-150,-7915.0
127627168,-150,-7921.0
127637176,-150,-7928.0
127647180,-150,-7935.0
127657180,-150,-7942.0
127667180,-150,-7948.0
127677180,-150,-7955.0
127687180,-150,-7962.0
127697184,-150,-7968.0
127707184,-150,-7975.0
127717184,-150,-7982.0
127727184,-150,-7989.0
127737192,-150,-7995.0
127747192,-150,-8002.0
127757192,-150,-8009.0
127767200,-150,-8015.0
127777204,-150,-8022.0
127787212,-150,-8029.0
127797212,-150,-8036.0
127807220,-150,-8042.0
127817228,-150,-8049.0
127827228,-150,-8056.0
127837236,-150,-8062.0
127847236,-150,-8069.0
127857244,-150,-8076.0
127867244,-150,-8083.0
127877244,-150,-8089.0
127887252,-150,-8096.0
127897260,-150,-8103.0
127907264,-150,-8109.0
127917264,-150,-8116.0
127927272,-150,-8123.0
127937272,-150,-8130.0
127947272,-150,-8136.0
127957276,-150,-8143.0
127967276,-150,-8150.0
127977284,-150,-8157.0
127987284,-150,-8163.0
127997288,-150,-8170.0
128007288,-150,-8177.0
128017292,-150,-8183.0
128027296,-150,-8190.0
128037296,-150,-8197.0
128047300,-150,-8204.0
128057308,-150,-8210.0
128067316,-150,-8217.0
128077320,-150,-8224.0
128087320,-150,-8230.0
128097328,-150,-8237.0
128107336,-200,-8244.0
128117340,-200,-8251.0
128127340,-200,-8259.0
128137348,-200,-8267.0
128147352,-200,-8276.0
128157356,-200,-8285.0
128167356,-200,-8294.0
128177364,-200,-8302.0
128187368,-200,-8311.0
128197372,-200,-8320.0
128207380,-200,-8329.0
128217388,-200,-8338.0
128227392,-200,-8347.0
128237396,-200,-8356.0
128247404,-200,-8365.0
128257412,-200,-8374.0
128267416,-200,-8383.0
128277420,-200,-8392.0
128287428,-200,-8401.0
128297436,-200,-8410.0
128307440,-200,-8419.0
128317444,-200,-8428.0
128327452,-200,-8436.0
128337456,-200,-8445.0
128347456,-200,-8454.0
128357460,-200,-8463.0
128367468,-200,-8472.0
128377472,-200,-8481.0
128387472,-200,-8490.0
128397476,-200,-8499.0
128407484,-200,-8508.0
128417492,-200,-8517.0
128427496,-200,-8526.0
128437496,-200,-8535.0
128447500,-200,-8544.0
128457500,-200,-8553.0
128467504,-200,-8562.0
128477504,-200,-8571.0
128487508,-200,-8580.0
128497516,-200,-8589.0
128507520,-200,-8598.0
128517520,-200,-8607.0
128527524,-200,-8616.0
128537532,-200,-8625.0
128547536,-200,-8633.0
128557544,-200,-8642.0
128567544,-200,-8651.0
128577548,-200,-8660.0
128587552,-200,-8669.0
128597560,-200,-8678.0
128607560,-200,-8687.0
128617564,-200,-8696.0
128627572,-200,-8705.0
128637576,-200,-8714.0
128647576,-200,-8723.0
128657580,-200,-8732.0
128667588,-200,-8741.0
128677592,-200,-8750.0
128687600,-200,-8759.0
128697600,-200,-8768.0
128707604,-200,-8777.0
128717608,-200,-8786.0
128727612,-200,-8795.0
128737612,-200,-8804.0
128747616,-200,-8813.0
128757624,-200,-8822.0
128767628,-200,-8831.0
128777632,-200,-8839.0
128787636,-200,-8848.0
128797644,-200,-8857.0
128807652,-76,-8866.0
128817656,-76,-8874.0
128827660,-76,-8880.0
128837668,-76,-8884.0
128847668,-76,-8889.0
128857676,-76,-8892.0
128867680,-76,-8896.0
128877688,-76,-8900.0
128887688,-76,-8903.0
128897696,-76,-8907.0
128907700,-76,-8910.0
128917700,-76,-8913.0
128927700,-76,-8917.0
128937700,-76,-8920.0
128947700,-76,-8923.0
128957704,-76,-8927.0
128967704,-76,-8930.0
128977704,-76,-8933.0
128987704,-76,-8937.0
128997708,-76,-8940.0
129007712,-76,-8943.0
129017712,-76,-8947.0
129027712,-76,-8950.0
129037716,-76,-8954.0
129047716,-76,-8957.0
129057716,-76,-8960.0
129067724,-76,-8964.0
129077732,-76,-8967.0
129087736,-76,-8970.0
129097736,-76,-8974.0
129107736,-76,-8977.0
129117736,-76,-8980.0
129127740,-76,-8984.0
129137748,-76,-8987.0
129147748,-76,-8990.0
129157748,-76,-8994.0
129167752,-76,-8997.0
129177760,-76,-9001.0
129187760,-76,-9004.0
129197760,-76,-9007.0
129207764,-76,-9011.0
129217764,-76,-9014.0
129227764,-76,-9017.0
129237764,-76,-9021.0
129247764,-76,-9024.0
129257768,-76,-9027.0
129267768,-76,-9031.0
129277768,-76,-9034.0
129287768,-76,-9037.0
129297772,-76,-9041.0
129307772,-76,-9044.0
129317780,-76,-9048.0
129327780,-76,-9051.0
129337784,-76,-9054.0
129347784,-76,-9058.0
129357784,-76,-9061.0
129367784,-76,-9064.0
129377784,-76,-9068.0
129387788,-76,-9071.0
129397788,-76,-9074.0
129407788,-76,-9078.0
129417788,-76,-9081.0
129427792,-76,-9084.0
129437796,-76,-9088.0
129447804,-76,-9091.0
129457804,-76,-9095.0
129467808,-76,-9098.0
129477808,-76,-9101.0
129487808,-76,-9105.0
129497808,-76,-9108.0
129507820,-207,-9111.0
129517820,-207,-9117.0
129527820,-207,-9123.0
129537828,-207,-9131.0
129547836,-207,-9139.0
129557836,-207,-9148.0
129567840,-207,-9157.0
129577848,-207,-9166.0
129587856,-207,-9175.0
129597864,-207,-9185.0
129607872,-207,-9194.0
129617876,-207,-9203.0
129627884,-207,-9212.0
129637888,-207,-9222.0
129647888,-207,-9231.0
129657888,-207,-9240.0
129667892,-207,-9250.0
129677896,-207,-9259.0
129687900,-207,-9268.0
129697904,-207,-9278.0
129707912,-207,-9287.0
129717920,-207,-9296.0
129727920,-207,-9305.0
129737928,-207,-9315.0
129747932,-207,-9324.0
129757932,-207,-9333.0
129767936,-207,-9343.0
129777936,-207,-9352.0
129787944,-207,-9361.0
129797952,-207,-9371.0
129807956,-207,-9380.0
129817956,-207,-9389.0
129827964,-207,-9399.0
129837972,-207,-9408.0
129847980,-207,-9417.0
129857980,-207,-9427.0
129867984,-207,-9436.0
129877984,-207,-9445.0
129887988,-207,-9454.0
129897996,-207,-9464.0
129907996,-207,-9473.0
129917996,-207,-9482.0
129928004,-207,-9492.0
129938008,-207,-9501.0
129948008,-207,-9510.0
129958016,-207,-9520.0
129968020,-207,-9529.0
129978028,-207,-9538.0
129988036,-207,-9548.0
129998036,-207,-9557.0
130008044,-207,-9566.0
130018048,-207,-9575.0
130028056,-207,-9585.0
130038056,-207,-9594.0
130048056,-207,-9603.0
130058056,-207,-9613.0
130068064,-207,-9622.0
130078064,-207,-9631.0
130088068,-207,-9641.0
130098076,-207,-9650.0
130108080,-207,-9659.0
130118080,-207,-9669.0
130128088,-207,-9678.0
130138092,-207,-9687.0
130148100,-207,-9696.0
130158104,-207,-9706.0
130168104,-207,-9715.0
130178104,-207,-9724.0
130188108,-207,-9734.0
130198116,-207,-9743.0
130208120,-118,-9752.0
130218124,-118,-9761.0
130228124,-118,-9768.0
130238132,-118,-9774.0
130248136,-118,-9780.0
130258136,-118,-9786.0
130268144,-118,-9791.0
130278152,-118,-9797.0
130288152,-118,-9802.0
130298156,-118,-9808.0
130308156,-118,-9813.0
130318164,-118,-9818.0
130328172,-118,-9824.0
130338176,-118,-9829.0
130348176,-118,-9834.0
130358176,-118,-9839.0
130368176,-118,-9845.0
130378180,-118,-9850.0
130388180,-118,-9855.0
130398188,-118,-9861.0
130408188,-118,-9866.0
130418188,-118,-9871.0
130428192,-118,-9876.0
130438200,-118,-9882.0
130448200,-118,-9887.0
130458208,-118,-9892.0
130468212,-118,-9898.0
130478220,-118,-9903.0
130488220,-118,-9908.0
130498220,-118,-9913.0
130508224,-118,-9919.0
130518224,-118,-9924.0
130528224,-118,-9929.0
130538224,-118,-9935.0
130548224,-118,-9940.0
130558228,-118,-9945.0
130568228,-118,-9950.0
130578228,-118,-9956.0
130588236,-118,-9961.0
130598240,-118,-9966.0
130608240,-118,-9972.0
130618248,-118,-9977.0
130628248,-118,-9982.0
130638248,-118,-9987.0
130648248,-118,-9993.0
130658248,-118,-9998.0
130668248,-118,-10003.0
130678256,-118,-10009.0
130688256,-118,-10014.0
130698256,-118,-10019.0
130708264,-118,-10024.0
130718272,-118,-10030.0
130728276,-118,-10035.0
130738276,-118,-10040.0
130748276,-118,-10046.0
130758284,-118,-10051.0
130768288,-118,-10056.0
130778288,-118,-10061.0
130788296,-118,-10067.0
130798296,-118,-10072.0
130808296,-118,-10077.0
130818300,-118,-10083.0
130828300,-118,-10088.0
130838308,-118,-10093.0
130848308,-118,-10098.0
130858312,-118,-10104.0
130868312,-118,-10109.0
130878320,-118,-10114.0
130888332,-118,-10120.0
130898332,-118,-10125.0
130908336,-132,-10130.0
130918344,-132,-10136.0
130928344,-132,-10141.0
130938344,-132,-10147.0
130948348,-132,-10153.0
130958348,-132,-10159.0
130968348,-132,-10164.0
130978348,-132,-10170.0
130988352,-132,-10176.0
130998352,-132,-10182.0
131008352,-132,-10188.0
131018352,-132,-10194.0
131028356,-132,-10200.0
131038356,-132,-10206.0
131048356,-132,-10212.0
131058356,-132,-10218.0
131068364,-132,-10224.0
131078364,-132,-10230.0
131088372,-132,-10236.0
131098380,-132,-10242.0
131108384,-132,-10248.0
131118384,-132,-10254.0
131128388,-132,-10260.0
131138396,-132,-10266.0
131148400,-132,-10272.0
131158400,-132,-10278.0
131168408,-132,-10284.0
131178412,-132,-10290.0
131188420,-132,-10296.0
131198420,-132,-10302.0
131208428,-132,-10308.0
131218432,-132,-10314.0
131228436,-132,-10320.0
131238444,-132,-10326.0
131248452,-132,-10332.0
131258456,-132,-10338.0
131268460,-132,-10344.0
131278468,-132,-10350.0
131288468,-132,-10356.0
131298472,-132,-10362.0
131308480,-132,-10368.0
131318484,-132,-10374.0
131328488,-132,-10380.0
131338488,-132,-10385.0
131348496,-132,-10391.0
131358500,-132,-10397.0
131368508,-132,-10403.0
131378508,-132,-10409.0
131388512,-132,-10415.0
131398520,-132,-10421.0
131408528,-132,-10427.0
131418536,-132,-10433.0
131428544,-132,-10439.0
131438548,-132,-10445.0
131448556,-132,-10451.0
131458560,-132,-10457.0
131468560,-132,-10463.0
131478568,-132,-10469.0
131488576,-132,-10475.0
131498580,-132,-10481.0
131508580,-132,-10487.0
131518588,-132,-10493.0
131528592,-132,-10499.0
131538600,-132,-10505.0
131548600,-132,-10511.0
131558608,-132,-10517.0
131568612,-132,-10523.0
131578620,-132,-10529.0
131588628,-132,-10535.0
131598628,-132,-10541.0
131608636,-118,-10547.0
131618644,-118,-10552.0
131628648,-118,-10558.0
131638648,-118,-10564.0
131648656,-118,-10569.0
131658660,-118,-10574.0
131668668,-118,-10580.0
131678668,-118,-10585.0
131688668,-118,-10590.0
131698672,-118,-10595.0
131708680,-118,-10601.0
131718688,-118,-10606.0
131728688,-118,-10611.0
131738696,-118,-10617.0
131748700,-118,-10622.0
131758700,-118,-10627.0
131768700,-118,-10632.0
131778708,-118,-10638.0
131788716,-118,-10643.0
131798724,-118,-10648.0
131808724,-118,-10654.0
131818724,-118,-10659.0
131828732,-118,-10664.0
131838740,-118,-10669.0
131848748,-118,-10675.0
131858748,-118,-10680.0
131868756,-118,-10685.0
131878764,-118,-10691.0
131888772,-118,-10696.0
131898772,-118,-10701.0
131908772,-118,-10706.0
131918776,-118,-10712.0
131928776,-118,-10717.0
131938776,-118,-10722.0
131948784,-118,-10728.0
131958784,-118,-10733.0
131968788,-118,-10738.0
131978788,-118,-10743.0
131988788,-118,-10749.0
131998796,-118,-10754.0
132008804,-118,-10759.0
132018812,-118,-10765.0
132028812,-118,-10770.0
132038820,-118,-10775.0
132048828,-118,-10780.0
132058836,-118,-10786.0
132068844,-118,-10791.0
132078844,-118,-10796.0
132088844,-118,-10802.0
132098848,-118,-10807.0
132108856,-118,-10812.0
132118856,-118,-10817.0
132128864,-118,-10823.0
132138868,-118,-10828.0
132148876,-118,-10833.0
132158876,-118,-10839.0
132168876,-118,-10844.0
132178884,-118,-10849.0
132188888,-118,-10854.0
132198896,-118,-10860.0
132208896,-118,-10865.0
132218904,-118,-10870.0
132228912,-118,-10876.0
132238920,-118,-10881.0
132248920,-118,-10886.0
132258928,-118,-10891.0
132268936,-118,-10897.0
132278944,-118,-10902.0
132288944,-118,-10907.0
132298952,-118,-10913.0
132308952,-159,-10918.0
132318960,-159,-10924.0
132328968,-159,-10930.0
132338968,-159,-10937.0
132348976,-159,-10944.0
132358980,-159,-10951.0
132368988,-159,-10958.0
132378988,-159,-10965.0
132388996,-159,-10972.0
132399004,-159,-10979.0
132409012,-159,-10986.0
132419012,-159,-10993.0
132429016,-159,-11000.0
132439024,-159,-11008.0
132449032,-159,-11015.0
132459036,-159,-11022.0
132469040,-159,-11029.0
132479048,-159,-11036.0
132489056,-159,-11043.0
132499060,-159,-11051.0
132509064,-159,-11058.0
132519068,-159,-11065.0
132529076,-159,-11072.0
132539084,-159,-11079.0
132549084,-159,-11086.0
132559092,-159,-11094.0
132569100,-159,-11101.0
132579108,-159,-11108.0
132589116,-159,-11115.0
132599116,-159,-11122.0
132609116,-159,-11129.0
132619120,-159,-11137.0
132629120,-159,-11144.0
132639120,-159,-11151.0
132649128,-159,-11158.0
132659136,-159,-11165.0
132669136,-159,-11172.0
132679144,-159,-11180.0
132689144,-159,-11187.0
132699144,-159,-11194.0
132709152,-159,-11201.0
132719160,-159,-11208.0
132729160,-159,-11215.0
132739168,-159,-11223.0
132749172,-159,-11230.0
132759180,-159,-11237.0
132769180,-159,-11244.0
132779180,-159,-11251.0
132789188,-159,-11258.0
132799192,-159,-11266.0
132809192,-159,-11273.0
132819192,-159,-11280.0
132829200,-159,-11287.0
132839208,-159,-11294.0
132849212,-159,-11301.0
132859212,-159,-11309.0
132869220,-159,-11316.0
132879228,-159,-11323.0
132889232,-159,-11330.0
132899236,-159,-11337.0
132909244,-159,-11344.0
132919248,-159,-11351.0
132929256,-159,-11359.0
132939264,-159,-11366.0
132949264,-159,-11373.0
132959264,-159,-11380.0
132969272,-159,-11387.0
132979280,-159,-11394.0
132989280,-159,-11402.0
132999288,-159,-11409.0
133009296,180,-11415.0
133019300,180,-11417.0
133029308,180,-11414.0
133039312,180,-11409.0
133049312,180,-11403.0
133059312,180,-11396.0
133069312,180,-11388.0
133079316,180,-11381.0
133089316,180,-11373.0
133099316,180,-11365.0
133109316,180,-11357.0
133119320,180,-11349.0
133129324,180,-11341.0
133139332,180,-11333.0
133149336,180,-11324.0
133159340,180,-11316.0
133169340,180,-11308.0
133179348,180,-11300.0
133189348,180,-11292.0
133199356,180,-11284.0
133209356,180,-11275.0
133219356,180,-11267.0
133229356,180,-11259.0
133239364,180,-11251.0
133249368,180,-11243.0
133259372,180,-11234.0
133269372,180,-11226.0
133279380,180,-11218.0
133289384,180,-11210.0
133299392,180,-11202.0
133309400,180,-11193.0
133319400,180,-11185.0
133329400,180,-11177.0
133339400,180,-11169.0
133349400,180,-11161.0
133359400,180,-11152.0
133369400,180,-11144.0
133379404,180,-11136.0
133389404,180,-11128.0
133399412,180,-11120.0
133409420,180,-11111.0
133419424,180,-11103.0
133429424,180,-11095.0
133439424,180,-11087.0
133449424,180,-11079.0
133459432,180,-11071.0
133469436,180,-11062.0
133479444,180,-11054.0
133489444,180,-11046.0
133499452,180,-11038.0
133509456,180,-11030.0
133519456,180,-11021.0
133529456,180,-11013.0
133539456,180,-11005.0
133549460,180,-10997.0
133559460,180,-10989.0
133569468,180,-10980.0
133579476,180,-10972.0
133589488,180,-10964.0
133599492,180,-10956.0
133609492,180,-10948.0
133619500,180,-10939.0
133629500,180,-10931.0
133639504,180,-10923.0
133649512,180,-10915.0
133659512,180,-10907.0
133669520,180,-10898.0
133679524,180,-10890.0
133689524,180,-10882.0
133699532,180,-10874.0
133709540,206,-10866.0
133719548,206,-10857.0
133729552,206,-10848.0
133739560,206,-10839.0
133749568,206,-10830.0
133759568,206,-10821.0
133769568,206,-10811.0
133779568,206,-10802.0
133789576,206,-10793.0
133799584,206,-10783.0
133809584,206,-10774.0
133819584,206,-10765.0
133829592,206,-10755.0
133839600,206,-10746.0
133849608,206,-10736.0
133859608,206,-10727.0
133869616,206,-10718.0
133879624,206,-10708.0
133889624,206,-10699.0
133899624,206,-10689.0
133909632,206,-10680.0
133919640,206,-10671.0
133929648,206,-10661.0
133939648,206,-10652.0
133949656,206,-10642.0
133959664,206,-10633.0
133969664,206,-10624.0
133979672,206,-10614.0
133989672,206,-10605.0
133999672,206,-10595.0
134009672,206,-10586.0
134019680,206,-10577.0
134029680,206,-10567.0
134039688,206,-10558.0
134049696,206,-10548.0
134059704,206,-10539.0
134069708,206,-10530.0
134079716,206,-10520.0
134089716,206,-10511.0
134099724,206,-10502.0
134109732,206,-10492.0
134119732,206,-10483.0
134129732,206,-10473.0
134139732,206,-10464.0
134149740,206,-10455.0
134159740,206,-10445.0
134169740,206,-10436.0
134179744,206,-10426.0
134189744,206,-10417.0
134199744,206,-10408.0
134209744,206,-10398.0
134219752,206,-10389.0
134229760,206,-10379.0
134239760,206,-10370.0
134249764,206,-10361.0
134259768,206,-10351.0
134269768,206,-10342.0
134279776,206,-10332.0
134289780,206,-10323.0
134299788,206,-10314.0
134309796,206,-10304.0
134319796,206,-10295.0
134329800,206,-10285.0
134339808,206,-10276.0
134349808,206,-10267.0
134359812,206,-10257.0
134369812,206,-10248.0
134379812,206,-10238.0
134389812,206,-10229.0
134399820,206,-10220.0
134409820,-83,-10211.0
134419820,-83,-10207.0
134429820,-83,-10206.0
134439820,-83,-10207.0
134449820,-83,-10210.0
134459824,-83,-10213.0
134469824,-83,-10216.0
134479832,-83,-10220.0
134489832,-83,-10223.0
134499840,-83,-10227.0
134509844,-83,-10230.0
134519844,-83,-10234.0
134529852,-83,-10238.0
134539860,-83,-10242.0
134549864,-83,-10245.0
134559872,-83,-10249.0
134569880,-83,-10253.0
134579888,-83,-10256.0
134589888,-83,-10260.0
134599896,-83,-10264.0
134609904,-83,-10268.0
134619904,-83,-10271.0
134629912,-83,-10275.0
134639916,-83,-10279.0
134649916,-83,-10282.0
134659924,-83,-10286.0
134669932,-83,-10290.0
134679932,-83,-10293.0
134689932,-83,-10297.0
134699940,-83,-10301.0
134709948,-83,-10305.0
134719952,-83,-10308.0
134729952,-83,-10312.0
134739960,-83,-10316.0
134749960,-83,-10319.0
134759968,-83,-10323.0
134769972,-83,-10327.0
134779980,-83,-10330.0
134789988,-83,-10334.0
134799988,-83,-10338.0
134809988,-83,-10342.0
134819988,-83,-10345.0
134829996,-83,-10349.0
134839996,-83,-10353.0
134850000,-83,-10356.0
134860000,-83,-10360.0
134870008,-83,-10364.0
134880008,-83,-10368.0
134890016,-83,-10371.0
134900016,-83,-10375.0
134910016,-83,-10379.0
134920016,-83,-10382.0
134930024,-83,-10386.0
134940028,-83,-10390.0
134950028,-83,-10393.0
134960028,-83,-10397.0
134970036,-83,-10401.0
134980036,-83,-10405.0
134990036,-83,-10408.0
135000036,-83,-10412.0
135010044,-83,-10416.0
135020052,-83,-10419.0
135030056,-83,-10423.0
135040064,-83,-10427.0
135050072,-83,-10431.0
135060080,-83,-10434.0
135070084,-83,-10438.0
135080092,-83,-10442.0
135090100,-83,-10445.0
135100108,-83,-10449.0
135110116,-158,-10453.0
135120120,-158,-10458.0
135130128,-158,-10464.0
135140136,-158,-10470.0
135150144,-158,-10477.0
135160148,-158,-10483.0
135170156,-158,-10490.0
135180160,-158,-10497.0
135190168,-158,-10504.0
135200168,-158,-10511.0
135210172,-158,-10518.0
135220176,-158,-10526.0
135230184,-158,-10533.0
135240188,-158,-10540.0
135250188,-158,-10547.0
135260196,-158,-10554.0
135270204,-158,-10561.0
135280212,-158,-10568.0
135290212,-158,-10575.0
135300216,-158,-10582.0
135310224,-158,-10589.0
135320232,-158,-10597.0
135330232,-158,-10604.0
135340240,-158,-10611.0
135350248,-158,-10618.0
135360256,-158,-10625.0
135370260,-158,-10632.0
135380260,-158,-10639.0
135390268,-158,-10646.0
135400276,-158,-10653.0
135410284,-158,-10660.0
135420284,-158,-10668.0
135430292,-158,-10675.0
135440300,-158,-10682.0
135450304,-158,-10689.0
135460308,-158,-10696.0
135470312,-158,-10703.0
135480312,-158,-10710.0
135490320,-158,-10717.0
135500328,-158,-10724.0
135510332,-158,-10731.0
135520340,-158,-10739.0
135530344,-158,-10746.0
135540344,-158,-10753.0
135550344,-158,-10760.0
135560344,-158,-10767.0
135570352,-158,-10774.0
135580360,-158,-10781.0
135590360,-158,-10788.0
135600360,-158,-10795.0
135610368,-158,-10802.0
135620376,-158,-10810.0
135630384,-158,-10817.0
135640384,-158,-10824.0
135650384,-158,-10831.0
135660392,-158,-10838.0
135670400,-158,-10845.0
135680400,-158,-10852.0
135690404,-158,-10859.0
135700412,-158,-10866.0
135710420,-158,-10873.0
135720428,-158,-10880.0
135730428,-158,-10888.0
135740432,-158,-10895.0
135750432,-158,-10902.0
135760436,-158,-10909.0
135770440,-158,-10916.0
135780448,-158,-10923.0
135790456,-158,-10930.0
135800460,-158,-10937.0
135810464,189,-10943.0
135820468,189,-10943.0
135830472,189,-10940.0
135840472,189,-10934.0
135850472,189,-10927.0
135860476,189,-10920.0
135870476,189,-10912.0
135880476,189,-10904.0
135890476,189,-10895.0
135900476,189,-10887.0
135910476,189,-10879.0
135920476,189,-10870.0
135930476,189,-10862.0
135940480,189,-10853.0
135950480,189,-10845.0
135960480,189,-10836.0
135970480,189,-10828.0
135980484,189,-10819.0
135990492,189,-10810.0
136000492,189,-10802.0
136010496,189,-10793.0
136020496,189,-10784.0
136030496,189,-10776.0
136040504,189,-10767.0
136050512,189,-10759.0
136060512,189,-10750.0
136070512,189,-10741.0
136080512,189,-10733.0
136090520,189,-10724.0
136100528,189,-10716.0
136110532,189,-10707.0
136120540,189,-10698.0
136130540,189,-10690.0
136140548,189,-10681.0
136150556,189,-10672.0
136160564,189,-10664.0
136170568,189,-10655.0
136180568,189,-10647.0
136190568,189,-10638.0
136200572,189,-10630.0
136210580,189,-10621.0
136220588,189,-10612.0
136230588,189,-10604.0
136240588,189,-10595.0
136250588,189,-10587.0
136260596,189,-10578.0
136270604,189,-10569.0
136280604,189,-10561.0
136290604,189,-10552.0
136300604,189,-10544.0
136310604,189,-10535.0
136320604,189,-10526.0
136330604,189,-10518.0
136340612,189,-10509.0
136350620,189,-10501.0
136360628,189,-10492.0
136370628,189,-10483.0
136380628,189,-10475.0
136390628,189,-10466.0
136400636,189,-10458.0
136410644,189,-10449.0
136420644,189,-10440.0
136430652,189,-10432.0
136440660,189,-10423.0
136450668,189,-10415.0
136460668,189,-10406.0
136470676,189,-10397.0
136480676,189,-10389.0
136490680,189,-10380.0
136500684,189,-10372.0
136510692,197,-10363.0
136520700,197,-10354.0
136530708,197,-10345.0
136540708,197,-10337.0
136550708,197,-10328.0
136560708,197,-10319.0
136570716,197,-10310.0
136580716,197,-10301.0
136590716,197,-10292.0
136600716,197,-10283.0
136610716,197,-10274.0
136620716,197,-10265.0
136630716,197,-10256.0
136640716,197,-10247.0
136650716,197,-10238.0
136660724,197,-10229.0
136670724,197,-10220.0
136680724,197,-10211.0
136690736,197,-10202.0
136700736,197,-10194.0
136710736,197,-10185.0
136720740,197,-10176.0
136730748,197,-10167.0
136740748,197,-10158.0
136750756,197,-10149.0
136760760,197,-10140.0
136770760,197,-10131.0
136780760,197,-10122.0
136790760,197,-10113.0
136800760,197,-10104.0
136810760,197,-10095.0
136820760,197,-10086.0
136830768,197,-10077.0
136840768,197,-10068.0
136850768,197,-10059.0
136860768,197,-10050.0
136870768,197,-10041.0
136880776,197,-10032.0
136890780,197,-10023.0
136900788,197,-10014.0
136910788,197,-10005.0
136920788,197,-9997.0
136930796,197,-9988.0
136940800,197,-9979.0
136950800,197,-9970.0
136960800,197,-9961.0
136970808,197,-9952.0
136980808,197,-9943.0
136990808,197,-9934.0
137000816,197,-9925.0
137010824,197,-9916.0
137020828,197,-9907.0
137030828,197,-9898.0
137040828,197,-9889.0
137050836,197,-9880.0
137060844,197,-9871.0
137070848,197,-9862.0
137080848,197,-9853.0
137090848,197,-9844.0
137100848,197,-9835.0
137110848,197,-9826.0
137120848,197,-9817.0
137130860,197,-9808.0
137140860,197,-9800.0
137150864,197,-9791.0
137160864,197,-9782.0
137170864,197,-9773.0
137180872,197,-9764.0
137190876,197,-9755.0
137200876,197,-9746.0
137210876,149,-9737.0
137220880,149,-9729.0
137230888,149,-9721.0
137240892,149,-9714.0
137250892,149,-9706.0
137260892,149,-9699.0
137270892,149,-9692.0
137280896,149,-9686.0
137290896,149,-9679.0
137300896,149,-9672.0
137310896,149,-9665.0
137320900,149,-9658.0
137330900,149,-9652.0
137340900,149,-9645.0
137350904,149,-9638.0
137360904,149,-9631.0
137370908,149,-9625.0
137380908,149,-9618.0
137390908,149,-9611.0
137400908,149,-9604.0
137410912,149,-9598.0
137420916,149,-9591.0
137430916,149,-9584.0
137440920,149,-9577.0
137450928,149,-9570.0
137460928,149,-9564.0
137470932,149,-9557.0
137480936,149,-9550.0
137490936,149,-9543.0
137500944,149,-9537.0
137510948,149,-9530.0
137520948,149,-9523.0
137530952,149,-9516.0
137540960,149,-9510.0
137550960,149,-9503.0
137560964,149,-9496.0
137570964,149,-9489.0
137580964,149,-9482.0
137590964,149,-9476.0
137600968,149,-9469.0
137610968,149,-9462.0
137620968,149,-9455.0
137630976,149,-9449.0
137640976,149,-9442.0
137650984,149,-9435.0
137660984,149,-9428.0
137670988,149,-9422.0
137680988,149,-9415.0
137690988,149,-9408.0
137700988,149,-9401.0
137710992,149,-9394.0
137720996,149,-9388.0
137730996,149,-9381.0
137740996,149,-9374.0
137751000,149,-9367.0
137761000,149,-9361.0
137771000,149,-9354.0
137781000,149,-9347.0
137791000,149,-9340.0
137801008,149,-9334.0
137811008,149,-9327.0
137821008,149,-9320.0
137831008,149,-9313.0
137841012,149,-9307.0
137851012,149,-9300.0
137861012,149,-9293.0
137871012,149,-9286.0
137881020,149,-9279.0
137891020,149,-9273.0
137901024,149,-9266.0
137911028,-181,-9260.0
137921028,-181,-9259.0
137931032,-181,-9262.0
137941032,-181,-9268.0
137951040,-181,-9274.0
137961040,-181,-9281.0
137971048,-181,-9289.0
137981056,-181,-9297.0
137991064,-181,-9305.0
138001072,-181,-9313.0
138011072,-181,-9321.0
138021080,-181,-9329.0
138031088,-181,-9337.0
138041096,-181,-9345.0
138051104,-181,-9353.0
138061104,-181,-9361.0
138071112,-181,-9369.0
138081116,-181,-9378.0
138091116,-181,-9386.0
138101116,-181,-9394.0
138111116,-181,-9402.0
138121124,-181,-9410.0
138131132,-181,-9418.0
138141132,-181,-9426.0
138151140,-181,-9435.0
138161140,-181,-9443.0
138171144,-181,-9451.0
138181144,-181,-9459.0
138191144,-181,-9467.0
138201144,-181,-9475.0
138211152,-181,-9483.0
138221160,-181,-9492.0
138231164,-181,-9500.0
138241164,-181,-9508.0
138251168,-181,-9516.0
138261176,-181,-9524.0
138271176,-181,-9532.0
138281184,-181,-9540.0
138291188,-181,-9549.0
138301188,-181,-9557.0
138311196,-181,-9565.0
138321196,-181,-9573.0
138331196,-181,-9581.0
138341204,-181,-9589.0
138351212,-181,-9597.0
138361212,-181,-9606.0
138371220,-181,-9614.0
138381224,-181,-9622.0
138391232,-181,-9630.0
138401232,-181,-9638.0
138411240,-181,-9646.0
138421244,-181,-9654.0
138431252,-181,-9663.0
138441256,-181,-9671.0
138451260,-181,-9679.0
138461264,-181,-9687.0
138471272,-181,-9695.0
138481276,-181,-9703.0
138491276,-181,-9711.0
138501284,-181,-9720.0
138511288,-181,-9728.0
138521296,-181,-9736.0
138531304,-181,-9744.0
138541304,-181,-9752.0
138551312,-181,-9760.0
138561320,-181,-9768.0
138571324,-181,-9777.0
138581324,-181,-9785.0
138591332,-181,-9793.0
138601340,-181,-9801.0
138611340,-161,-9809.0
138621340,-161,-9817.0
138631348,-161,-9825.0
138641356,-161,-9832.0
138651364,-161,-9839.0
138661368,-161,-9847.0
138671372,-161,-9854.0
138681380,-161,-9861.0
138691384,-161,-9869.0
138701384,-161,-9876.0
138711384,-161,-9883.0
138721392,-161,-9890.0
138731400,-161,-9898.0
138741408,-161,-9905.0
138751412,-161,-9912.0
138761412,-161,-9919.0
138771420,-161,-9927.0
138781428,-161,-9934.0
138791436,-161,-9941.0
138801440,-161,-9948.0
138811448,-161,-9955.0
138821452,-161,-9963.0
138831452,-161,-9970.0
138841456,-161,-9977.0
138851464,-161,-9984.0
138861472,-161,-9992.0
138871480,-161,-9999.0
138881484,-161,-10006.0
138891488,-161,-10013.0
138901496,-161,-10021.0
138911496,-161,-10028.0
138921504,-161,-10035.0
138931504,-161,-10042.0
138941512,-161,-10050.0
138951520,-161,-10057.0
138961528,-161,-10064.0
138971528,-161,-10071.0
138981536,-161,-10079.0
138991544,-161,-10086.0
139001552,-161,-10093.0
139011560,-161,-10100.0
139021560,-161,-10107.0
139031568,-161,-10115.0
139041576,-161,-10122.0
139051584,-161,-10129.0
139061584,-161,-10136.0
139071584,-161,-10144.0
139081592,-161,-10151.0
139091600,-161,-10158.0
139101600,-161,-10165.0
139111608,-161,-10173.0
139121608,-161,-10180.0
139131612,-161,-10187.0
139141612,-161,-10194.0
139151612,-161,-10202.0
139161612,-161,-10209.0
139171620,-161,-10216.0
139181620,-161,-10223.0
139191620,-161,-10230.0
139201620,-161,-10238.0
139211628,-161,-10245.0
139221636,-161,-10252.0
139231636,-161,-10259.0
139241644,-161,-10267.0
139251652,-161,-10274.0
139261660,-161,-10281.0
139271668,-161,-10288.0
139281668,-161,-10296.0
139291672,-161,-10303.0
139301676,-161,-10310.0
139311676,159,-10316.0
139321676,159,-10317.0
139331676,159,-10314.0
139341680,159,-10309.0
139351680,159,-10304.0
139361684,159,-10297.0
139371684,159,-10291.0
139381684,159,-10284.0
139391684,159,-10277.0
139401688,159,-10270.0
139411688,159,-10263.0
139421696,159,-10256.0
139431696,159,-10248.0
139441696,159,-10241.0
139451700,159,-10234.0
139461700,159,-10227.0
139471700,159,-10219.0
139481700,159,-10212.0
139491708,159,-10205.0
139501708,159,-10198.0
139511712,159,-10191.0
139521712,159,-10183.0
139531716,159,-10176.0
139541716,159,-10169.0
139551716,159,-10162.0
139561720,159,-10155.0
139571720,159,-10147.0
139581724,159,-10140.0
139591724,159,-10133.0
139601724,159,-10126.0
139611724,159,-10118.0
139621728,159,-10111.0
139631732,159,-10104.0
139641732,159,-10097.0
139651732,159,-10090.0
139661736,159,-10082.0
139671736,159,-10075.0
139681740,159,-10068.0
139691740,159,-10061.0
139701740,159,-10054.0
139711744,159,-10046.0
139721748,159,-10039.0
139731748,159,-10032.0
139741752,159,-10025.0
139751756,159,-10017.0
139761756,159,-10010.0
139771760,159,-10003.0
139781760,159,-9996.0
139791764,159,-9989.0
139801764,159,-9981.0
139811764,159,-9974.0
139821768,159,-9967.0
139831772,159,-9960.0
139841776,159,-9953.0
139851776,159,-9945.0
139861776,159,-9938.0
139871776,159,-9931.0
139881784,159,-9924.0
139891784,159,-9916.0
139901784,159,-9909.0
139911788,159,-9902.0
139921796,159,-9895.0
139931796,159,-9887.0
139941796,159,-9880.0
139951800,159,-9873.0
139961804,159,-9866.0
139971808,159,-9859.0
139981808,159,-9852.0
139991808,159,-9844.0
140001812,159,-9837.0
140011820,-210,-9831.0
140021820,-210,-9830.0
140031820,-210,-9835.0
140041820,-210,-9841.0
140051824,-210,-9848.0
140061832,-210,-9856.0
140071840,-210,-9865.0
140081848,-210,-9874.0
140091848,-210,-9883.0
140101856,-210,-9893.0
140111864,-210,-9902.0
140121872,-210,-9911.0
140131876,-210,-9921.0
140141880,-210,-9930.0
140151884,-210,-9940.0
140161884,-210,-9949.0
140171888,-210,-9959.0
140181892,-210,-9968.0
140191896,-210,-9977.0
140201896,-210,-9987.0
140211904,-210,-9996.0
140221904,-210,-10006.0
140231912,-210,-10015.0
140241916,-210,-10025.0
140251916,-210,-10034.0
140261920,-210,-10044.0
140271924,-210,-10053.0
140281940,-210,-10063.0
140291948,-210,-10072.0
140301956,-210,-10081.0
140311964,-210,-10091.0
140321972,-210,-10100.0
140331976,-210,-10110.0
140341976,-210,-10119.0
140351980,-210,-10129.0
140361984,-210,-10138.0
140371988,-210,-10148.0
140381996,-210,-10157.0
140391996,-210,-10167.0
140401996,-210,-10176.0
140412004,-210,-10185.0
140422008,-210,-10195.0
140432016,-210,-10204.0
140442016,-210,-10214.0
140452020,-210,-10223.0
140462028,-210,-10233.0
140472036,-210,-10242.0
140482040,-210,-10252.0
140492044,-210,-10261.0
140502048,-210,-10270.0
140512056,-210,-10280.0
140522060,-210,-10289.0
140532060,-210,-10299.0
140542068,-210,-10308.0
140552072,-210,-10318.0
140562080,-210,-10327.0
140572080,-210,-10337.0
140582088,-210,-10346.0
140592092,-210,-10356.0
140602100,-210,-10365.0
140612104,-210,-10374.0
140622104,-210,-10384.0
140632112,-210,-10393.0
140642120,-210,-10403.0
140652124,-210,-10412.0
140662124,-210,-10422.0
140672132,-210,-10431.0
140682136,-210,-10441.0
140692144,-210,-10450.0
140702144,-210,-10459.0
140712144,139,-10467.0
140722148,139,-10470.0
140732152,139,-10469.0
140742160,139,-10466.0
140752168,139,-10461.0
140762168,139,-10456.0
140772172,139,-10450.0
140782172,139,-10444.0
140792172,139,-10438.0
140802172,139,-10432.0
140812172,139,-10426.0
140822184,139,-10419.0
140832188,139,-10413.0
140842188,139,-10407.0
140852188,139,-10401.0
140862196,139,-10394.0
140872196,139,-10388.0
140882204,139,-10382.0
140892204,139,-10375.0
140902204,139,-10369.0
140912208,139,-10363.0
140922208,139,-10356.0
140932212,139,-10350.0
140942212,139,-10344.0
140952212,139,-10337.0
140962216,139,-10331.0
140972216,139,-10325.0
140982216,139,-10319.0
140992216,139,-10312.0
141002216,139,-10306.0
141012224,139,-10300.0
141022232,139,-10293.0
141032232,139,-10287.0
141042236,139,-10281.0
141052240,139,-10274.0
141062240,139,-10268.0
141072240,139,-10262.0
141082240,139,-10255.0
141092244,139,-10249.0
141102244,139,-10243.0
141112244,139,-10236.0
141122244,139,-10230.0
141132252,139,-10224.0
141142252,139,-10217.0
141152256,139,-10211.0
141162256,139,-10205.0
141172256,139,-10198.0
141182264,139,-10192.0
141192268,139,-10186.0
141202268,139,-10179.0
141212268,139,-10173.0
141222276,139,-10167.0
141232276,139,-10160.0
141242280,139,-10154.0
141252280,139,-10148.0
141262288,139,-10142.0
141272288,139,-10135.0
141282288,139,-10129.0
141292292,139,-10123.0
141302292,139,-10116.0
141312300,139,-10110.0
141322300,139,-10104.0
141332300,139,-10097.0
141342300,139,-10091.0
141352308,139,-10085.0
141362308,139,-10078.0
141372312,139,-10072.0
141382312,139,-10066.0
141392320,139,-10059.0
141402320,139,-10053.0
141412324,201,-10047.0
141422324,201,-10039.0
141432324,201,-10031.0
141442328,201,-10023.0
141452328,201,-10014.0
141462328,201,-10005.0
141472336,201,-9996.0
141482340,201,-9987.0
141492340,201,-9977.0
141502348,201,-9968.0
141512348,201,-9959.0
141522352,201,-9950.0
141532352,201,-9941.0
141542352,201,-9932.0
141552356,201,-9923.0
141562364,201,-9913.0
141572368,201,-9904.0
141582368,201,-9895.0
141592368,201,-9886.0
141602376,201,-9877.0
141612380,201,-9868.0
141622388,201,-9858.0
141632388,201,-9849.0
141642396,201,-9840.0
141652400,201,-9831.0
141662408,201,-9822.0
141672408,201,-9813.0
141682416,201,-9804.0
141692424,201,-9794.0
141702428,201,-9785.0
141712436,201,-9776.0
141722436,201,-9767.0
141732444,201,-9758.0
141742448,201,-9749.0
141752456,201,-9739.0
141762464,201,-9730.0
141772464,201,-9721.0
141782468,201,-9712.0
141792476,201,-9703.0
141802476,201,-9694.0
141812476,201,-9684.0
141822484,201,-9675.0
141832488,201,-9666.0
141842496,201,-9657.0
141852496,201,-9648.0
141862504,201,-9639.0
141872504,201,-9629.0
141882504,201,-9620.0
141892504,201,-9611.0
141902512,201,-9602.0
141912516,201,-9593.0
141922516,201,-9584.0
141932516,201,-9574.0
141942516,201,-9565.0
141952516,201,-9556.0
141962520,201,-9547.0
141972520,201,-9538.0
141982520,201,-9529.0
141992520,201,-9520.0
142002524,201,-9510.0
142012524,201,-9501.0
142022524,201,-9492.0
142032524,201,-9483.0
142042528,201,-9474.0
142052528,201,-9465.0
142062528,201,-9455.0
142072528,201,-9446.0
142082536,201,-9437.0
142092540,201,-9428.0
142102540,201,-9419.0
142112540,201,-9410.0
142122540,201,-9400.0
142132544,201,-9391.0
142142544,201,-9382.0
142152544,201,-9373.0
142162544,201,-9364.0
142172544,201,-9355.0
142182544,201,-9346.0
142192544,201,-9336.0
142202544,201,-9327.0
142212548,201,-9318.0
142222548,201,-9309.0
142232548,201,-9300.0
142242548,201,-9291.0
142252548,201,-9281.0
142262552,201,-9272.0
142272552,201,-9263.0
142282552,201,-9254.0
142292552,201,-9245.0
142302556,201,-9236.0
142312556,201,-9226.0
142322556,201,-9217.0
142332556,201,-9208.0
142342564,201,-9199.0
142352564,201,-9190.0
142362572,201,-9181.0
142372572,201,-9171.0
142382572,201,-9162.0
142392576,201,-9153.0
142402576,201,-9144.0
142412584,201,-9135.0
142422584,201,-9126.0
142432588,201,-9117.0
142442596,201,-9107.0
142452596,201,-9098.0
142462596,201,-9089.0
142472600,201,-9080.0
142482600,201,-9071.0
142492608,201,-9062.0
142502608,201,-9052.0
142512616,201,-9043.0
142522620,201,-9034.0
142532620,201,-9025.0
142542620,201,-9016.0
142552620,201,-9007.0
142562624,201,-8997.0
142572632,201,-8988.0
142582632,201,-8979.0
142592640,201,-8970.0
142602640,201,-8961.0
142612640,201,-8952.0
142622640,201,-8943.0
142632648,201,-8933.0
142642652,201,-8924.0
142652652,201,-8915.0
142662652,201,-8906.0
142672652,201,-8897.0
142682652,201,-8888.0
142692656,201,-8878.0
142702656,201,-8869.0
142712656,201,-8860.0
142722656,201,-8851.0
142732660,201,-8842.0
142742660,201,-8833.0
142752660,201,-8823.0
142762668,201,-8814.0
142772672,201,-8805.0
142782680,201,-8796.0
142792680,201,-8787.0
142802680,201,-8778.0
142812680,153,-8769.0
142822684,153,-8760.0
142832688,153,-8753.0
142842688,153,-8745.0
142852692,153,-8738.0
142862696,153,-8731.0
142872700,153,-8724.0
142882700,153,-8717.0
142892704,153,-8710.0
142902708,153,-8703.0
142912712,153,-8696.0
142922712,153,-8689.0
142932712,153,-8682.0
142942716,153,-8675.0
142952724,153,-8668.0
142962724,153,-8661.0
142972724,153,-8654.0
142982728,153,-8647.0
142992732,153,-8640.0
143002732,153,-8633.0
143012736,153,-8626.0
143022736,153,-8619.0
143032744,153,-8612.0
143042748,153,-8605.0
143052748,153,-8598.0
143062752,153,-8592.0
143072752,153,-8585.0
143082752,153,-8578.0
143092752,153,-8571.0
143102756,153,-8564.0
143112760,153,-8557.0
143122768,153,-8550.0
143132768,153,-8543.0
143142772,153,-8536.0
143152772,153,-8529.0
143162772,153,-8522.0
143172772,153,-8515.0
143182776,153,-8508.0
143192780,153,-8501.0
143202792,153,-8494.0
143212800,153,-8487.0
143222800,153,-8480.0
143232800,153,-8473.0
143242800,153,-8466.0
143252808,153,-8459.0
143262808,153,-8453.0
143272812,153,-8446.0
143282812,153,-8439.0
143292820,153,-8432.0
143302824,153,-8425.0
143312824,153,-8418.0
143322828,153,-8411.0
143332840,153,-8404.0
143342848,153,-8397.0
143352848,153,-8390.0
143362856,153,-8383.0
143372864,153,-8376.0
143382868,153,-8369.0
143392868,153,-8362.0
143402868,153,-8355.0
143412868,153,-8348.0
143422872,153,-8341.0
143432872,153,-8334.0
143442872,153,-8327.0
143452876,153,-8321.0
143462880,153,-8314.0
143472880,153,-8307.0
143482880,153,-8300.0
143492880,153,-8293.0
143502880,153,-8286.0
143512884,140,-8279.0
143522888,140,-8272.0
143532888,140,-8266.0
143542888,140,-8259.0
143552892,140,-8253.0
143562892,140,-8246.0
143572896,140,-8240.0
143582896,140,-8234.0
143592900,140,-8227.0
143602904,140,-8221.0
143612916,140,-8214.0
143622916,140,-8208.0
143632916,140,-8202.0
143642924,140,-8195.0
143652924,140,-8189.0
143662924,140,-8183.0
143672928,140,-8176.0
143682932,140,-8170.0
143692936,140,-8164.0
143702944,140,-8157.0
143712948,140,-8151.0
143722952,140,-8145.0
143732956,140,-8138.0
143742956,140,-8132.0
143752960,140,-8126.0
143762960,140,-8119.0
143772968,140,-8113.0
143782968,140,-8107.0
143792968,140,-8100.0
143802968,140,-8094.0
143812976,140,-8088.0
143822976,140,-8081.0
143832976,140,-8075.0
143842980,140,-8068.0
143852984,140,-8062.0
143862988,140,-8056.0
143872988,140,-8049.0
143882988,140,-8043.0
143892988,140,-8037.0
143902992,140,-8030.0
143912996,140,-8024.0
143922996,140,-8018.0
143933000,140,-8011.0
143943004,140,-8005.0
143953008,140,-7999.0
143963012,140,-7992.0
143973012,140,-7986.0
143983012,140,-7980.0
143993016,140,-7973.0
144003020,140,-7967.0
144013020,140,-7961.0
144023020,140,-7954.0
144033020,140,-7948.0
144043020,140,-7942.0
144053020,140,-7935.0
144063024,140,-7929.0
144073032,140,-7923.0
144083032,140,-7916.0
144093032,140,-7910.0
144103036,140,-7903.0
144113044,140,-7897.0
144123044,140,-7891.0
144133048,140,-7884.0
144143048,140,-7878.0
144153060,140,-7872.0
144163068,140,-7865.0
144173072,140,-7859.0
144183072,140,-7853.0
144193072,140,-7846.0
144203076,140,-7840.0
144213080,-209,-7836.0
144223080,-209,-7838.0
144233088,-209,-7842.0
144243088,-209,-7849.0
144253092,-209,-7857.0
144263100,-209,-7865.0
144273104,-209,-7874.0
144283112,-209,-7883.0
144293112,-209,-7892.0
144303120,-209,-7901.0
144313124,-209,-7911.0
144323132,-209,-7920.0
144333132,-209,-7929.0
144343136,-209,-7939.0
144353140,-209,-7948.0
144363148,-209,-7957.0
144373148,-209,-7967.0
144383156,-209,-7976.0
144393164,-209,-7986.0
144403172,-209,-7995.0
144413176,-209,-8004.0
144423176,-209,-8014.0
144433180,-209,-8023.0
144443184,-209,-8033.0
144453192,-209,-8042.0
144463200,-209,-8051.0
144473204,-209,-8061.0
144483212,-209,-8070.0
144493216,-209,-8080.0
144503224,-209,-8089.0
144513240,-209,-8099.0
144523244,-209,-8108.0
144533248,-209,-8117.0
144543252,-209,-8127.0
144553256,-209,-8136.0
144563260,-209,-8146.0
144573264,-209,-8155.0
144583272,-209,-8164.0
144593272,-209,-8174.0
144603276,-209,-8183.0
144613284,-209,-8193.0
144623288,-209,-8202.0
144633288,-209,-8211.0
144643296,-209,-8221.0
144653300,-209,-8230.0
144663304,-209,-8240.0
144673308,-209,-8249.0
144683308,-209,-8258.0
144693312,-209,-8268.0
144703320,-209,-8277.0
144713324,-209,-8287.0
144723324,-209,-8296.0
144733332,-209,-8305.0
144743336,-209,-8315.0
144753344,-209,-8324.0
144763344,-209,-8334.0
144773348,-209,-8343.0
144783356,-209,-8352.0
144793360,-209,-8362.0
144803360,-209,-8371.0
144813368,-209,-8381.0
144823376,-209,-8390.0
144833380,-209,-8399.0
144843388,-209,-8409.0
144853396,-209,-8418.0
144863400,-209,-8428.0
144873408,-209,-8437.0
144883416,-209,-8446.0
144893420,-209,-8456.0
144903420,-209,-8465.0
144913428,125,-8473.0
144923432,125,-8475.0
144933436,125,-8473.0
144943436,125,-8470.0
144953436,125,-8466.0
144963440,125,-8461.0
144973440,125,-8456.0
144983448,125,-8450.0
144993448,125,-8445.0
145003448,125,-8439.0
145013452,125,-8434.0
145023464,125,-8428.0
145033468,125,-8423.0
145043468,125,-8417.0
145053468,125,-8411.0
145063472,125,-8406.0
145073476,125,-8400.0
145083480,125,-8394.0
145093480,125,-8389.0
145103480,125,-8383.0
145113488,125,-8377.0
145123492,125,-8372.0
145133492,125,-8366.0
145143492,125,-8360.0
145153492,125,-8355.0
145163492,125,-8349.0
145173492,125,-8343.0
145183496,125,-8338.0
145193496,125,-8332.0
145203504,125,-8326.0
145213504,125,-8321.0
145223504,125,-8315.0
145233508,125,-8309.0
145243516,125,-8304.0
145253520,125,-8298.0
145263520,125,-8292.0
145273524,125,-8287.0
145283524,125,-8281.0
145293524,125,-8276.0
145303524,125,-8270.0
145313528,125,-8264.0
145323532,125,-8259.0
145333536,125,-8253.0
145343540,125,-8247.0
145353544,125,-8242.0
145363544,125,-8236.0
145373552,125,-8230.0
145383556,125,-8225.0
145393556,125,-8219.0
145403560,125,-8213.0
145413560,125,-8208.0
145423560,125,-8202.0
145433560,125,-8196.0
145443564,125,-8191.0
145453564,125,-8185.0
145463572,125,-8179.0
145473576,125,-8174.0
145483576,125,-8168.0
145493580,125,-8162.0
145503584,125,-8157.0
145513588,125,-8151.0
145523588,125,-8145.0
145533592,125,-8140.0
145543596,125,-8134.0
145553600,125,-8128.0
145563600,125,-8123.0
145573604,125,-8117.0
145583604,125,-8112.0
145593612,125,-8106.0
145603612,125,-8100.0
145613612,244,-8094.0
145623612,244,-8086.0
145633612,244,-8077.0
145643620,244,-8067.0
145653628,244,-8057.0
145663636,244,-8046.0
145673640,244,-8036.0
145683648,244,-8025.0
145693652,244,-8014.0
145703652,244,-8003.0
145713660,244,-7992.0
145723660,244,-7980.0
145733660,244,-7969.0
145743668,244,-7958.0
145753668,244,-7947.0
145763668,244,-7936.0
145773668,244,-7925.0
145783668,244,-7914.0
145793676,244,-7903.0
145803676,244,-7891.0
145813676,244,-7880.0
145823676,244,-7869.0
145833684,244,-7858.0
145843692,244,-7847.0
145853692,244,-7836.0
145863700,244,-7825.0
145873708,244,-7813.0
145883716,244,-7802.0
145893720,244,-7791.0
145903720,244,-7780.0
145913728,244,-7769.0
145923736,244,-7758.0
145933736,244,-7747.0
145943744,244,-7735.0
145953752,244,-7724.0
145963760,244,-7713.0
145973768,244,-7702.0
145983768,244,-7691.0
145993776,244,-7680.0
146003784,244,-7669.0
146013792,244,-7657.0
146023792,244,-7646.0
146033792,244,-7635.0
146043800,244,-7624.0
146053808,244,-7613.0
146063808,244,-7602.0
146073808,244,-7591.0
146083816,244,-7579.0
146093824,244,-7568.0
146103832,244,-7557.0
146113836,244,-7546.0
146123836,244,-7535.0
146133836,244,-7524.0
146143844,244,-7513.0
146153848,244,-7502.0
146163856,244,-7490.0
146173864,244,-7479.0
146183864,244,-7468.0
146193864,244,-7457.0
146203864,244,-7446.0
146213872,244,-7435.0
146223880,244,-7424.0
146233880,244,-7412.0
146243880,244,-7401.0
146253888,244,-7390.0
146263896,244,-7379.0
146273896,244,-7368.0
146283896,244,-7357.0
146293896,244,-7346.0
146303912,244,-7334.0
146313916,-131,-7326.0
146323920,-131,-7322.0
146333924,-131,-7323.0
146343924,-131,-7326.0
146353924,-131,-7330.0
146363924,-131,-7335.0
146373928,-131,-7340.0
146383928,-131,-7346.0
146393928,-131,-7352.0
146403928,-131,-7357.0
146413932,-131,-7363.0
146423932,-131,-7369.0
146433932,-131,-7375.0
146443936,-131,-7381.0
146453940,-131,-7387.0
146463940,-131,-7393.0
146473940,-131,-7398.0
146483948,-131,-7404.0
146493948,-131,-7410.0
146503948,-131,-7416.0
146513948,-131,-7422.0
146523948,-131,-7428.0
146533948,-131,-7434.0
146543952,-131,-7440.0
146553952,-131,-7446.0
146563952,-131,-7452.0
146573952,-131,-7458.0
146583956,-131,-7464.0
146593956,-131,-7470.0
146603964,-131,-7476.0
146613964,-131,-7482.0
146623972,-131,-7488.0
146633980,-131,-7494.0
146643980,-131,-7500.0
146653988,-131,-7506.0
146663988,-131,-7512.0
146673992,-131,-7518.0
146683992,-131,-7524.0
146693992,-131,-7530.0
146703992,-131,-7536.0
146713996,-131,-7542.0
146723996,-131,-7548.0
146733996,-131,-7554.0
146743996,-131,-7560.0
146754000,-131,-7566.0
146764000,-131,-7572.0
146774000,-131,-7578.0
146784000,-131,-7584.0
146794008,-131,-7590.0
146804012,-131,-7596.0
146814020,-131,-7602.0
146824020,-131,-7608.0
146834028,-131,-7614.0
146844028,-131,-7619.0
146854028,-131,-7625.0
146864028,-131,-7631.0
146874036,-131,-7637.0
146884036,-131,-7643.0
146894036,-131,-7649.0
146904036,-131,-7655.0
146914044,-131,-7661.0
146924052,-131,-7667.0
146934056,-131,-7673.0
146944056,-131,-7679.0
146954064,-131,-7685.0
146964072,-131,-7691.0
146974072,-131,-7697.0
146984072,-131,-7703.0
146994080,-131,-7709.0
147004080,-131,-7715.0
147014084,-167,-7721.0
147024092,-167,-7728.0
147034100,-167,-7735.0
147044108,-167,-7742.0
147054116,-167,-7749.0
147064116,-167,-7757.0
147074116,-167,-7764.0
147084124,-167,-7771.0
147094132,-167,-7779.0
147104132,-167,-7786.0
147114132,-167,-7794.0
147124140,-167,-7801.0
147134148,-167,-7809.0
147144152,-167,-7816.0
147154160,-167,-7824.0
147164168,-167,-7831.0
147174176,-167,-7839.0
147184184,-167,-7847.0
147194188,-167,-7854.0
147204188,-167,-7861.0
147214192,-167,-7869.0
147224200,-167,-7877.0
147234200,-167,-7884.0
147244208,-167,-7892.0
147254216,-167,-7899.0
147264220,-167,-7907.0
147274220,-167,-7914.0
147284220,-167,-7922.0
147294228,-167,-7929.0
147304236,-167,-7937.0
147314244,-167,-7944.0
147324244,-167,-7952.0
147334244,-167,-7959.0
147344252,-167,-7967.0
147354256,-167,-7974.0
147364260,-167,-7982.0
147374268,-167,-7989.0
147384276,-167,-7997.0
147394284,-167,-8004.0
147404292,-167,-8012.0
147414296,-167,-8019.0
147424300,-167,-8027.0
147434300,-167,-8034.0
147444308,-167,-8042.0
147454308,-167,-8049.0
147464308,-167,-8057.0
147474312,-167,-8064.0
147484316,-167,-8072.0
147494316,-167,-8079.0
147504324,-167,-8087.0
147514328,-167,-8094.0
147524336,-167,-8102.0
147534340,-167,-8109.0
147544340,-167,-8117.0
147554348,-167,-8124.0
147564352,-167,-8132.0
147574352,-167,-8139.0
147584352,-167,-8147.0
147594356,-167,-8154.0
147604364,-167,-8162.0
147614368,-167,-8169.0
147624372,-167,-8177.0
147634376,-167,-8184.0
147644384,-167,-8192.0
147654388,-167,-8199.0
147664388,-167,-8207.0
147674388,-167,-8214.0
147684392,-167,-8222.0
147694400,-167,-8229.0
147704500,-115,-8237.0
147714500,-115,-8244.0
147724500,-115,-8251.0
147734504,-115,-8257.0
147744504,-115,-8262.0
147754512,-115,-8268.0
147764516,-115,-8273.0
147774524,-115,-8278.0
147784532,-115,-8284.0
147794540,-115,-8289.0
147804544,-115,-8294.0
147814552,-115,-8299.0
147824552,-115,-8304.0
147834552,-115,-8309.0
147844552,-115,-8315.0
147854552,-115,-8320.0
147864552,-115,-8325.0
147874560,-115,-8330.0
147884568,-115,-8335.0
147894572,-115,-8340.0
147904580,-115,-8345.0
147914588,-115,-8351.0
147924596,-115,-8356.0
147934600,-115,-8361.0
147944608,-115,-8366.0
147954608,-115,-8371.0
147964616,-115,-8376.0
147974620,-115,-8381.0
147984628,-115,-8387.0
147994636,-115,-8392.0
148004636,-115,-8397.0
148014644,-115,-8402.0
148024648,-115,-8407.0
148034656,-115,-8412.0
148044664,-115,-8418.0
148054672,-115,-8423.0
148064676,-115,-8428.0
148074684,-115,-8433.0
148084692,-115,-8438.0
148094692,-115,-8443.0
148104700,-115,-8448.0
148114704,-115,-8454.0
148124712,-115,-8459.0
148134720,-115,-8464.0
148144728,-115,-8469.0
148154732,-115,-8474.0
148164740,-115,-8479.0
148174740,-115,-8484.0
148184744,-115,-8490.0
148194748,-115,-8495.0
148204756,-115,-8500.0
148214756,-115,-8505.0
148224764,-115,-8510.0
148234772,-115,-8515.0
148244776,-115,-8520.0
148254784,-115,-8526.0
148264784,-115,-8531.0
148274792,-115,-8536.0
148284796,-115,-8541.0
148294796,-115,-8546.0
148304796,-115,-8551.0
148314804,-115,-8557.0
148324808,-115,-8562.0
148334816,-115,-8567.0
148344816,-115,-8572.0
148354824,-115,-8577.0
148364832,-115,-8582.0
148374836,-115,-8587.0
148384844,-115,-8593.0
148394844,-115,-8598.0
148404912,229,-8603.0
148414912,229,-8605.0
148424916,229,-8602.0
148434920,229,-8596.0
148444920,229,-8589.0
148454920,229,-8580.0
148464924,229,-8570.0
148474924,229,-8561.0
148484932,229,-8551.0
148494940,229,-8541.0
148504940,229,-8531.0
148514940,229,-8520.0
148524948,229,-8510.0
148534956,229,-8500.0
148544956,229,-8489.0
148554956,229,-8479.0
148564964,229,-8468.0
148574968,229,-8458.0
148584968,229,-8448.0
148594968,229,-8437.0
148604968,229,-8427.0
148614972,229,-8416.0
148624972,229,-8406.0
148634972,229,-8395.0
148644980,229,-8385.0
148654988,229,-8374.0
148664996,229,-8364.0
148675008,229,-8353.0
148685008,229,-8343.0
148695012,229,-8333.0
148705012,229,-8322.0
148715020,229,-8312.0
148725024,229,-8301.0
148735024,229,-8291.0
148745032,229,-8280.0
148755032,229,-8270.0
148765032,229,-8259.0
148775032,229,-8249.0
148785032,229,-8239.0
148795040,229,-8228.0
148805044,229,-8218.0
148815048,229,-8207.0
148825048,229,-8197.0
148835056,229,-8186.0
148845064,229,-8176.0
148855064,229,-8165.0
148865072,229,-8155.0
148875080,229,-8145.0
148885088,229,-8134.0
148895092,229,-8124.0
148905100,229,-8113.0
148915108,229,-8103.0
148925116,229,-8092.0
148935120,229,-8082.0
148945128,229,-8071.0
148955136,229,-8061.0
148965144,229,-8050.0
148975152,229,-8040.0
148985156,229,-8030.0
148995164,229,-8019.0
149005172,229,-8009.0
149015180,229,-7998.0
149025184,229,-7988.0
149035184,229,-7977.0
149045184,229,-7967.0
149055192,229,-7956.0
149065192,229,-7946.0
149075196,229,-7936.0
149085196,229,-7925.0
149095196,229,-7915.0
149105332,-249,-7904.0
149115332,-249,-7897.0
149125332,-249,-7898.0
149135332,-249,-7903.0
149145340,-249,-7910.0
149155340,-249,-7919.0
149165340,-249,-7929.0
149175344,-249,-7939.0
149185352,-249,-7950.0
149195360,-249,-7961.0
149205360,-249,-7972.0
149215364,-249,-7983.0
149225372,-249,-7994.0
149235376,-249,-8005.0
149245376,-249,-8016.0
149255380,-249,-8027.0
149265388,-249,-8038.0
149275392,-249,-8050.0
149285396,-249,-8061.0
149295396,-249,-8072.0
149305400,-249,-8083.0
149315404,-249,-8094.0
149325408,-249,-8106.0
149335408,-249,-8117.0
149345416,-249,-8128.0
149355420,-249,-8139.0
149365428,-249,-8151.0
149375436,-249,-8162.0
149385444,-249,-8173.0
149395448,-249,-8184.0
149405456,-249,-8195.0
149415460,-249,-8207.0
149425460,-249,-8218.0
149435464,-249,-8229.0
149445472,-249,-8240.0
149455476,-249,-8251.0
149465476,-249,-8263.0
149475480,-249,-8274.0
149485488,-249,-8285.0
149495492,-249,-8296.0
149505492,-249,-8307.0
149515496,-249,-8319.0
149525500,-249,-8330.0
149535508,-249,-8341.0
149545512,-249,-8352.0
149555512,-249,-8364.0
149565516,-249,-8375.0
149575520,-249,-8386.0
149585528,-249,-8397.0
149595528,-249,-8408.0
149605532,-249,-8420.0
149615536,-249,-8431.0
149625544,-249,-8442.0
149635544,-249,-8453.0
149645548,-249,-8464.0
149655552,-249,-8476.0
149665560,-249,-8487.0
149675564,-249,-8498.0
149685564,-249,-8509.0
149695568,-249,-8520.0
149705576,-249,-8532.0
149715580,-249,-8543.0
149725580,-249,-8554.0
149735588,-249,-8565.0
149745592,-249,-8577.0
149755600,-249,-8588.0
149765608,-249,-8599.0
149775616,-249,-8610.0
149785620,-249,-8621.0
149795624,-249,-8633.0
149805628,70,-8644.0
149815632,70,-8652.0
149825636,70,-8656.0
149835636,70,-8656.0
149845640,70,-8655.0
149855640,70,-8653.0
149865644,70,-8650.0
149875648,70,-8648.0
149885652,70,-8645.0
149895660,70,-8642.0
149905668,70,-8639.0
149915672,70,-8636.0
149925680,70,-8633.0
149935684,70,-8630.0
149945692,70,-8626.0
149955696,70,-8623.0
149965700,70,-8620.0
149975704,70,-8617.0
149985704,70,-8614.0
149995708,70,-8611.0
150005716,70,-8608.0
150015720,70,-8605.0
150025728,70,-8601.0
150035736,70,-8598.0
150045740,70,-8595.0
150055748,70,-8592.0
150065752,70,-8589.0
150075752,70,-8586.0
150085760,70,-8583.0
150095764,70,-8579.0
150105768,70,-8576.0
150115776,70,-8573.0
150125784,70,-8570.0
150135788,70,-8567.0
150145792,70,-8564.0
150155796,70,-8561.0
150165796,70,-8558.0
150175800,70,-8554.0
150185808,70,-8551.0
150195812,70,-8548.0
150205812,70,-8545.0
150215816,70,-8542.0
150225824,70,-8539.0
150235828,70,-8536.0
150245828,70,-8533.0
150255832,70,-8529.0
150265840,70,-8526.0
150275844,70,-8523.0
150285852,70,-8520.0
150295860,70,-8517.0
150305868,70,-8514.0
150315872,70,-8511.0
150325880,70,-8508.0
150335888,70,-8504.0
150345892,70,-8501.0
150355900,70,-8498.0
150365904,70,-8495.0
150375912,70,-8492.0
150385920,70,-8489.0
150395924,70,-8486.0
150405932,70,-8483.0
150415936,70,-8479.0
150425936,70,-8476.0
150435936,70,-8473.0
150445944,70,-8470.0
150455948,70,-8467.0
150465948,70,-8464.0
150475952,70,-8461.0
150485960,70,-8458.0
150495964,70,-8455.0
150505972,61,-8451.0
150515980,61,-8448.0
150525988,61,-8445.0
150535992,61,-8443.0
150546000,61,-8440.0
150556008,61,-8437.0
150566012,61,-8434.0
150576020,61,-8432.0
150586020,61,-8429.0
150596020,61,-8426.0
150606024,61,-8424.0
150616032,61,-8421.0
150626036,61,-8418.0
150636040,61,-8415.0
150646040,61,-8413.0
150656044,61,-8410.0
150666048,61,-8407.0
150676052,61,-8405.0
150686052,61,-8402.0
150696060,61,-8399.0
150706064,61,-8397.0
150716072,61,-8394.0
150726072,61,-8391.0
150736080,61,-8388.0
150746080,61,-8386.0
150756084,61,-8383.0
150766088,61,-8380.0
150776096,61,-8377.0
150786100,61,-8375.0
150796104,61,-8372.0
150806108,61,-8369.0
150816108,61,-8367.0
150826112,61,-8364.0
150836116,61,-8361.0
150846120,61,-8359.0
150856128,61,-8356.0
150866132,61,-8353.0
150876136,61,-8350.0
150886140,61,-8348.0
150896148,61,-8345.0
150906156,61,-8342.0
150916160,61,-8340.0
150926164,61,-8337.0
150936172,61,-8334.0
150946180,61,-8331.0
150956184,61,-8329.0
150966188,61,-8326.0
150976196,61,-8323.0
150986196,61,-8321.0
150996200,61,-8318.0
151006204,61,-8315.0
151016212,61,-8312.0
151026216,61,-8310.0
151036220,61,-8307.0
151046224,61,-8304.0
151056232,61,-8302.0
151066236,61,-8299.0
151076244,61,-8296.0
151086248,61,-8294.0
151096252,61,-8291.0
151106256,61,-8288.0
151116264,61,-8285.0
151126264,61,-8283.0
151136268,61,-8280.0
151146272,61,-8277.0
151156276,61,-8275.0
151166276,61,-8272.0
151176284,61,-8269.0
151186288,61,-8266.0
151196292,61,-8264.0
151206292,167,-8261.0
151216296,167,-8257.0
151226300,167,-8252.0
151236300,167,-8246.0
151246312,167,-8239.0
151256316,167,-8232.0
151266320,167,-8224.0
151276320,167,-8217.0
151286320,167,-8210.0
151296328,167,-8202.0
151306336,167,-8195.0
151316336,167,-8187.0
151326336,167,-8179.0
151336344,167,-8172.0
151346344,167,-8164.0
151356348,167,-8157.0
151366348,167,-8149.0
151376360,167,-8141.0
151386364,167,-8134.0
151396368,167,-8126.0
151406368,167,-8119.0
151416368,167,-8111.0
151426372,167,-8103.0
151436372,167,-8096.0
151446376,167,-8088.0
151456376,167,-8081.0
151466380,167,-8073.0
151476384,167,-8066.0
151486384,167,-8058.0
151496384,167,-8050.0
151506388,167,-8043.0
151516392,167,-8035.0
151526392,167,-8027.0
151536396,167,-8020.0
151546396,167,-8012.0
151556404,167,-8005.0
151566412,167,-7997.0
151576412,167,-7990.0
151586412,167,-7982.0
151596416,167,-7974.0
151606420,167,-7967.0
151616420,167,-7959.0
151626420,167,-7951.0
151636424,167,-7944.0
151646424,167,-7936.0
151656428,167,-7929.0
151666428,167,-7921.0
151676428,167,-7914.0
151686436,167,-7906.0
151696436,167,-7898.0
151706436,167,-7891.0
151716436,167,-7883.0
151726440,167,-7876.0
151736440,167,-7868.0
151746440,167,-7860.0
151756444,167,-7853.0
151766448,167,-7845.0
151776448,167,-7838.0
151786448,167,-7830.0
151796452,167,-7822.0
151806452,167,-7815.0
151816460,167,-7807.0
151826460,167,-7800.0
151836460,167,-7792.0
151846464,167,-7784.0
151856468,167,-7777.0
151866468,167,-7769.0
151876472,167,-7762.0
151886472,167,-7754.0
151896476,167,-7746.0
151906480,102,-7739.0
151916480,102,-7732.0
151926484,102,-7726.0
151936488,102,-7720.0
151946492,102,-7715.0
151956496,102,-7710.0
151966500,102,-7705.0
151976504,102,-7701.0
151986504,102,-7696.0
151996508,102,-7691.0
152006512,102,-7687.0
152016516,102,-7682.0
152026524,102,-7678.0
152036528,102,-7673.0
152046532,102,-7668.0
152056532,102,-7664.0
152066536,102,-7659.0
152076544,102,-7654.0
152086548,102,-7650.0
152096552,102,-7645.0
152106552,102,-7641.0
152116552,102,-7636.0
152126552,102,-7631.0
152136556,102,-7627.0
152146560,102,-7622.0
152156568,102,-7618.0
152166572,102,-7613.0
152176572,102,-7608.0
152186576,102,-7604.0
152196576,102,-7599.0
152206580,102,-7595.0
152216584,102,-7590.0
152226588,102,-7585.0
152236588,102,-7581.0
152246588,102,-7576.0
152256592,102,-7572.0
152266596,102,-7567.0
152276600,102,-7562.0
152286600,102,-7558.0
152296604,102,-7553.0
152306608,102,-7549.0
152316612,102,-7544.0
152326620,102,-7539.0
152336624,102,-7535.0
152346628,102,-7530.0
152356632,102,-7526.0
152366636,102,-7521.0
152376644,102,-7516.0
152386648,102,-7512.0
152396648,102,-7507.0
152406652,102,-7503.0
152416660,102,-7498.0
152426660,102,-7493.0
152436664,102,-7489.0
152446668,102,-7484.0
152456668,102,-7480.0
152466668,102,-7475.0
152476672,102,-7470.0
152486676,102,-7466.0
152496680,102,-7461.0
152506684,102,-7457.0
152516688,102,-7452.0
152526692,102,-7447.0
152536696,102,-7443.0
152546704,102,-7438.0
152556708,102,-7434.0
152566712,102,-7429.0
152576716,102,-7424.0
152586728,102,-7420.0
152596736,102,-7415.0
152606740,-180,-7411.0
152616740,-180,-7410.0
152626744,-180,-7412.0
152636748,-180,-7418.0
152646748,-180,-7424.0
152656756,-180,-7431.0
152666764,-180,-7438.0
152676768,-180,-7446.0
152686776,-180,-7454.0
152696784,-180,-7462.0
152706792,-180,-7470.0
152716800,-180,-7478.0
152726800,-180,-7486.0
152736800,-180,-7494.0
152746808,-180,-7502.0
152756816,-180,-7510.0
152766816,-180,-7518.0
152776816,-180,-7526.0
152786816,-180,-7534.0
152796824,-180,-7543.0
152806824,-180,-7551.0
152816832,-180,-7559.0
152826840,-180,-7567.0
152836848,-180,-7575.0
152846856,-180,-7583.0
152856856,-180,-7591.0
152866856,-180,-7599.0
152876856,-180,-7607.0
152886864,-180,-7615.0
152896864,-180,-7624.0
152906872,-180,-7632.0
152916880,-180,-7640.0
152926880,-180,-7648.0
152936880,-180,-7656.0
152946880,-180,-7664.0
152956888,-180,-7672.0
152966888,-180,-7680.0
152976892,-180,-7688.0
152986896,-180,-7696.0
152996900,-180,-7705.0
153006900,-180,-7713.0
153016908,-180,-7721.0
153026908,-180,-7729.0
153036908,-180,-7737.0
153046916,-180,-7745.0
153056924,-180,-7753.0
153066924,-180,-7761.0
153076924,-180,-7769.0
153086932,-180,-7777.0
153096932,-180,-7785.0
153106940,-180,-7794.0
153116944,-180,-7802.0
153126952,-180,-7810.0
153136952,-180,-7818.0
153146960,-180,-7826.0
153156964,-180,-7834.0
153166972,-180,-7842.0
153176972,-180,-7850.0
153186980,-180,-7858.0
153196984,-180,-7866.0
153206992,-180,-7875.0
153217000,-180,-7883.0
153227008,-180,-7891.0
153237008,-180,-7899.0
153247008,-180,-7907.0
153257008,-180,-7915.0
153267016,-180,-7923.0
153277016,-180,-7931.0
153287020,-180,-7939.0
153297020,-180,-7947.0
153307020,-111,-7956.0
153317020,-111,-7963.0
153327024,-111,-7969.0
153337024,-111,-7975.0
153347024,-111,-7981.0
153357028,-111,-7986.0
153367028,-111,-7991.0
153377032,-111,-7996.0
153387032,-111,-8001.0
153397032,-111,-8006.0
153407032,-111,-8011.0
153417036,-111,-8016.0
153427036,-111,-8021.0
153437036,-111,-8026.0
153447036,-111,-8031.0
153457040,-111,-8036.0
153467040,-111,-8041.0
153477040,-111,-8046.0
153487040,-111,-8051.0
153497044,-111,-8056.0
153507044,-111,-8061.0
153517048,-111,-8066.0
153527048,-111,-8071.0
153537048,-111,-8076.0
153547052,-111,-8081.0
153557052,-111,-8086.0
153567052,-111,-8091.0
153577052,-111,-8096.0
153587060,-111,-8101.0
153597060,-111,-8106.0
153607064,-111,-8111.0
153617072,-111,-8115.0
153627072,-111,-8120.0
153637072,-111,-8125.0
153647080,-111,-8130.0
153657088,-111,-8135.0
153667088,-111,-8140.0
153677088,-111,-8145.0
153687088,-111,-8150.0
153697096,-111,-8155.0
153707104,-111,-8160.0
153717108,-111,-8165.0
153727116,-111,-8170.0
153737116,-111,-8175.0
153747124,-111,-8180.0
153757128,-111,-8185.0
153767136,-111,-8190.0
153777136,-111,-8195.0
153787144,-111,-8200.0
153797152,-111,-8205.0
153807156,-111,-8210.0
153817156,-111,-8215.0
153827164,-111,-8220.0
153837164,-111,-8225.0
153847164,-111,-8230.0
153857164,-111,-8235.0
153867164,-111,-8239.0
153877172,-111,-8244.0
153887176,-111,-8249.0
153897176,-111,-8254.0
153907184,-111,-8259.0
153917184,-111,-8264.0
153927184,-111,-8269.0
153937188,-111,-8274.0
153947188,-111,-8279.0
153957188,-111,-8284.0
153967188,-111,-8289.0
153977192,-111,-8294.0
153987192,-111,-8299.0
153997192,-111,-8304.0
154007196,95,-8309.0
154017196,95,-8311.0
154027200,95,-8310.0
154037208,95,-8308.0
154047208,95,-8305.0
154057212,95,-8301.0
154067212,95,-8297.0
154077212,95,-8293.0
154087216,95,-8289.0
154097220,95,-8285.0
154107228,95,-8281.0
154117228,95,-8276.0
154127232,95,-8272.0
154137236,95,-8268.0
154147244,95,-8264.0
154157244,95,-8259.0
154167248,95,-8255.0
154177252,95,-8251.0
154187256,95,-8246.0
154197264,95,-8242.0
154207264,95,-8238.0
154217268,95,-8233.0
154227272,95,-8229.0
154237280,95,-8225.0
154247284,95,-8221.0
154257284,95,-8216.0
154267288,95,-8212.0
154277296,95,-8208.0
154287296,95,-8203.0
154297300,95,-8199.0
154307304,95,-8195.0
154317308,95,-8191.0
154327316,95,-8186.0
154337320,95,-8182.0
154347320,95,-8178.0
154357324,95,-8173.0
154367324,95,-8169.0
154377328,95,-8165.0
154387332,95,-8161.0
154397332,95,-8156.0
154407332,95,-8152.0
154417336,95,-8148.0
154427340,95,-8144.0
154437344,95,-8139.0
154447348,95,-8135.0
154457356,95,-8131.0
154467360,95,-8126.0
154477364,95,-8122.0
154487368,95,-8118.0
154497376,95,-8113.0
154507376,95,-8109.0
154517380,95,-8105.0
154527384,95,-8101.0
154537392,95,-8096.0
154547396,95,-8092.0
154557400,95,-8088.0
154567404,95,-8083.0
154577408,95,-8079.0
154587416,95,-8075.0
154597420,95,-8071.0
154607424,95,-8066.0
154617428,95,-8062.0
154627428,95,-8058.0
154637428,95,-8053.0
154647432,95,-8049.0
154657436,95,-8045.0
154667436,95,-8041.0
154677436,95,-8036.0
154687440,95,-8032.0
154697444,95,-8028.0
154707448,-245,-8024.0
154717452,-245,-8023.0
154727452,-245,-8028.0
154737456,-245,-8035.0
154747464,-245,-8044.0
154757464,-245,-8054.0
154767468,-245,-8064.0
154777472,-245,-8074.0
154787472,-245,-8085.0
154797472,-245,-8096.0
154807476,-245,-8106.0
154817484,-245,-8117.0
154827492,-245,-8128.0
154837496,-245,-8139.0
154847496,-245,-8150.0
154857504,-245,-8161.0
154867508,-245,-8172.0
154877516,-245,-8183.0
154887516,-245,-8194.0
154897520,-245,-8205.0
154907524,-245,-8216.0
154917532,-245,-8227.0
154927532,-245,-8238.0
154937536,-245,-8249.0
154947540,-245,-8260.0
154957548,-245,-8271.0
154967564,-245,-8283.0
154977564,-245,-8294.0
154987568,-245,-8305.0
154997576,-245,-8316.0
155007584,-245,-8327.0
155017584,-245,-8338.0
155027588,-245,-8349.0
155037596,-245,-8360.0
155047600,-245,-8371.0
155057600,-245,-8382.0
155067608,-245,-8393.0
155077612,-245,-8404.0
155087616,-245,-8415.0
155097624,-245,-8426.0
155107624,-245,-8437.0
155117628,-245,-8448.0
155127636,-245,-8459.0
155137644,-245,-8470.0
155147652,-245,-8481.0
155157660,-245,-8492.0
155167664,-245,-8503.0
155177672,-245,-8514.0
155187672,-245,-8525.0
155197676,-245,-8536.0
155207676,-245,-8547.0
155217680,-245,-8558.0
155227688,-245,-8569.0
155237688,-245,-8580.0
155247696,-245,-8591.0
155257700,-245,-8602.0
155267708,-245,-8613.0
155277708,-245,-8624.0
155287712,-245,-8635.0
155297720,-245,-8646.0
155307724,-245,-8657.0
155317724,-245,-8668.0
155327724,-245,-8679.0
155337728,-245,-8690.0
155347744,-245,-8702.0
155357752,-245,-8713.0
155367752,-245,-8724.0
155377760,-245,-8735.0
155387768,-245,-8746.0
155397772,-245,-8757.0
155407776,-165,-8768.0
155417780,-165,-8778.0
155427780,-165,-8787.0
155437788,-165,-8796.0
155447788,-165,-8804.0
155457788,-165,-8812.0
155467796,-165,-8820.0
155477796,-165,-8827.0
155487804,-165,-8835.0
155497808,-165,-8842.0
155507816,-165,-8850.0
155517824,-165,-8857.0
155527824,-165,-8864.0
155537824,-165,-8872.0
155547824,-165,-8879.0
155557824,-165,-8887.0
155567832,-165,-8894.0
155577832,-165,-8902.0
155587832,-165,-8909.0
155597832,-165,-8916.0
155607832,-165,-8924.0
155617832,-165,-8931.0
155627832,-165,-8939.0
155637832,-165,-8946.0
155647832,-165,-8953.0
155657832,-165,-8961.0
155667836,-165,-8968.0
155677840,-165,-8976.0
155687840,-165,-8983.0
155697848,-165,-8990.0
155707848,-165,-8998.0
155717856,-165,-9005.0
155727864,-165,-9013.0
155737872,-165,-9020.0
155747880,-165,-9027.0
155757880,-165,-9035.0
155767880,-165,-9042.0
155777888,-165,-9050.0
155787896,-165,-9057.0
155797896,-165,-9065.0
155807896,-165,-9072.0
155817904,-165,-9079.0
155827904,-165,-9087.0
155837904,-165,-9094.0
155847904,-165,-9102.0
155857904,-165,-9109.0
155867912,-165,-9116.0
155877920,-165,-9124.0
155887924,-165,-9131.0
155897932,-165,-9139.0
155907940,-165,-9146.0
155917960,-165,-9154.0
155927960,-165,-9161.0
155937960,-165,-9168.0
155947960,-165,-9176.0
155957968,-165,-9183.0
155967976,-165,-9191.0
155977980,-165,-9198.0
155987980,-165,-9205.0
155997988,-165,-9213.0
156007988,-165,-9220.0
156017988,-165,-9228.0
156027996,-165,-9235.0
156037996,-165,-9242.0
156048004,-165,-9250.0
156058004,-165,-9257.0
156068012,-165,-9265.0
156078020,-165,-9272.0
156088036,-165,-9280.0
156098036,-165,-9287.0
156108040,138,-9294.0
156118044,138,-9298.0
156128052,138,-9298.0
156138056,138,-9294.0
156148064,138,-9290.0
156158068,138,-9285.0
156168072,138,-9279.0
156178072,138,-9273.0
156188080,138,-9267.0
156198080,138,-9261.0
156208084,138,-9255.0
156218084,138,-9249.0
156228088,138,-9243.0
156238092,138,-9236.0
156248096,138,-9230.0
156258096,138,-9224.0
156268100,138,-9218.0
156278104,138,-9211.0
156288108,138,-9205.0
156298108,138,-9199.0
156308112,138,-9193.0
156318120,138,-9186.0
156328120,138,-9180.0
156338124,138,-9174.0
156348128,138,-9168.0
156358128,138,-9161.0
156368128,138,-9155.0
156378128,138,-9149.0
156388132,138,-9143.0
156398132,138,-9136.0
156408132,138,-9130.0
156418132,138,-9124.0
156428144,138,-9117.0
156438148,138,-9111.0
156448148,138,-9105.0
156458148,138,-9099.0
156468152,138,-9092.0
156478152,138,-9086.0
156488168,138,-9080.0
156498172,138,-9074.0
156508172,138,-9067.0
156518176,138,-9061.0
156528180,138,-9055.0
156538184,138,-9049.0
156548188,138,-9042.0
156558188,138,-9036.0
156568192,138,-9030.0
156578192,138,-9024.0
156588192,138,-9017.0
156598196,138,-9011.0
156608200,138,-9005.0
156618208,138,-8999.0
156628208,138,-8992.0
156638212,138,-8986.0
156648216,138,-8980.0
156658220,138,-8974.0
156668224,138,-8967.0
156678228,138,-8961.0
156688232,138,-8955.0
156698232,138,-8949.0
156708240,138,-8942.0
156718244,138,-8936.0
156728248,138,-8930.0
156738248,138,-8923.0
156748260,138,-8917.0
156758260,138,-8911.0
156768264,138,-8905.0
156778264,138,-8898.0
156788268,138,-8892.0
156798276,138,-8886.0
156808280,182,-8880.0
156818280,182,-8873.0
156828280,182,-8866.0
156838284,182,-8858.0
156848288,182,-8850.0
156858288,182,-8842.0
156868288,182,-8834.0
156878292,182,-8826.0
156888292,182,-8817.0
156898292,182,-8809.0
156908292,182,-8801.0
156918292,182,-8793.0
156928296,182,-8784.0
156938296,182,-8776.0
156948296,182,-8768.0
156958296,182,-8760.0
156968304,182,-8751.0
156978304,182,-8743.0
156988308,182,-8735.0
156998308,182,-8726.0
157008312,182,-8718.0
157018316,182,-8710.0
157028316,182,-8702.0
157038316,182,-8693.0
157048320,182,-8685.0
157058324,182,-8677.0
157068324,182,-8668.0
157078328,182,-8660.0
157088328,182,-8652.0
157098332,182,-8643.0
157108332,182,-8635.0
157118336,182,-8627.0
157128340,182,-8619.0
157138344,182,-8610.0
157148344,182,-8602.0
157158344,182,-8594.0
157168348,182,-8586.0
157178348,182,-8577.0
157188356,182,-8569.0
157198356,182,-8561.0
157208368,182,-8552.0
157218372,182,-8544.0
157228376,182,-8536.0
157238380,182,-8528.0
157248380,182,-8519.0
157258380,182,-8511.0
157268388,182,-8503.0
157278388,182,-8495.0
157288392,182,-8486.0
157298400,182,-8478.0
157308408,182,-8470.0
157318412,182,-8462.0
157328420,182,-8453.0
157338420,182,-8445.0
157348428,182,-8437.0
157358440,182,-8428.0
157368440,182,-8420.0
157378440,182,-8412.0
157388448,182,-8404.0
157398452,182,-8395.0
157408452,182,-8387.0
157418452,182,-8379.0
157428452,182,-8371.0
157438452,182,-8362.0
157448456,182,-8354.0
157458456,182,-8346.0
157468456,182,-8338.0
157478464,182,-8329.0
157488464,182,-8321.0
157498464,182,-8313.0
157508464,-106,-8305.0
157518464,-106,-8300.0
157528468,-106,-8299.0
157538468,-106,-8300.0
157548468,-106,-8303.0
157558468,-106,-8307.0
157568472,-106,-8311.0
157578472,-106,-8316.0
157588472,-106,-8320.0
157598472,-106,-8325.0
157608480,-106,-8330.0
157618484,-106,-8334.0
157628492,-106,-8339.0
157638500,-106,-8344.0
157648500,-106,-8348.0
157658500,-106,-8353.0
157668500,-106,-8358.0
157678500,-106,-8363.0
157688508,-106,-8367.0
157698512,-106,-8372.0
157708520,-106,-8377.0
157718528,-106,-8382.0
157728528,-106,-8386.0
157738536,-106,-8391.0
157748536,-106,-8396.0
157758536,-106,-8401.0
157768544,-106,-8405.0
157778544,-106,-8410.0
157788544,-106,-8415.0
157798552,-106,-8420.0
157808560,-106,-8424.0
157818560,-106,-8429.0
157828560,-106,-8434.0
157838560,-106,-8438.0
157848560,-106,-8443.0
157858568,-106,-8448.0
157868576,-106,-8453.0
157878580,-106,-8457.0
157888580,-106,-8462.0
157898588,-106,-8467.0
157908588,-106,-8472.0
157918592,-106,-8476.0
157928592,-106,-8481.0
157938600,-106,-8486.0
157948600,-106,-8491.0
157958604,-106,-8495.0
157968612,-106,-8500.0
157978620,-106,-8505.0
157988620,-106,-8510.0
157998620,-106,-8514.0
158008620,-106,-8519.0
158018620,-106,-8524.0
158028620,-106,-8529.0
158038620,-106,-8533.0
158048624,-106,-8538.0
158058632,-106,-8543.0
158068632,-106,-8547.0
158078632,-106,-8552.0
158088636,-106,-8557.0
158098636,-106,-8562.0
158108636,-106,-8566.0
158118636,-106,-8571.0
158128644,-106,-8576.0
158138644,-106,-8581.0
158148644,-106,-8585.0
158158644,-106,-8590.0
158168652,-106,-8595.0
158178656,-106,-8600.0
158188656,-106,-8604.0
158198664,-106,-8609.0
158208664,-206,-8614.0
158218664,-206,-8620.0
158228664,-206,-8627.0
158238672,-206,-8635.0
158248680,-206,-8643.0
158258688,-206,-8652.0
158268688,-206,-8661.0
158278696,-206,-8670.0
158288704,-206,-8679.0
158298708,-206,-8689.0
158308712,-206,-8698.0
158318720,-206,-8707.0
158328728,-206,-8716.0
158338732,-206,-8726.0
158348736,-206,-8735.0
158358744,-206,-8744.0
158368752,-206,-8753.0
158378756,-206,-8763.0
158388756,-206,-8772.0
158398756,-206,-8781.0
158408756,-206,-8790.0
158418764,-206,-8800.0
158428772,-206,-8809.0
158438772,-206,-8818.0
158448780,-206,-8827.0
158458784,-206,-8837.0
158468784,-206,-8846.0
158478784,-206,-8855.0
158488792,-206,-8864.0
158498800,-206,-8874.0
158508808,-206,-8883.0
158518812,-206,-8892.0
158528812,-206,-8902.0
158538820,-206,-8911.0
158548828,-206,-8920.0
158558836,-206,-8929.0
158568836,-206,-8939.0
158578844,-206,-8948.0
158588852,-206,-8957.0
158598860,-206,-8966.0
158608860,-206,-8976.0
158618864,-206,-8985.0
158628864,-206,-8994.0
158638868,-206,-9004.0
158648876,-206,-9013.0
158658876,-206,-9022.0
158668884,-206,-9031.0
158678888,-206,-9041.0
158688888,-206,-9050.0
158698888,-206,-9059.0
158708896,-206,-9068.0
158718904,-206,-9078.0
158728912,-206,-9087.0
158738920,-206,-9096.0
158748920,-206,-9105.0
158758924,-206,-9115.0
158768924,-206,-9124.0
158778928,-206,-9133.0
158788928,-206,-9142.0
158798936,-206,-9152.0
158808944,-206,-9161.0
158818952,-206,-9170.0
158828952,-206,-9180.0
158838960,-206,-9189.0
158848964,-206,-9198.0
158858972,-206,-9207.0
158868980,-206,-9217.0
158878980,-206,-9226.0
158888988,-206,-9235.0
158898992,-206,-9244.0
158908992,230,-9253.0
158919000,230,-9257.0
158929008,230,-9255.0
158939008,230,-9249.0
158949012,230,-9242.0
158959016,230,-9233.0
158969016,230,-9224.0
158979016,230,-9214.0
158989016,230,-9204.0
158999024,230,-9194.0
159009028,230,-9184.0
159019028,230,-9174.0
159029028,230,-9163.0
159039036,230,-9153.0
159049040,230,-9143.0
159059040,230,-9132.0
159069040,230,-9122.0
159079048,230,-9111.0
159089052,230,-9101.0
159099060,230,-9090.0
159109060,230,-9080.0
159119060,230,-9069.0
159129068,230,-9059.0
159139072,230,-9048.0
159149072,230,-9038.0
159159072,230,-9027.0
159169072,230,-9017.0
159179076,230,-9006.0
159189076,230,-8996.0
159199076,230,-8985.0
159209076,230,-8975.0
159219080,230,-8964.0
159229080,230,-8954.0
159239080,230,-8943.0
159249080,230,-8933.0
159259080,230,-8922.0
159269080,230,-8912.0
159279080,230,-8901.0
159289080,230,-8891.0
159299080,230,-8880.0
159309080,230,-8870.0
159319080,230,-8859.0
159329080,230,-8849.0
159339080,230,-8838.0
159349084,230,-8828.0
159359092,230,-8817.0
159369092,230,-8807.0
159379092,230,-8796.0
159389096,230,-8786.0
159399104,230,-8775.0
159409104,230,-8765.0
159419104,230,-8754.0
159429104,230,-8744.0
159439108,230,-8733.0
159449108,230,-8723.0
159459108,230,-8712.0
159469108,230,-8702.0
159479112,230,-8691.0
159489112,230,-8681.0
159499112,230,-8670.0
159509112,230,-8660.0
159519116,230,-8649.0
159529116,230,-8639.0
159539116,230,-8628.0
159549116,230,-8618.0
159559120,230,-8607.0
159569124,230,-8597.0
159579132,230,-8586.0
159589132,230,-8576.0
159599132,230,-8565.0
159609140,-251,-8555.0
159619140,-251,-8551.0
159629140,-251,-8553.0
159639140,-251,-8559.0
159649144,-251,-8567.0
159659144,-251,-8576.0
159669152,-251,-8586.0
159679160,-251,-8596.0
159689164,-251,-8607.0
159699168,-251,-8618.0
159709168,-251,-8629.0
159719176,-251,-8640.0
159729180,-251,-8651.0
159739184,-251,-8663.0
159749192,-251,-8674.0
159759196,-251,-8685.0
159769196,-251,-8696.0
159779196,-251,-8708.0
159789200,-251,-8719.0
159799208,-251,-8730.0
159809212,-251,-8742.0
159819216,-251,-8753.0
159829220,-251,-8764.0
159839228,-251,-8775.0
159849236,-251,-8787.0
159859244,-251,-8798.0
159869244,-251,-8809.0
159879248,-251,-8821.0
159889256,-251,-8832.0
159899260,-251,-8843.0
159909260,-251,-8855.0
159919268,-251,-8866.0
159929276,-251,-8877.0
159939280,-251,-8888.0
159949288,-251,-8900.0
159959296,-251,-8911.0
159969304,-251,-8922.0
159979308,-251,-8934.0
159989316,-251,-8945.0
159999320,-251,-8956.0
160009328,-251,-8968.0
160019328,-251,-8979.0
160029332,-251,-8990.0
160039332,-251,-9002.0
160049336,-251,-9013.0
160059340,-251,-9024.0
160069344,-251,-9035.0
160079348,-251,-9047.0
160089348,-251,-9058.0
160099352,-251,-9069.0
160109356,-251,-9081.0
160119360,-251,-9092.0
160129360,-251,-9103.0
160139364,-251,-9115.0
160149368,-251,-9126.0
160159376,-251,-9137.0
160169384,-251,-9148.0
160179388,-251,-9160.0
160189392,-251,-9171.0
160199396,-251,-9182.0
160209404,-251,-9194.0
160219412,-251,-9205.0
160229416,-251,-9216.0
160239424,-251,-9228.0
160249428,-251,-9239.0
160259428,-251,-9250.0
160269432,-251,-9262.0
160279436,-251,-9273.0
160289444,-251,-9284.0
160299452,-251,-9295.0
160309456,-114,-9307.0
160319460,-114,-9317.0
160329460,-114,-9325.0
160339468,-114,-9332.0
160349468,-114,-9338.0
160359468,-114,-9344.0
160369476,-114,-9349.0
160379476,-114,-9355.0
160389476,-114,-9360.0
160399476,-114,-9365.0
160409476,-114,-9370.0
160419484,-114,-9375.0
160429488,-114,-9380.0
160439496,-114,-9386.0
160449496,-114,-9391.0
160459496,-114,-9396.0
160469496,-114,-9401.0
160479500,-114,-9406.0
160489500,-114,-9411.0
160499500,-114,-9416.0
160509508,-114,-9421.0
160519512,-114,-9426.0
160529512,-114,-9432.0
160539512,-114,-9437.0
160549512,-114,-9442.0
160559516,-114,-9447.0
160569520,-114,-9452.0
160579528,-114,-9457.0
160589536,-114,-9462.0
160599544,-114,-9467.0
160609556,-114,-9473.0
160619556,-114,-9478.0
160629556,-114,-9483.0
160639556,-114,-9488.0
160649560,-114,-9493.0
160659568,-114,-9498.0
160669568,-114,-9503.0
160679576,-114,-9508.0
160689580,-114,-9513.0
160699588,-114,-9519.0
160709588,-114,-9524.0
160719588,-114,-9529.0
160729588,-114,-9534.0
160739592,-114,-9539.0
160749592,-114,-9544.0
160759592,-114,-9549.0
160769592,-114,-9554.0
160779596,-114,-9559.0
160789604,-114,-9565.0
160799604,-114,-9570.0
160809612,-114,-9575.0
160819612,-114,-9580.0
160829612,-114,-9585.0
160839620,-114,-9590.0
160849620,-114,-9595.0
160859628,-114,-9600.0
160869632,-114,-9606.0
160879632,-114,-9611.0
160889640,-114,-9616.0
160899648,-114,-9621.0
160909648,-114,-9626.0
160919648,-114,-9631.0
160929648,-114,-9636.0
160939656,-114,-9641.0
160949656,-114,-9646.0
160959656,-114,-9652.0
160969656,-114,-9657.0
160979664,-114,-9662.0
160989672,-114,-9667.0
160999676,-114,-9672.0
161009676,-119,-9677.0
161019676,-119,-9682.0
161029684,-119,-9688.0
161039684,-119,-9693.0
161049684,-119,-9698.0
161059692,-119,-9703.0
161069700,-119,-9709.0
161079704,-119,-9714.0
161089704,-119,-9719.0
161099712,-119,-9725.0
161109712,-119,-9730.0
161119720,-119,-9735.0
161129724,-119,-9741.0
161139724,-119,-9746.0
161149724,-119,-9751.0
161159724,-119,-9757.0
161169728,-119,-9762.0
161179736,-119,-9768.0
161189736,-119,-9773.0
161199736,-119,-9778.0
161209748,-119,-9784.0
161219748,-119,-9789.0
161229748,-119,-9794.0
161239756,-119,-9799.0
161249764,-119,-9805.0
161259768,-119,-9810.0
161269768,-119,-9816.0
161279776,-119,-9821.0
161289776,-119,-9826.0
161299780,-119,-9832.0
161309788,-119,-9837.0
161319788,-119,-9842.0
161329796,-119,-9848.0
161339800,-119,-9853.0
161349800,-119,-9858.0
161359808,-119,-9864.0
161369808,-119,-9869.0
161379816,-119,-9874.0
161389820,-119,-9880.0
161399820,-119,-9885.0
161409820,-119,-9890.0
161419828,-119,-9896.0
161429832,-119,-9901.0
161439832,-119,-9906.0
161449832,-119,-9912.0
161459840,-119,-9917.0
161469844,-119,-9922.0
161479852,-119,-9928.0
161489852,-119,-9933.0
161499860,-119,-9938.0
161509868,-119,-9944.0
161519872,-119,-9949.0
161529876,-119,-9954.0
161539884,-119,-9960.0
161549884,-119,-9965.0
161559888,-119,-9970.0
161569888,-119,-9976.0
161579896,-119,-9981.0
161589896,-119,-9986.0
161599900,-119,-9992.0
161609900,-119,-9997.0
161619900,-119,-10002.0
161629908,-119,-10008.0
161639916,-119,-10013.0
161649920,-119,-10018.0
161659928,-119,-10024.0
161669928,-119,-10029.0
161679936,-119,-10035.0
161689940,-119,-10040.0
161699948,-119,-10045.0
161709956,-136,-10050.0
161719956,-136,-10056.0
161729960,-136,-10062.0
161739960,-136,-10068.0
161749960,-136,-10074.0
161759968,-136,-10080.0
161769968,-136,-10086.0
161779972,-136,-10092.0
161789972,-136,-10098.0
161799980,-136,-10104.0
161809980,-136,-10110.0
161819980,-136,-10117.0
161829980,-136,-10123.0
161839980,-136,-10129.0
161849980,-136,-10135.0
161859980,-136,-10141.0
161869980,-136,-10147.0
161879980,-136,-10153.0
161889980,-136,-10159.0
161899980,-136,-10165.0
161909980,-136,-10171.0
161919988,-136,-10178.0
161929988,-136,-10184.0
161939988,-136,-10190.0
161949992,-136,-10196.0
161960000,-136,-10202.0
161970008,-136,-10208.0
161980016,-136,-10214.0
161990020,-136,-10220.0
162000020,-136,-10226.0
162010028,-136,-10232.0
162020036,-136,-10238.0
162030036,-136,-10245.0
162040036,-136,-10251.0
162050044,-136,-10257.0
162060052,-136,-10263.0
162070060,-136,-10269.0
162080060,-136,-10275.0
162090068,-136,-10281.0
162100076,-136,-10287.0
162110084,-136,-10293.0
162120084,-136,-10299.0
162130092,-136,-10306.0
162140100,-136,-10312.0
162150100,-136,-10318.0
162160108,-136,-10324.0
162170112,-136,-10330.0
162180112,-136,-10336.0
162190120,-136,-10342.0
162200120,-136,-10348.0
162210124,-136,-10354.0
162220132,-136,-10360.0
162230140,-136,-10367.0
162240148,-136,-10373.0
162250148,-136,-10379.0
162260148,-136,-10385.0
162270156,-136,-10391.0
162280156,-136,-10397.0
162290164,-136,-10403.0
162300168,-136,-10409.0
162310176,-136,-10415.0
162320184,-136,-10422.0
162330188,-136,-10428.0
162340192,-136,-10434.0
162350200,-136,-10440.0
162360200,-136,-10446.0
162370208,-136,-10452.0
162380208,-136,-10458.0
162390208,-136,-10464.0
162400208,-136,-10470.0
162410216,197,-10476.0
162420220,197,-10477.0
162430220,197,-10474.0
162440220,197,-10468.0
162450220,197,-10461.0
162460220,197,-10453.0
162470224,197,-10445.0
162480224,197,-10437.0
162490224,197,-10428.0
162500224,197,-10420.0
162510228,197,-10411.0
162520228,197,-10402.0
162530228,197,-10393.0
162540228,197,-10385.0
162550232,197,-10376.0
162560232,197,-10367.0
162570240,197,-10358.0
162580248,197,-10349.0
162590256,197,-10340.0
162600260,197,-10331.0
162610268,197,-10322.0
162620268,197,-10313.0
162630276,197,-10304.0
162640280,197,-10295.0
162650288,197,-10286.0
162660288,197,-10277.0
162670296,197,-10268.0
162680296,197,-10259.0
162690300,197,-10251.0
162700308,197,-10242.0
162710308,197,-10233.0
162720308,197,-10224.0
162730312,197,-10215.0
162740312,197,-10206.0
162750312,197,-10197.0
162760312,197,-10188.0
162770320,197,-10179.0
162780320,197,-10170.0
162790320,197,-10161.0
162800320,197,-10152.0
162810324,197,-10143.0
162820324,197,-10134.0
162830324,197,-10125.0
162840324,197,-10116.0
162850324,197,-10107.0
162860328,197,-10098.0
162870328,197,-10089.0
162880336,197,-10080.0
162890336,197,-10071.0
162900348,197,-10062.0
162910348,197,-10054.0
162920348,197,-10045.0
162930348,197,-10036.0
162940352,197,-10027.0
162950352,197,-10018.0
162960352,197,-10009.0
162970352,197,-10000.0
162980352,197,-9991.0
162990356,197,-9982.0
163000356,197,-9973.0
163010356,197,-9964.0
163020360,197,-9955.0
163030364,197,-9946.0
163040368,197,-9937.0
163050376,197,-9928.0
163060376,197,-9919.0
163070384,197,-9910.0
163080384,197,-9901.0
163090384,197,-9892.0
163100384,197,-9883.0
163110388,-237,-9875.0
163120396,-237,-9874.0
163130400,-237,-9877.0
163140400,-237,-9883.0
163150408,-237,-9891.0
163160420,-237,-9901.0
163170428,-237,-9910.0
163180428,-237,-9920.0
163190436,-237,-9930.0
163200436,-237,-9941.0
163210440,-237,-9951.0
163220448,-237,-9962.0
163230456,-237,-9972.0
163240460,-237,-9983.0
163250460,-237,-9994.0
163260468,-237,-10004.0
163270476,-237,-10015.0
163280480,-237,-10026.0
163290480,-237,-10036.0
163300484,-237,-10047.0
163310492,-237,-10058.0
163320500,-237,-10068.0
163330500,-237,-10079.0
163340504,-237,-10090.0
163350512,-237,-10100.0
163360520,-237,-10111.0
163370524,-237,-10122.0
163380524,-237,-10132.0
163390532,-237,-10143.0
163400536,-237,-10154.0
163410536,-237,-10164.0
163420536,-237,-10175.0
163430544,-237,-10186.0
163440548,-237,-10196.0
163450556,-237,-10207.0
163460556,-237,-10218.0
163470564,-237,-10228.0
163480572,-237,-10239.0
163490580,-237,-10250.0
163500588,-237,-10260.0
163510588,-237,-10271.0
163520592,-237,-10282.0
163530600,-237,-10292.0
163540604,-237,-10303.0
163550604,-237,-10314.0
163560604,-237,-10324.0
163570608,-237,-10335.0
163580616,-237,-10346.0
163590616,-237,-10357.0
163600624,-237,-10367.0
163610628,-237,-10378.0
163620636,-237,-10389.0
163630644,-237,-10399.0
163640644,-237,-10410.0
163650648,-237,-10421.0
163660656,-237,-10431.0
163670664,-237,-10442.0
163680664,-237,-10453.0
163690668,-237,-10463.0
163700676,-237,-10474.0
163710684,-237,-10485.0
163720692,-237,-10495.0
163730692,-237,-10506.0
163740700,-237,-10517.0
163750708,-237,-10527.0
163760712,-237,-10538.0
163770716,-237,-10549.0
163780724,-237,-10559.0
163790732,-237,-10570.0
163800740,-237,-10581.0
163810740,72,-10591.0
163820748,72,-10596.0
163830756,72,-10598.0
163840756,72,-10599.0
163850756,72,-10597.0
163860760,72,-10594.0
163870760,72,-10592.0
163880764,72,-10589.0
163890764,72,-10586.0
163900772,72,-10583.0
163910772,72,-10580.0
163920776,72,-10576.0
163930776,72,-10573.0
163940784,72,-10570.0
163950784,72,-10567.0
163960788,72,-10564.0
163970788,72,-10560.0
163980792,72,-10557.0
163990800,72,-10554.0
164000804,72,-10551.0
164010804,72,-10548.0
164020804,72,-10544.0
164030812,72,-10541.0
164040812,72,-10538.0
164050816,72,-10535.0
164060816,72,-10532.0
164070820,72,-10528.0
164080824,72,-10525.0
164090824,72,-10522.0
164100828,72,-10519.0
164110828,72,-10515.0
164120836,72,-10512.0
164130836,72,-10509.0
164140840,72,-10506.0
164150844,72,-10503.0
164160848,72,-10499.0
164170848,72,-10496.0
164180852,72,-10493.0
164190852,72,-10490.0
164200860,72,-10487.0
164210860,72,-10483.0
164220864,72,-10480.0
164230864,72,-10477.0
164240876,72,-10474.0
164250884,72,-10470.0
164260884,72,-10467.0
164270884,72,-10464.0
164280888,72,-10461.0
164290892,72,-10458.0
164300896,72,-10454.0
164310896,72,-10451.0
164320900,72,-10448.0
164330908,72,-10445.0
164340908,72,-10442.0
164350912,72,-10438.0
164360916,72,-10435.0
164370916,72,-10432.0
164380916,72,-10429.0
164390916,72,-10425.0
164400920,72,-10422.0
164410920,72,-10419.0
164420928,72,-10416.0
164430932,72,-10413.0
164440932,72,-10409.0
164450936,72,-10406.0
164460944,72,-10403.0
164470944,72,-10400.0
164480948,72,-10397.0
164490948,72,-10393.0
164500948,72,-10390.0
164510948,119,-10387.0
164520948,119,-10383.0
164530952,119,-10378.0
164540952,119,-10374.0
164550960,119,-10369.0
164560960,119,-10363.0
164570960,119,-10358.0
164580960,119,-10353.0
164590964,119,-10347.0
164600968,119,-10342.0
164610968,119,-10337.0
164620968,119,-10331.0
164630972,119,-10326.0
164640972,119,-10320.0
164650972,119,-10315.0
164660976,119,-10310.0
164670976,119,-10304.0
164680980,119,-10299.0
164690980,119,-10293.0
164700980,119,-10288.0
164710980,119,-10283.0
164720984,119,-10277.0
164730984,119,-10272.0
164740984,119,-10267.0
164750984,119,-10261.0
164760992,119,-10256.0
164770992,119,-10250.0
164780992,119,-10245.0
164790996,119,-10240.0
164801008,119,-10234.0
164811012,119,-10229.0
164821016,119,-10224.0
164831016,119,-10218.0
164841020,119,-10213.0
164851024,119,-10207.0
164861028,119,-10202.0
164871032,119,-10197.0
164881032,119,-10191.0
164891036,119,-10186.0
164901040,119,-10181.0
164911040,119,-10175.0
164921040,119,-10170.0
164931052,119,-10164.0
164941060,119,-10159.0
164951060,119,-10154.0
164961060,119,-10148.0
164971064,119,-10143.0
164981072,119,-10138.0
164991072,119,-10132.0
165001076,119,-10127.0
165011076,119,-10122.0
165021084,119,-10116.0
165031084,119,-10111.0
165041088,119,-10105.0
165051088,119,-10100.0
165061100,119,-10095.0
165071108,119,-10089.0
165081108,119,-10084.0
165091112,119,-10079.0
165101116,119,-10073.0
165111124,119,-10068.0
165121124,119,-10062.0
165131124,119,-10057.0
165141128,119,-10052.0
165151132,119,-10046.0
165161136,119,-10041.0
165171136,119,-10036.0
165181136,119,-10030.0
165191148,119,-10025.0
165201156,119,-10019.0
165211156,-212,-10015.0
165221160,-212,-10014.0
165231168,-212,-10019.0
165241168,-212,-10025.0
165251168,-212,-10032.0
165261172,-212,-10041.0
165271180,-212,-10049.0
165281180,-212,-10058.0
165291184,-212,-10068.0
165301192,-212,-10077.0
165311200,-212,-10086.0
165321204,-212,-10096.0
165331204,-212,-10105.0
165341208,-212,-10115.0
165351216,-212,-10124.0
165361220,-212,-10134.0
165371224,-212,-10143.0
165381228,-212,-10153.0
165391232,-212,-10162.0
165401240,-212,-10172.0
165411240,-212,-10181.0
165421248,-212,-10191.0
165431252,-212,-10200.0
165441260,-212,-10210.0
165451268,-212,-10219.0
165461268,-212,-10229.0
165471272,-212,-10239.0
165481272,-212,-10248.0
165491276,-212,-10258.0
165501284,-212,-10267.0
165511288,-212,-10277.0
165521292,-212,-10286.0
165531296,-212,-10296.0
165541296,-212,-10305.0
165551300,-212,-10315.0
165561308,-212,-10324.0
165571312,-212,-10334.0
165581320,-212,-10343.0
165591328,-212,-10353.0
165601332,-212,-10363.0
165611336,-212,-10372.0
165621344,-212,-10382.0
165631344,-212,-10391.0
165641352,-212,-10401.0
165651356,-212,-10410.0
165661360,-212,-10420.0
165671360,-212,-10429.0
165681364,-212,-10439.0
165691372,-212,-10448.0
165701376,-212,-10458.0
165711380,-212,-10467.0
165721380,-212,-10477.0
165731388,-212,-10487.0
165741392,-212,-10496.0
165751400,-212,-10506.0
165761400,-212,-10515.0
165771404,-212,-10525.0
165781412,-212,-10534.0
165791416,-212,-10544.0
165801416,-212,-10553.0
165811424,-212,-10563.0
165821428,-212,-10572.0
165831432,-212,-10582.0
165841440,-212,-10592.0
165851440,-212,-10601.0
165861444,-212,-10611.0
165871452,-212,-10620.0
165881456,-212,-10630.0
165891460,-212,-10639.0
165901464,-212,-10649.0
165911468,134,-10658.0
165921472,134,-10661.0
165931472,134,-10662.0
165941476,134,-10659.0
165951476,134,-10654.0
165961480,134,-10649.0
165971480,134,-10644.0
165981484,134,-10638.0
165991484,134,-10633.0
166001484,134,-10627.0
166011488,134,-10621.0
166021492,134,-10615.0
166031492,134,-10609.0
166041492,134,-10603.0
166051496,134,-10597.0
166061500,134,-10591.0
166071504,134,-10585.0
166081504,134,-10579.0
166091504,134,-10573.0
166101508,134,-10567.0
166111512,134,-10561.0
166121516,134,-10555.0
166131516,134,-10549.0
166141520,134,-10543.0
166151524,134,-10537.0
166161528,134,-10531.0
166171528,134,-10525.0
166181528,134,-10519.0
166191536,134,-10513.0
166201536,134,-10507.0
166211540,134,-10501.0
166221544,134,-10496.0
166231544,134,-10490.0
166241548,134,-10484.0
166251552,134,-10478.0
166261552,134,-10472.0
166271556,134,-10466.0
166281564,134,-10460.0
166291564,134,-10454.0
166301568,134,-10448.0
166311568,134,-10442.0
166321572,134,-10436.0
166331576,134,-10430.0
166341576,134,-10424.0
166351580,134,-10418.0
166361580,134,-10412.0
166371588,134,-10406.0
166381588,134,-10400.0
166391592,134,-10394.0
166401596,134,-10388.0
166411600,134,-10382.0
166421600,134,-10376.0
166431608,134,-10370.0
166441608,134,-10364.0
166451612,134,-10358.0
166461612,134,-10352.0
166471612,134,-10346.0
166481612,134,-10340.0
166491620,134,-10334.0
166501624,134,-10328.0
166511624,134,-10322.0
166521628,134,-10316.0
166531636,134,-10310.0
166541640,134,-10304.0
166551640,134,-10299.0
166561644,134,-10293.0
166571652,134,-10287.0
166581656,134,-10281.0
166591656,134,-10275.0
166601656,134,-10269.0
166611660,-128,-10263.0
166621664,-128,-10262.0
166631672,-128,-10264.0
166641672,-128,-10268.0
166651680,-128,-10272.0
166661684,-128,-10277.0
166671688,-128,-10283.0
166681692,-128,-10288.0
166691700,-128,-10294.0
166701708,-128,-10299.0
166711712,-128,-10305.0
166721716,-128,-10311.0
166731716,-128,-10317.0
166741724,-128,-10322.0
166751728,-128,-10328.0
166761732,-128,-10334.0
166771740,-128,-10339.0
166781748,-128,-10345.0
166791756,-128,-10351.0
166801756,-128,-10357.0
166811756,-128,-10362.0
166821760,-128,-10368.0
166831760,-128,-10374.0
166841760,-128,-10380.0
166851768,-128,-10385.0
166861776,-128,-10391.0
166871784,-128,-10397.0
166881792,-128,-10403.0
166891792,-128,-10408.0
166901800,-128,-10414.0
166911808,-128,-10420.0
166921808,-128,-10425.0
166931808,-128,-10431.0
166941816,-128,-10437.0
166951824,-128,-10443.0
166961832,-128,-10448.0
166971832,-128,-10454.0
166981832,-128,-10460.0
166991840,-128,-10466.0
167001848,-128,-10471.0
167011856,-128,-10477.0
167021856,-128,-10483.0
167031856,-128,-10489.0
167041864,-128,-10494.0
167051872,-128,-10500.0
167061872,-128,-10506.0
167071872,-128,-10512.0
167081880,-128,-10517.0
167091888,-128,-10523.0
167101888,-128,-10529.0
167111888,-128,-10534.0
167121888,-128,-10540.0
167131896,-128,-10546.0
167141900,-128,-10552.0
167151904,-128,-10557.0
167161904,-128,-10563.0
167171912,-128,-10569.0
167181920,-128,-10575.0
167191920,-128,-10580.0
167201920,-128,-10586.0
167211924,-128,-10592.0
167221932,-128,-10598.0
167231932,-128,-10603.0
167241932,-128,-10609.0
167251936,-128,-10615.0
167261936,-128,-10620.0
167271944,-128,-10626.0
167281944,-128,-10632.0
167291952,-128,-10638.0
167301952,-128,-10643.0
167311960,144,-10648.0
167321960,144,-10649.0
167331960,144,-10646.0
167341964,144,-10642.0
167351968,144,-10637.0
167361976,144,-10631.0
167371976,144,-10625.0
167381976,144,-10619.0
167391976,144,-10612.0
167401980,144,-10606.0
167411988,144,-10600.0
167421988,144,-10594.0
167431988,144,-10587.0
167441992,144,-10581.0
167451996,144,-10574.0
167461996,144,-10568.0
167472000,144,-10561.0
167482008,144,-10555.0
167492012,144,-10548.0
167502016,144,-10542.0
167512016,144,-10535.0
167522016,144,-10528.0
167532016,144,-10522.0
167542024,144,-10515.0
167552024,144,-10509.0
167562024,144,-10502.0
167572024,144,-10496.0
167582028,144,-10489.0
167592028,144,-10483.0
167602028,144,-10476.0
167612032,144,-10470.0
167622036,144,-10463.0
167632036,144,-10457.0
167642036,144,-10450.0
167652040,144,-10444.0
167662044,144,-10437.0
167672044,144,-10431.0
167682048,144,-10424.0
167692056,144,-10417.0
167702056,144,-10411.0
167712060,144,-10404.0
167722060,144,-10398.0
167732060,144,-10391.0
167742064,144,-10385.0
167752068,144,-10378.0
167762068,144,-10372.0
167772072,144,-10365.0
167782072,144,-10359.0
167792076,144,-10352.0
167802076,144,-10346.0
167812076,144,-10339.0
167822076,144,-10333.0
167832076,144,-10326.0
167842080,144,-10320.0
167852080,144,-10313.0
167862080,144,-10306.0
167872080,144,-10300.0
167882080,144,-10293.0
167892080,144,-10287.0
167902080,144,-10280.0
167912080,144,-10274.0
167922084,144,-10267.0
167932084,144,-10261.0
167942084,144,-10254.0
167952084,144,-10248.0
167962092,144,-10241.0
167972092,144,-10235.0
167982092,144,-10228.0
167992092,144,-10222.0
168002092,144,-10215.0
168012096,-63,-10209.0
168022104,-63,-10206.0
168032104,-63,-10206.0
168042104,-63,-10207.0
168052104,-63,-10209.0
168062104,-63,-10211.0
168072104,-63,-10213.0
168082104,-63,-10216.0
168092104,-63,-10219.0
168102104,-63,-10221.0
168112104,-63,-10224.0
168122112,-63,-10227.0
168132120,-63,-10230.0
168142124,-63,-10232.0
168152124,-63,-10235.0
168162132,-63,-10238.0
168172132,-63,-10241.0
168182132,-63,-10244.0
168192132,-63,-10246.0
168202136,-63,-10249.0
168212136,-63,-10252.0
168222136,-63,-10255.0
168232136,-63,-10257.0
168242136,-63,-10260.0
168252144,-63,-10263.0
168262152,-63,-10266.0
168272156,-63,-10268.0
168282164,-63,-10271.0
168292172,-63,-10274.0
168302172,-63,-10277.0
168312172,-63,-10280.0
168322172,-63,-10282.0
168332180,-63,-10285.0
168342180,-63,-10288.0
168352180,-63,-10291.0
168362180,-63,-10294.0
168372188,-63,-10296.0
168382196,-63,-10299.0
168392204,-63,-10302.0
168402208,-63,-10305.0
168412216,-63,-10307.0
168422216,-63,-10310.0
168432224,-63,-10313.0
168442228,-63,-10316.0
168452228,-63,-10319.0
168462236,-63,-10321.0
168472244,-63,-10324.0
168482244,-63,-10327.0
168492244,-63,-10330.0
168502252,-63,-10332.0
168512252,-63,-10335.0
168522256,-63,-10338.0
168532260,-63,-10341.0
168542260,-63,-10344.0
168552260,-63,-10346.0
168562268,-63,-10349.0
168572268,-63,-10352.0
168582268,-63,-10355.0
168592268,-63,-10357.0
168602276,-63,-10360.0
168612280,-63,-10363.0
168622288,-63,-10366.0
168632288,-63,-10369.0
168642288,-63,-10371.0
168652296,-63,-10374.0
168662300,-63,-10377.0
168672300,-63,-10380.0
168682300,-63,-10382.0
168692308,-63,-10385.0
168702312,-63,-10388.0
168712316,-144,-10391.0
168722324,-144,-10395.0
168732332,-144,-10400.0
168742332,-144,-10406.0
168752332,-144,-10412.0
168762340,-144,-10418.0
168772344,-144,-10425.0
168782352,-144,-10431.0
168792352,-144,-10438.0
168802360,-144,-10444.0
168812364,-144,-10450.0
168822372,-144,-10457.0
168832372,-144,-10463.0
168842380,-144,-10470.0
168852384,-144,-10476.0
168862392,-144,-10483.0
168872392,-144,-10489.0
168882400,-144,-10496.0
168892408,-144,-10502.0
168902412,-144,-10509.0
168912412,-144,-10515.0
168922412,-144,-10521.0
168932416,-144,-10528.0
168942416,-144,-10534.0
168952420,-144,-10541.0
168962424,-144,-10547.0
168972428,-144,-10554.0
168982432,-144,-10560.0
168992440,-144,-10567.0
169002448,-144,-10573.0
169012452,-144,-10580.0
169022460,-144,-10586.0
169032464,-144,-10593.0
169042472,-144,-10599.0
169052472,-144,-10606.0
169062480,-144,-10612.0
169072484,-144,-10618.0
169082492,-144,-10625.0
169092492,-144,-10631.0
169102496,-144,-10638.0
169112504,-144,-10644.0
169122512,-144,-10651.0
169132516,-144,-10657.0
169142520,-144,-10664.0
169152524,-144,-10670.0
169162532,-144,-10677.0
169172540,-144,-10683.0
169182540,-144,-10690.0
169192548,-144,-10696.0
169202552,-144,-10703.0
169212552,-144,-10709.0
169222552,-144,-10715.0
169232556,-144,-10722.0
169242556,-144,-10728.0
169252560,-144,-10735.0
169262568,-144,-10741.0
169272568,-144,-10748.0
169282576,-144,-10754.0
169292580,-144,-10761.0
169302588,-144,-10767.0
169312588,-144,-10774.0
169322596,-144,-10780.0
169332604,-144,-10787.0
169342612,-144,-10793.0
169352612,-144,-10799.0
169362612,-144,-10806.0
169372620,-144,-10812.0
169382628,-144,-10819.0
169392632,-144,-10825.0
169402636,-144,-10832.0
169412644,129,-10837.0
169422648,129,-10839.0
169432648,129,-10837.0
169442648,129,-10834.0
169452648,129,-10830.0
169462648,129,-10825.0
169472648,129,-10819.0
169482652,129,-10814.0
169492652,129,-10808.0
169502652,129,-10802.0
169512652,129,-10797.0
169522664,129,-10791.0
169532672,129,-10785.0
169542672,129,-10779.0
169552672,129,-10773.0
169562676,129,-10768.0
169572680,129,-10762.0
169582684,129,-10756.0
169592684,129,-10750.0
169602684,129,-10744.0
169612688,129,-10738.0
169622688,129,-10733.0
169632688,129,-10727.0
169642688,129,-10721.0
169652692,129,-10715.0
169662692,129,-10709.0
169672692,129,-10703.0
169682692,129,-10698.0
169692692,129,-10692.0
169702696,129,-10686.0
169712696,129,-10680.0
169722696,129,-10674.0
169732700,129,-10668.0
169742704,129,-10663.0
169752704,129,-10657.0
169762704,129,-10651.0
169772704,129,-10645.0
169782712,129,-10639.0
169792712,129,-10633.0
169802712,129,-10627.0
169812712,129,-10622.0
169822712,129,-10616.0
169832716,129,-10610.0
169842716,129,-10604.0
169852716,129,-10598.0
169862720,129,-10592.0
169872724,129,-10587.0
169882724,129,-10581.0
169892724,129,-10575.0
169902724,129,-10569.0
169912728,129,-10563.0
169922728,129,-10557.0
169932728,129,-10552.0
169942728,129,-10546.0
169952740,129,-10540.0
169962748,129,-10534.0
169972748,129,-10528.0
169982748,129,-10522.0
169992752,129,-10516.0
170002756,129,-10511.0
170012756,129,-10505.0
170022756,129,-10499.0
170032756,129,-10493.0
170042760,129,-10487.0
170052760,129,-10481.0
170062764,129,-10476.0
170072764,129,-10470.0
170082768,129,-10464.0
170092768,129,-10458.0
170102768,129,-10452.0
170112772,-139,-10448.0
170122780,-139,-10448.0
170132784,-139,-10450.0
170142792,-139,-10455.0
170152792,-139,-10460.0
170162800,-139,-10465.0
170172800,-139,-10471.0
170182808,-139,-10477.0
170192816,-139,-10483.0
170202824,-139,-10489.0
170212824,-139,-10495.0
170222832,-139,-10501.0
170232832,-139,-10507.0
170242840,-139,-10513.0
170252844,-139,-10520.0
170262844,-139,-10526.0
170272852,-139,-10532.0
170282860,-139,-10538.0
170292868,-139,-10545.0
170302868,-139,-10551.0
170312868,-139,-10557.0
170322876,-139,-10563.0
170332880,-139,-10570.0
170342888,-139,-10576.0
170352888,-139,-10582.0
170362888,-139,-10588.0
170372892,-139,-10595.0
170382892,-139,-10601.0
170392892,-139,-10607.0
170402892,-139,-10613.0
170412896,-139,-10619.0
170422904,-139,-10626.0
170432904,-139,-10632.0
170442908,-139,-10638.0
170452916,-139,-10644.0
170462920,-139,-10651.0
170472920,-139,-10657.0
170482928,-139,-10663.0
170492936,-139,-10669.0
170502940,-139,-10676.0
170512948,-139,-10682.0
170522948,-139,-10688.0
170532956,-139,-10694.0
170542960,-139,-10701.0
170552960,-139,-10707.0
170562960,-139,-10713.0
170572968,-139,-10719.0
170582972,-139,-10725.0
170592980,-139,-10732.0
170602988,-139,-10738.0
170612988,-139,-10744.0
170622996,-139,-10750.0
170633004,-139,-10757.0
170643008,-139,-10763.0
170653012,-139,-10769.0
170663016,-139,-10775.0
170673024,-139,-10782.0
170683032,-139,-10788.0
170693032,-139,-10794.0
170703032,-139,-10800.0
170713040,-139,-10807.0
170723048,-139,-10813.0
170733052,-139,-10819.0
170743056,-139,-10825.0
170753064,-139,-10831.0
170763068,-139,-10838.0
170773068,-139,-10844.0
170783068,-139,-10850.0
170793076,-139,-10856.0
170803084,-139,-10863.0
170813084,180,-10868.0
170823092,180,-10867.0
170833092,180,-10863.0
170843096,180,-10858.0
170853096,180,-10851.0
170863096,180,-10844.0
170873100,180,-10837.0
170883100,180,-10829.0
170893100,180,-10821.0
170903100,180,-10813.0
170913104,180,-10805.0
170923112,180,-10797.0
170933112,180,-10789.0
170943112,180,-10781.0
170953116,180,-10772.0
170963116,180,-10764.0
170973116,180,-10756.0
170983116,180,-10748.0
170993128,180,-10740.0
171003132,180,-10732.0
171013132,180,-10723.0
171023140,180,-10715.0
171033140,180,-10707.0
171043144,180,-10699.0
171053144,180,-10691.0
171063152,180,-10683.0
171073160,180,-10674.0
171083164,180,-10666.0
171093164,180,-10658.0
171103172,180,-10650.0
171113172,180,-10642.0
171123180,180,-10633.0
171133188,180,-10625.0
171143196,180,-10617.0
171153196,180,-10609.0
171163196,180,-10601.0
171173200,180,-10592.0
171183208,180,-10584.0
171193208,180,-10576.0
171203208,180,-10568.0
171213208,180,-10560.0
171223216,180,-10551.0
171233224,180,-10543.0
171243224,180,-10535.0
171253232,180,-10527.0
171263236,180,-10519.0
171273236,180,-10510.0
171283244,180,-10502.0
171293252,180,-10494.0
171303256,180,-10486.0
171313256,180,-10478.0
171323256,180,-10470.0
171333264,180,-10461.0
171343268,180,-10453.0
171353268,180,-10445.0
171363276,180,-10437.0
171373276,180,-10429.0
171383284,180,-10420.0
171393288,180,-10412.0
171403296,180,-10404.0
171413304,180,-10396.0
171423304,180,-10388.0
171433308,180,-10379.0
171443308,180,-10371.0
171453316,180,-10363.0
171463316,180,-10355.0
171473320,180,-10347.0
171483320,180,-10338.0
171493320,180,-10330.0
171503320,180,-10322.0
171513320,-169,-10315.0
171523324,-169,-10314.0
171533324,-169,-10317.0
171543332,-169,-10321.0
171553336,-169,-10327.0
171563336,-169,-10334.0
171573336,-169,-10341.0
171583340,-169,-10348.0
171593340,-169,-10355.0
171603340,-169,-10363.0
171613344,-169,-10370.0
171623344,-169,-10378.0
171633348,-169,-10385.0
171643348,-169,-10393.0
171653356,-169,-10401.0
171663360,-169,-10408.0
171673368,-169,-10416.0
171683376,-169,-10423.0
171693376,-169,-10431.0
171703392,-169,-10439.0
171713400,-169,-10446.0
171723404,-169,-10454.0
171733408,-169,-10461.0
171743412,-169,-10469.0
171753420,-169,-10477.0
171763428,-169,-10484.0
171773432,-169,-10492.0
171783436,-169,-10499.0
171793440,-169,-10507.0
171803448,-169,-10514.0
171813456,-169,-10522.0
171823456,-169,-10530.0
171833464,-169,-10537.0
171843468,-169,-10545.0
171853476,-169,-10553.0
171863476,-169,-10560.0
171873484,-169,-10568.0
171883488,-169,-10575.0
171893496,-169,-10583.0
171903504,-169,-10590.0
171913504,-169,-10598.0
171923512,-169,-10606.0
171933520,-169,-10613.0
171943528,-169,-10621.0
171953540,-169,-10629.0
171963548,-169,-10636.0
171973552,-169,-10644.0
171983552,-169,-10651.0
171993552,-169,-10659.0
172003552,-169,-10666.0
172013556,-169,-10674.0
172023556,-169,-10682.0
172033564,-169,-10689.0
172043572,-169,-10697.0
172053576,-169,-10704.0
172063584,-169,-10712.0
172073588,-169,-10720.0
172083588,-169,-10727.0
172093592,-169,-10735.0
172103600,-169,-10742.0
172113608,-169,-10750.0
172123608,-169,-10758.0
172133612,-169,-10765.0
172143620,-169,-10773.0
172153628,-169,-10780.0
172163632,-169,-10788.0
172173632,-169,-10796.0
172183640,-169,-10803.0
172193644,-169,-10811.0
172203652,-169,-10818.0
172213652,-127,-10826.0
172223660,-127,-10833.0
172233668,-127,-10839.0
172243676,-127,-10845.0
172253680,-127,-10851.0
172263684,-127,-10857.0
172273688,-127,-10863.0
172283688,-127,-10868.0
172293696,-127,-10874.0
172303696,-127,-10880.0
172313696,-127,-10885.0
172323700,-127,-10891.0
172333700,-127,-10897.0
172343700,-127,-10903.0
172353700,-127,-10908.0
172363708,-127,-10914.0
172373712,-127,-10920.0
172383720,-127,-10925.0
172393724,-127,-10931.0
172403732,-127,-10937.0
172413740,-127,-10942.0
172423748,-127,-10948.0
172433748,-127,-10954.0
172443748,-127,-10959.0
172453756,-127,-10965.0
172463760,-127,-10971.0
172473764,-127,-10976.0
172483772,-127,-10982.0
172493780,-127,-10988.0
172503784,-127,-10994.0
172513784,-127,-10999.0
172523784,-127,-11005.0
172533784,-127,-11011.0
172543792,-127,-11016.0
172553792,-127,-11022.0
172563792,-127,-11028.0
172573792,-127,-11033.0
172583792,-127,-11039.0
172593800,-127,-11045.0
172603800,-127,-11050.0
172613800,-127,-11056.0
172623800,-127,-11062.0
172633808,-127,-11067.0
172643816,-127,-11073.0
172653820,-127,-11079.0
172663820,-127,-11084.0
172673828,-127,-11090.0
172683836,-127,-11096.0
172693840,-127,-11102.0
172703848,-127,-11107.0
172713848,-127,-11113.0
172723856,-127,-11119.0
172733860,-127,-11124.0
172743868,-127,-11130.0
172753868,-127,-11136.0
172763876,-127,-11141.0
172773876,-127,-11147.0
172783880,-127,-11153.0
172793880,-127,-11158.0
172803880,-127,-11164.0
172813884,-127,-11170.0
172823888,-127,-11175.0
172833888,-127,-11181.0
172843896,-127,-11187.0
172853904,-127,-11192.0
172863904,-127,-11198.0
172873904,-127,-11204.0
172883912,-127,-11210.0
172893920,-127,-11215.0
172903924,-127,-11221.0
172913928,143,-11225.0
172923932,143,-11226.0
172933936,143,-11223.0
172943936,143,-11219.0
172953944,143,-11213.0
172963944,143,-11208.0
172973952,143,-11201.0
172983956,143,-11195.0
172993964,143,-11189.0
173003964,143,-11183.0
173013968,143,-11176.0
173023972,143,-11170.0
173033972,143,-11163.0
173043976,143,-11157.0
173053980,143,-11150.0
173063980,143,-11144.0
173073992,143,-11137.0
173083996,143,-11131.0
173094000,143,-11125.0
173104000,143,-11118.0
173114000,143,-11112.0
173124004,143,-11105.0
173134004,143,-11099.0
173144004,143,-11092.0
173154004,143,-11086.0
173164004,143,-11079.0
173174012,143,-11073.0
173184012,143,-11066.0
173194020,143,-11060.0
173204020,143,-11053.0
173214024,143,-11047.0
173224024,143,-11040.0
173234024,143,-11034.0
173244024,143,-11027.0
173254032,143,-11021.0
173264032,143,-11014.0
173274032,143,-11008.0
173284032,143,-11001.0
173294036,143,-10995.0
173304040,143,-10988.0
173314040,143,-10982.0
173324040,143,-10975.0
173334040,143,-10969.0
173344044,143,-10962.0
173354044,143,-10956.0
173364044,143,-10950.0
173374044,143,-10943.0
173384048,143,-10937.0
173394048,143,-10930.0
173404048,143,-10924.0
173414048,143,-10917.0
173424056,143,-10911.0
173434056,143,-10904.0
173444056,143,-10898.0
173454056,143,-10891.0
173464056,143,-10885.0
173474064,143,-10878.0
173484064,143,-10872.0
173494064,143,-10865.0
173504064,143,-10859.0
173514072,143,-10852.0
173524072,143,-10846.0
173534072,143,-10839.0
173544076,143,-10833.0
173554080,143,-10826.0
173564080,143,-10820.0
173574084,143,-10813.0
173584084,143,-10807.0
173594096,143,-10800.0
173604100,143,-10794.0
173614104,-165,-10789.0
173624104,-165,-10790.0
173634104,-165,-10793.0
173644104,-165,-10799.0
173654104,-165,-10805.0
173664112,-165,-10811.0
173674116,-165,-10818.0
173684116,-165,-10825.0
173694124,-165,-10833.0
173704128,-165,-10840.0
173714136,-165,-10847.0
173724140,-165,-10855.0
173734144,-165,-10862.0
173744152,-165,-10869.0
173754156,-165,-10877.0
173764156,-165,-10884.0
173774156,-165,-10892.0
173784160,-165,-10899.0
173794168,-165,-10906.0
173804172,-165,-10914.0
173814172,-165,-10921.0
173824180,-165,-10929.0
173834184,-165,-10936.0
173844192,-165,-10944.0
173854196,-165,-10951.0
173864200,-165,-10958.0
173874208,-165,-10966.0
173884216,-165,-10973.0
173894220,-165,-10981.0
173904220,-165,-10988.0
173914220,-165,-10995.0
173924228,-165,-11003.0
173934232,-165,-11010.0
173944236,-165,-11018.0
173954244,-165,-11025.0
173964252,-165,-11032.0
173974260,-165,-11040.0
173984268,-165,-11047.0
173994268,-165,-11055.0
174004276,-165,-11062.0
174014284,-165,-11070.0
174024292,-165,-11077.0
174034292,-165,-11084.0
174044300,-165,-11092.0
174054308,-165,-11099.0
174064308,-165,-11107.0
174074308,-165,-11114.0
174084308,-165,-11121.0
174094312,-165,-11129.0
174104320,-165,-11136.0
174114324,-165,-11144.0
174124324,-165,-11151.0
174134332,-165,-11158.0
174144340,-165,-11166.0
174154348,-165,-11173.0
174164348,-165,-11181.0
174174352,-165,-11188.0
174184352,-165,-11196.0
174194356,-165,-11203.0
174204356,-165,-11210.0
174214364,-165,-11218.0
174224372,-165,-11225.0
174234376,-165,-11233.0
174244384,-165,-11240.0
174254384,-165,-11247.0
174264388,-165,-11255.0
174274396,-165,-11262.0
174284404,-165,-11270.0
174294404,-165,-11277.0
174304412,-165,-11284.0
174314420,84,-11290.0
174324424,84,-11292.0
174334424,84,-11291.0
174344428,84,-11289.0
174354428,84,-11286.0
174364432,84,-11283.0
174374436,84,-11280.0
174384440,84,-11276.0
174394444,84,-11272.0
174404448,84,-11269.0
174414448,84,-11265.0
174424452,84,-11261.0
174434456,84,-11258.0
174444460,84,-11254.0
174454460,84,-11250.0
174464468,84,-11246.0
174474468,84,-11243.0
174484472,84,-11239.0
174494472,84,-11235.0
174504476,84,-11231.0
174514480,84,-11227.0
174524484,84,-11224.0
174534488,84,-11220.0
174544488,84,-11216.0
174554492,84,-11212.0
174564496,84,-11209.0
174574500,84,-11205.0
174584500,84,-11201.0
174594508,84,-11197.0
174604512,84,-11193.0
174614516,84,-11190.0
174624516,84,-11186.0
174634520,84,-11182.0
174644528,84,-11178.0
174654532,84,-11175.0
174664536,84,-11171.0
174674536,84,-11167.0
174684536,84,-11163.0
174694536,84,-11160.0
174704540,84,-11156.0
174714544,84,-11152.0
174724552,84,-11148.0
174734556,84,-11145.0
174744560,84,-11141.0
174754564,84,-11137.0
174764564,84,-11133.0
174774564,84,-11129.0
174784568,84,-11126.0
174794568,84,-11122.0
174804572,84,-11118.0
174814580,84,-11114.0
174824584,84,-11111.0
174834588,84,-11107.0
174844592,84,-11103.0
174854600,84,-11099.0
174864600,84,-11095.0
174874604,84,-11092.0
174884608,84,-11088.0
174894612,84,-11084.0
174904620,84,-11080.0
174914624,84,-11077.0
174924624,84,-11073.0
174934628,84,-11069.0
174944636,84,-11065.0
174954640,84,-11062.0
174964644,84,-11058.0
174974648,84,-11054.0
174984656,84,-11050.0
174994656,84,-11046.0
175004660,84,-11043.0
175014664,197,-11038.0
175024664,197,-11032.0
175034668,197,-11025.0
175044672,197,-11017.0
175054672,197,-11009.0
175064672,197,-11001.0
175074676,197,-10992.0
175084676,197,-10983.0
175094676,197,-10974.0
175104676,197,-10965.0
175114676,197,-10956.0
175124676,197,-10947.0
175134684,197,-10938.0
175144684,197,-10929.0
175154684,197,-10920.0
175164688,197,-10912.0
175174688,197,-10903.0
175184688,197,-10894.0
175194696,197,-10885.0
175204700,197,-10876.0
175214700,197,-10867.0
175224700,197,-10858.0
175234700,197,-10849.0
175244704,197,-10840.0
175254704,197,-10831.0
175264704,197,-10822.0
175274704,197,-10813.0
175284712,197,-10804.0
175294716,197,-10795.0
175304720,197,-10786.0
175314720,197,-10777.0
175324728,197,-10768.0
175334732,197,-10759.0
175344732,197,-10750.0
175354732,197,-10741.0
175364732,197,-10732.0
175374732,197,-10723.0
175384732,197,-10715.0
175394732,197,-10706.0
175404732,197,-10697.0
175414736,197,-10688.0
175424744,197,-10679.0
175434744,197,-10670.0
175444752,197,-10661.0
175454752,197,-10652.0
175464756,197,-10643.0
175474764,197,-10634.0
175484764,197,-10625.0
175494764,197,-10616.0
175504764,197,-10607.0
175514764,197,-10598.0
175524764,197,-10589.0
175534764,197,-10580.0
175544764,197,-10571.0
175554764,197,-10562.0
175564764,197,-10553.0
175574764,197,-10544.0
175584764,197,-10535.0
175594768,197,-10526.0
175604768,197,-10518.0
175614768,197,-10509.0
175624772,197,-10500.0
175634772,197,-10491.0
175644772,197,-10482.0
175654772,197,-10473.0
175664772,197,-10464.0
175674776,197,-10455.0
175684784,197,-10446.0
175694784,197,-10437.0
175704792,197,-10428.0
175714800,183,-10419.0
175724804,183,-10410.0
175734812,183,-10402.0
175744820,183,-10393.0
175754820,183,-10385.0
175764824,183,-10376.0
175774832,183,-10368.0
175784832,183,-10360.0
175794832,183,-10351.0
175804836,183,-10343.0
175814836,183,-10335.0
175824836,183,-10326.0
175834844,183,-10318.0
175844844,183,-10310.0
175854848,183,-10301.0
175864848,183,-10293.0
175874848,183,-10285.0
175884856,183,-10276.0
175894860,183,-10268.0
175904860,183,-10260.0
175914868,183,-10251.0
175924868,183,-10243.0
175934872,183,-10235.0
175944872,183,-10226.0
175954872,183,-10218.0
175964876,183,-10210.0
175974884,183,-10201.0
175984892,183,-10193.0
175994892,183,-10185.0
176004892,183,-10176.0
176014892,183,-10168.0
176024892,183,-10160.0
176034892,183,-10151.0
176044892,183,-10143.0
176054892,183,-10135.0
176064896,183,-10126.0
176074896,183,-10118.0
176084904,183,-10110.0
176094904,183,-10101.0
176104908,183,-10093.0
176114908,183,-10085.0
176124908,183,-10076.0
176134908,183,-10068.0
176144908,183,-10060.0
176154908,183,-10051.0
176164908,183,-10043.0
176174916,183,-10035.0
176184916,183,-10026.0
176194916,183,-10018.0
176204916,183,-10010.0
176214924,183,-10001.0
176224924,183,-9993.0
176234928,183,-9985.0
176244928,183,-9976.0
176254928,183,-9968.0
176264928,183,-9960.0
176274936,183,-9951.0
176284940,183,-9943.0
176294940,183,-9935.0
176304952,183,-9926.0
176314960,183,-9918.0
176324964,183,-9910.0
176334964,183,-9902.0
176344964,183,-9893.0
176354964,183,-9885.0
176364964,183,-9877.0
176374964,183,-9868.0
176384964,183,-9860.0
176394964,183,-9852.0
176404972,183,-9843.0
176414976,64,-9835.0
176424976,64,-9829.0
176434980,64,-9825.0
176444984,64,-9821.0
176454992,64,-9817.0
176464996,64,-9814.0
176475000,64,-9811.0
176485004,64,-9808.0
176495004,64,-9805.0
176505008,64,-9802.0
176515016,64,-9800.0
176525020,64,-9797.0
176535024,64,-9794.0
176545024,64,-9791.0
176555028,64,-9788.0
176565032,64,-9785.0
176575036,64,-9782.0
176585036,64,-9780.0
176595044,64,-9777.0
176605048,64,-9774.0
176615052,64,-9771.0
176625052,64,-9768.0
176635056,64,-9765.0
176645060,64,-9763.0
176655064,64,-9760.0
176665068,64,-9757.0
176675076,64,-9754.0
176685080,64,-9751.0
176695084,64,-9748.0
176705088,64,-9746.0
176715088,64,-9743.0
176725092,64,-9740.0
176735096,64,-9737.0
176745100,64,-9734.0
176755100,64,-9731.0
176765108,64,-9729.0
176775112,64,-9726.0
176785116,64,-9723.0
176795120,64,-9720.0
176805120,64,-9717.0
176815124,64,-9714.0
176825128,64,-9712.0
176835132,64,-9709.0
176845132,64,-9706.0
176855132,64,-9703.0
176865140,64,-9700.0
176875144,64,-9697.0
176885144,64,-9695.0
176895148,64,-9692.0
176905152,64,-9689.0
176915160,64,-9686.0
176925164,64,-9683.0
176935164,64,-9681.0
176945168,64,-9678.0
176955172,64,-9675.0
176965176,64,-9672.0
176975184,64,-9669.0
176985188,64,-9666.0
176995192,64,-9664.0
177005196,64,-9661.0
177015196,64,-9658.0
177025200,64,-9655.0
177035204,64,-9652.0
177045204,64,-9649.0
177055208,64,-9647.0
177065208,64,-9644.0
177075212,64,-9641.0
177085212,64,-9638.0
177095216,64,-9635.0
177105216,64,-9632.0
177115220,237,-9629.0
177125220,237,-9622.0
177135220,237,-9614.0
177145224,237,-9605.0
177155232,237,-9595.0
177165232,237,-9585.0
177175240,237,-9574.0
177185240,237,-9564.0
177195240,237,-9553.0
177205240,237,-9543.0
177215248,237,-9532.0
177225248,237,-9521.0
177235248,237,-9510.0
177245248,237,-9500.0
177255256,237,-9489.0
177265256,237,-9478.0
177275256,237,-9467.0
177285256,237,-9456.0
177295264,237,-9446.0
177305272,237,-9435.0
177315276,237,-9424.0
177325284,237,-9413.0
177335292,237,-9402.0
177345300,237,-9391.0
177355300,237,-9381.0
177365304,237,-9370.0
177375312,237,-9359.0
177385312,237,-9348.0
177395320,237,-9337.0
177405324,237,-9327.0
177415324,237,-9316.0
177425332,237,-9305.0
177435340,237,-9294.0
177445348,237,-9283.0
177455352,237,-9273.0
177465352,237,-9262.0
177475360,237,-9251.0
177485368,237,-9240.0
177495372,237,-9229.0
177505380,237,-9218.0
177515388,237,-9208.0
177525388,237,-9197.0
177535392,237,-9186.0
177545392,237,-9175.0
177555392,237,-9164.0
177565392,237,-9154.0
177575400,237,-9143.0
177585404,237,-9132.0
177595404,237,-9121.0
177605412,237,-9110.0
177615412,237,-9100.0
177625412,237,-9089.0
177635412,237,-9078.0
177645420,237,-9067.0
177655420,237,-9056.0
177665420,237,-9045.0
177675420,237,-9035.0
177685428,237,-9024.0
177695436,237,-9013.0
177705436,237,-9002.0
177715436,237,-8991.0
177725444,237,-8981.0
177735452,237,-8970.0
177745452,237,-8959.0
177755456,237,-8948.0
177765456,237,-8937.0
177775464,237,-8926.0
177785464,237,-8916.0
177795468,237,-8905.0
177805476,237,-8894.0
177815480,101,-8884.0
177825484,101,-8876.0
177835492,101,-8869.0
177845492,101,-8863.0
177855492,101,-8858.0
177865496,101,-8853.0
177875500,101,-8848.0
177885508,101,-8843.0
177895512,101,-8838.0
177905516,101,-8834.0
177915520,101,-8829.0
177925520,101,-8825.0
177935520,101,-8820.0
177945524,101,-8815.0
177955528,101,-8811.0
177965532,101,-8806.0
177975536,101,-8802.0
177985540,101,-8797.0
177995544,101,-8793.0
178005548,101,-8788.0
178015556,101,-8784.0
178025560,101,-8779.0
178035564,101,-8775.0
178045564,101,-8770.0
178055564,101,-8765.0
178065568,101,-8761.0
178075568,101,-8756.0
178085576,101,-8752.0
178095584,101,-8747.0
178105588,101,-8743.0
178115592,101,-8738.0
178125596,101,-8734.0
178135600,101,-8729.0
178145608,101,-8725.0
178155612,101,-8720.0
178165624,101,-8715.0
178175628,101,-8711.0
178185628,101,-8706.0
178195632,101,-8702.0
178205636,101,-8697.0
178215636,101,-8693.0
178225640,101,-8688.0
178235640,101,-8684.0
178245640,101,-8679.0
178255644,101,-8675.0
178265648,101,-8670.0
178275656,101,-8665.0
178285656,101,-8661.0
178295660,101,-8656.0
178305660,101,-8652.0
178315668,101,-8647.0
178325668,101,-8643.0
178335672,101,-8638.0
178345676,101,-8634.0
178355688,101,-8629.0
178365696,101,-8625.0
178375700,101,-8620.0
178385704,101,-8616.0
178395704,101,-8611.0
178405704,101,-8606.0
178415704,101,-8602.0
178425708,101,-8597.0
178435712,101,-8593.0
178445720,101,-8588.0
178455720,101,-8584.0
178465724,101,-8579.0
178475724,101,-8575.0
178485724,101,-8570.0
178495724,101,-8565.0
178505724,79,-8561.0
178515728,79,-8557.0
178525732,79,-8553.0
178535732,79,-8549.0
178545736,79,-8545.0
178555752,79,-8541.0
178565756,79,-8538.0
178575756,79,-8534.0
178585760,79,-8531.0
178595760,79,-8527.0
178605764,79,-8524.0
178615764,79,-8520.0
178625764,79,-8516.0
178635768,79,-8513.0
178645772,79,-8509.0
178655776,79,-8506.0
178665776,79,-8502.0
178675780,79,-8498.0
178685784,79,-8495.0
178695788,79,-8491.0
178705796,79,-8488.0
178715800,79,-8484.0
178725804,79,-8481.0
178735808,79,-8477.0
178745816,79,-8473.0
178755820,79,-8470.0
178765824,79,-8466.0
178775828,79,-8463.0
178785832,79,-8459.0
178795832,79,-8455.0
178805836,79,-8452.0
178815840,79,-8448.0
178825844,79,-8445.0
178835852,79,-8441.0
178845856,79,-8438.0
178855860,79,-8434.0
178865864,79,-8430.0
178875864,79,-8427.0
178885868,79,-8423.0
178895872,79,-8420.0
178905876,79,-8416.0
178915880,79,-8413.0
178925888,79,-8409.0
178935892,79,-8405.0
178945896,79,-8402.0
178955900,79,-8398.0
178965900,79,-8395.0
178975904,79,-8391.0
178985908,79,-8387.0
178995916,79,-8384.0
179005928,79,-8380.0
179015928,79,-8377.0
179025932,79,-8373.0
179035936,79,-8370.0
179045940,79,-8366.0
179055940,79,-8362.0
179065948,79,-8359.0
179075952,79,-8355.0
179085956,79,-8352.0
179095956,79,-8348.0
179105960,79,-8344.0
179115964,79,-8341.0
179125972,79,-8337.0
179135976,79,-8334.0
179145976,79,-8330.0
179155984,79,-8327.0
179165988,79,-8323.0
179175992,79,-8319.0
179185996,79,-8316.0
179196000,79,-8312.0
179206008,64,-8309.0
179216008,64,-8305.0
179226016,64,-8302.0
179236020,64,-8299.0
179246024,64,-8296.0
179256024,64,-8293.0
179266028,64,-8290.0
179276036,64,-8287.0
179286040,64,-8284.0
179296044,64,-8282.0
179306044,64,-8279.0
179316044,64,-8276.0
179326048,64,-8273.0
179336052,64,-8270.0
179346052,64,-8267.0
179356052,64,-8265.0
179366056,64,-8262.0
179376060,64,-8259.0
179386064,64,-8256.0
179396080,64,-8253.0
179406088,64,-8250.0
179416100,64,-8247.0
179426104,64,-8245.0
179436104,64,-8242.0
179446104,64,-8239.0
179456108,64,-8236.0
179466108,64,-8233.0
179476112,64,-8230.0
179486112,64,-8228.0
179496116,64,-8225.0
179506120,64,-8222.0
179516124,64,-8219.0
179526132,64,-8216.0
179536140,64,-8213.0
179546144,64,-8211.0
179556148,64,-8208.0
179566152,64,-8205.0
179576152,64,-8202.0
179586156,64,-8199.0
179596160,64,-8197.0
179606164,64,-8194.0
179616172,64,-8191.0
179626172,64,-8188.0
179636176,64,-8185.0
179646180,64,-8182.0
179656184,64,-8180.0
179666184,64,-8177.0
179676184,64,-8174.0
179686188,64,-8171.0
179696192,64,-8168.0
179706192,64,-8165.0
179716196,64,-8163.0
179726200,64,-8160.0
179736204,64,-8157.0
179746212,64,-8154.0
179756216,64,-8151.0
179766220,64,-8148.0
179776224,64,-8146.0
179786228,64,-8143.0
179796228,64,-8140.0
179806232,64,-8137.0
179816236,64,-8134.0
179826240,64,-8131.0
179836240,64,-8128.0
179846244,64,-8126.0
179856248,64,-8123.0
179866248,64,-8120.0
179876256,64,-8117.0
179886260,64,-8114.0
179896264,64,-8111.0
179906272,-100,-8109.0
179916272,-100,-8107.0
179926276,-100,-8108.0
179936288,-100,-8111.0
179946288,-100,-8114.0
179956288,-100,-8118.0
179966292,-100,-8122.0
179976292,-100,-8126.0
179986300,-100,-8131.0
179996300,-100,-8135.0
180006304,-100,-8139.0
180016304,-100,-8144.0
180026304,-100,-8148.0
180036312,-100,-8153.0
180046312,-100,-8157.0
180056316,-100,-8162.0
180066316,-100,-8166.0
180076324,-100,-8171.0
180086324,-100,-8175.0
180096328,-100,-8180.0
180106336,-100,-8184.0
180116344,-100,-8189.0
180126344,-100,-8193.0
180136360,-100,-8198.0
180146368,-100,-8202.0
180156368,-100,-8206.0
180166368,-100,-8211.0
180176368,-100,-8215.0
180186372,-100,-8220.0
180196380,-100,-8224.0
180206380,-100,-8229.0
180216380,-100,-8233.0
180226384,-100,-8238.0
180236384,-100,-8242.0
180246392,-100,-8247.0
180256400,-100,-8251.0
180266400,-100,-8256.0
180276408,-100,-8260.0
180286412,-100,-8265.0
180296412,-100,-8269.0
180306420,-100,-8274.0
180316420,-100,-8278.0
180326420,-100,-8283.0
180336424,-100,-8287.0
180346424,-100,-8292.0
180356424,-100,-8296.0
180366424,-100,-8300.0
180376432,-100,-8305.0
180386432,-100,-8309.0
180396436,-100,-8314.0
180406436,-100,-8318.0
180416444,-100,-8323.0
180426452,-100,-8327.0
180436460,-100,-8332.0
180446460,-100,-8336.0
180456460,-100,-8341.0
180466460,-100,-8345.0
180476468,-100,-8350.0
180486472,-100,-8354.0
180496476,-100,-8359.0
180506476,-100,-8363.0
180516484,-100,-8368.0
180526484,-100,-8372.0
180536484,-100,-8377.0
180546492,-100,-8381.0
180556500,-100,-8386.0
180566508,-100,-8390.0
180576512,-100,-8395.0
180586520,-100,-8399.0
180596520,-100,-8403.0
180606520,-176,-8408.0
180616520,-176,-8413.0
180626528,-176,-8419.0
180636536,-176,-8426.0
180646544,-176,-8433.0
180656552,-176,-8441.0
180666560,-176,-8449.0
180676564,-176,-8456.0
180686572,-176,-8464.0
180696580,-176,-8472.0
180706580,-176,-8480.0
180716584,-176,-8488.0
180726592,-176,-8496.0
180736600,-176,-8504.0
180746600,-176,-8512.0
180756604,-176,-8520.0
180766612,-176,-8527.0
180776620,-176,-8535.0
180786620,-176,-8543.0
180796628,-176,-8551.0
180806628,-176,-8559.0
180816632,-176,-8567.0
180826640,-176,-8575.0
180836640,-176,-8583.0
180846640,-176,-8591.0
180856644,-176,-8599.0
180866652,-176,-8607.0
180876652,-176,-8615.0
180886660,-176,-8622.0
180896668,-176,-8630.0
180906672,-176,-8638.0
180916672,-176,-8646.0
180926680,-176,-8654.0
180936684,-176,-8662.0
180946692,-176,-8670.0
180956700,-176,-8678.0
180966700,-176,-8686.0
180976708,-176,-8694.0
180986712,-176,-8702.0
180996712,-176,-8710.0
181006712,-176,-8718.0
181016712,-176,-8725.0
181026720,-176,-8733.0
181036724,-176,-8741.0
181046728,-176,-8749.0
181056732,-176,-8757.0
181066740,-176,-8765.0
181076748,-176,-8773.0
181086752,-176,-8781.0
181096756,-176,-8789.0
181106764,-176,-8797.0
181116772,-176,-8805.0
181126780,-176,-8813.0
181136780,-176,-8821.0
181146784,-176,-8828.0
181156792,-176,-8836.0
181166800,-176,-8844.0
181176804,-176,-8852.0
181186808,-176,-8860.0
181196812,-176,-8868.0
181206820,-176,-8876.0
181216828,-176,-8884.0
181226828,-176,-8892.0
181236836,-176,-8900.0
181246844,-176,-8908.0
181256852,-176,-8916.0
181266852,-176,-8924.0
181276860,-176,-8931.0
181286864,-176,-8939.0
181296864,-176,-8947.0
181306868,-114,-8955.0
181316872,-114,-8963.0
181326880,-114,-8969.0
181336888,-114,-8975.0
181346896,-114,-8981.0
181356900,-114,-8986.0
181366908,-114,-8992.0
181376916,-114,-8997.0
181386924,-114,-9002.0
181396928,-114,-9007.0
181406936,-114,-9012.0
181416936,-114,-9017.0
181426944,-114,-9022.0
181436944,-114,-9027.0
181446948,-114,-9033.0
181456948,-114,-9038.0
181466956,-114,-9043.0
181476956,-114,-9048.0
181486960,-114,-9053.0
181496960,-114,-9058.0
181506968,-114,-9063.0
181516968,-114,-9068.0
181526968,-114,-9073.0
181536968,-114,-9079.0
181546968,-114,-9084.0
181556976,-114,-9089.0
181566976,-114,-9094.0
181576980,-114,-9099.0
181586988,-114,-9104.0
181596988,-114,-9109.0
181606988,-114,-9114.0
181616992,-114,-9119.0
181627000,-114,-9125.0
181637008,-114,-9130.0
181647008,-114,-9135.0
181657012,-114,-9140.0
181667012,-114,-9145.0
181677012,-114,-9150.0
181687012,-114,-9155.0
181697012,-114,-9160.0
181707016,-114,-9166.0
181717016,-114,-9171.0
181727016,-114,-9176.0
181737016,-114,-9181.0
181747020,-114,-9186.0
181757024,-114,-9191.0
181767024,-114,-9196.0
181777024,-114,-9201.0
181787028,-114,-9206.0
181797036,-114,-9212.0
181807036,-114,-9217.0
181817036,-114,-9222.0
181827040,-114,-9227.0
181837040,-114,-9232.0
181847048,-114,-9237.0
181857048,-114,-9242.0
181867048,-114,-9247.0
181877048,-114,-9253.0
181887048,-114,-9258.0
181897048,-114,-9263.0
181907056,-114,-9268.0
181917060,-114,-9273.0
181927060,-114,-9278.0
181937060,-114,-9283.0
181947068,-114,-9288.0
181957072,-114,-9293.0
181967072,-114,-9299.0
181977080,-114,-9304.0
181987080,-114,-9309.0
181997088,-114,-9314.0
182007092,131,-9319.0
182017100,131,-9321.0
182027104,131,-9320.0
182037108,131,-9316.0
182047116,131,-9312.0
182057120,131,-9307.0
182067124,131,-9301.0
182077128,131,-9296.0
182087132,131,-9290.0
182097136,131,-9284.0
182107136,131,-9278.0
182117140,131,-9273.0
182127144,131,-9267.0
182137152,131,-9261.0
182147156,131,-9255.0
182157160,131,-9249.0
182167164,131,-9243.0
182177168,131,-9236.0
182187172,131,-9231.0
182197176,131,-9225.0
182207180,131,-9219.0
182217192,131,-9213.0
182227200,131,-9207.0
182237204,131,-9201.0
182247204,131,-9195.0
182257208,131,-9189.0
182267212,131,-9183.0
182277216,131,-9177.0
182287216,131,-9171.0
182297220,131,-9165.0
182307228,131,-9159.0
182317228,131,-9153.0
182327232,131,-9147.0
182337232,131,-9141.0
182347244,131,-9135.0
182357252,131,-9129.0
182367252,131,-9123.0
182377256,131,-9117.0
182387260,131,-9111.0
182397264,131,-9105.0
182407268,131,-9099.0
182417268,131,-9093.0
182427272,131,-9087.0
182437276,131,-9081.0
182447280,131,-9075.0
182457280,131,-9069.0
182467280,131,-9063.0
182477292,131,-9057.0
182487296,131,-9051.0
182497300,131,-9045.0
182507300,131,-9039.0
182517304,131,-9034.0
182527312,131,-9028.0
182537312,131,-9022.0
182547316,131,-9016.0
182557316,131,-9010.0
182567324,131,-9004.0
182577324,131,-8998.0
182587328,131,-8992.0
182597328,131,-8986.0
182607340,131,-8980.0
182617348,131,-8974.0
182627352,131,-8968.0
182637352,131,-8962.0
182647356,131,-8956.0
182657364,131,-8950.0
182667364,131,-8944.0
182677368,131,-8938.0
182687372,131,-8932.0
182697376,131,-8926.0
182707380,-199,-8920.0
182717380,-199,-8918.0
182727384,-199,-8921.0
182737384,-199,-8926.0
182747384,-199,-8933.0
182757384,-199,-8940.0
182767384,-199,-8948.0
182777392,-199,-8957.0
182787392,-199,-8966.0
182797392,-199,-8974.0
182807396,-199,-8983.0
182817404,-199,-8992.0
182827404,-199,-9001.0
182837412,-199,-9010.0
182847420,-199,-9019.0
182857428,-199,-9028.0
182867436,-199,-9037.0
182877436,-199,-9046.0
182887444,-199,-9055.0
182897448,-199,-9064.0
182907448,-199,-9073.0
182917448,-199,-9082.0
182927456,-199,-9091.0
182937460,-199,-9100.0
182947460,-199,-9109.0
182957464,-199,-9118.0
182967472,-199,-9127.0
182977480,-199,-9136.0
182987488,-199,-9145.0
182997496,-199,-9154.0
183007496,-199,-9163.0
183017508,-199,-9172.0
183027508,-199,-9180.0
183037516,-199,-9189.0
183047520,-199,-9198.0
183057524,-199,-9207.0
183067524,-199,-9216.0
183077532,-199,-9225.0
183087532,-199,-9234.0
183097532,-199,-9243.0
183107540,-199,-9252.0
183117548,-199,-9261.0
183127556,-199,-9270.0
183137556,-199,-9279.0
183147556,-199,-9288.0
183157564,-199,-9297.0
183167564,-199,-9306.0
183177564,-199,-9315.0
183187564,-199,-9324.0
183197572,-199,-9333.0
183207572,-199,-9342.0
183217572,-199,-9351.0
183227572,-199,-9360.0
183237580,-199,-9369.0
183247588,-199,-9377.0
183257596,-199,-9386.0
183267600,-199,-9395.0
183277608,-199,-9404.0
183287616,-199,-9413.0
183297616,-199,-9422.0
183307616,-199,-9431.0
183317624,-199,-9440.0
183327632,-199,-9449.0
183337640,-199,-9458.0
183347640,-199,-9467.0
183357648,-199,-9476.0
183367656,-199,-9485.0
183377656,-199,-9494.0
183387664,-199,-9503.0
183397664,-199,-9512.0
183407664,126,-9521.0
183417668,126,-9526.0
183427668,126,-9527.0
183437668,126,-9525.0
183447672,126,-9521.0
183457680,126,-9517.0
183467684,126,-9512.0
183477692,126,-9506.0
183487696,126,-9501.0
183497700,126,-9496.0
183507704,126,-9490.0
183517708,126,-9485.0
183527712,126,-9479.0
183537716,126,-9473.0
183547720,126,-9468.0
183557720,126,-9462.0
183567724,126,-9456.0
183577728,126,-9451.0
183587728,126,-9445.0
183597732,126,-9439.0
183607740,126,-9434.0
183617740,126,-9428.0
183627744,126,-9422.0
183637748,126,-9416.0
183647752,126,-9411.0
183657756,126,-9405.0
183667760,126,-9399.0
183677764,126,-9394.0
183687764,126,-9388.0
183697772,126,-9382.0
183707772,126,-9376.0
183717776,126,-9371.0
183727776,126,-9365.0
183737784,126,-9359.0
183747784,126,-9354.0
183757788,126,-9348.0
183767788,126,-9342.0
183777792,126,-9337.0
183787800,126,-9331.0
183797800,126,-9325.0
183807804,126,-9319.0
183817808,126,-9314.0
183827816,126,-9308.0
183837816,126,-9302.0
183847820,126,-9297.0
183857824,126,-9291.0
183867828,126,-9285.0
183877832,126,-9280.0
183887832,126,-9274.0
183897836,126,-9268.0
183907840,126,-9262.0
183917848,126,-9257.0
183927848,126,-9251.0
183937852,126,-9245.0
183947856,126,-9240.0
183957860,126,-9234.0
183967864,126,-9228.0
183977880,126,-9222.0
183987880,126,-9217.0
183997880,126,-9211.0
184007880,126,-9205.0
184017884,126,-9200.0
184027884,126,-9194.0
184037888,126,-9188.0
184047896,126,-9183.0
184057896,126,-9177.0
184067900,126,-9171.0
184077900,126,-9165.0
184087900,126,-9160.0
184097900,126,-9154.0
184107904,-145,-9148.0
184117904,-145,-9146.0
184127912,-145,-9147.0
184137912,-145,-9151.0
184147916,-145,-9155.0
184157924,-145,-9161.0
184167924,-145,-9167.0
184177924,-145,-9173.0
184187924,-145,-9179.0
184197932,-145,-9186.0
184207932,-145,-9192.0
184217932,-145,-9199.0
184227932,-145,-9205.0
184237940,-145,-9212.0
184247940,-145,-9218.0
184257944,-145,-9225.0
184267952,-145,-9231.0
184277952,-145,-9238.0
184287952,-145,-9244.0
184297960,-145,-9251.0
184307964,-145,-9257.0
184317964,-145,-9264.0
184327968,-145,-9270.0
184337972,-145,-9277.0
184347976,-145,-9283.0
184357980,-145,-9290.0
184367980,-145,-9296.0
184377984,-145,-9303.0
184387988,-145,-9309.0
184397996,-145,-9316.0
184408004,-145,-9322.0
184418008,-145,-9329.0
184428016,-145,-9335.0
184438016,-145,-9342.0
184448024,-145,-9348.0
184458032,-145,-9355.0
184468040,-145,-9361.0
184478040,-145,-9368.0
184488048,-145,-9374.0
184498052,-145,-9381.0
184508052,-145,-9387.0
184518052,-145,-9394.0
184528052,-145,-9400.0
184538060,-145,-9407.0
184548068,-145,-9413.0
184558076,-145,-9420.0
184568076,-145,-9426.0
184578076,-145,-9433.0
184588084,-145,-9440.0
184598092,-145,-9446.0
184608092,-145,-9453.0
184618100,-145,-9459.0
184628108,-145,-9466.0
184638116,-145,-9472.0
184648120,-145,-9479.0
184658128,-145,-9485.0
184668132,-145,-9492.0
184678132,-145,-9498.0
184688132,-145,-9505.0
184698132,-145,-9511.0
184708132,-145,-9518.0
184718132,-145,-9524.0
184728132,-145,-9531.0
184738136,-145,-9537.0
184748144,-145,-9544.0
184758152,-145,-9550.0
184768152,-145,-9557.0
184778152,-145,-9563.0
184788152,-145,-9570.0
184798152,-145,-9576.0
184808152,144,-9583.0
184818156,144,-9586.0
184828156,144,-9585.0
184838164,144,-9582.0
184848164,144,-9577.0
184858164,144,-9572.0
184868172,144,-9566.0
184878172,144,-9559.0
184888172,144,-9553.0
184898176,144,-9547.0
184908180,144,-9541.0
184918180,144,-9534.0
184928184,144,-9528.0
184938184,144,-9521.0
184948196,144,-9515.0
184958204,144,-9508.0
184968208,144,-9502.0
184978208,144,-9495.0
184988208,144,-9489.0
184998212,144,-9482.0
185008216,144,-9476.0
185018216,144,-9469.0
185028216,144,-9463.0
185038224,144,-9456.0
185048224,144,-9449.0
185058228,144,-9443.0
185068228,144,-9436.0
185078236,144,-9430.0
185088236,144,-9423.0
185098236,144,-9417.0
185108240,144,-9410.0
185118244,144,-9404.0
185128248,144,-9397.0
185138252,144,-9391.0
185148256,144,-9384.0
185158256,144,-9378.0
185168260,144,-9371.0
185178264,144,-9365.0
185188264,144,-9358.0
185198264,144,-9351.0
185208272,144,-9345.0
185218272,144,-9338.0
185228276,144,-9332.0
185238276,144,-9325.0
185248280,144,-9319.0
185258284,144,-9312.0
185268284,144,-9306.0
185278284,144,-9299.0
185288288,144,-9293.0
185298292,144,-9286.0
185308296,144,-9280.0
185318296,144,-9273.0
185328296,144,-9266.0
185338296,144,-9260.0
185348296,144,-9253.0
185358296,144,-9247.0
185368296,144,-9240.0
185378300,144,-9234.0
185388304,144,-9227.0
185398308,144,-9221.0
185408308,144,-9214.0
185418312,144,-9208.0
185428316,144,-9201.0
185438320,144,-9195.0
185448320,144,-9188.0
185458324,144,-9182.0
185468328,144,-9175.0
185478332,144,-9168.0
185488332,144,-9162.0
185498332,144,-9155.0
185508336,-96,-9149.0
185518340,-96,-9146.0
185528344,-96,-9145.0
185538344,-96,-9147.0
185548344,-96,-9150.0
185558352,-96,-9154.0
185568352,-96,-9158.0
185578352,-96,-9162.0
185588352,-96,-9166.0
185598356,-96,-9170.0
185608360,-96,-9175.0
185618368,-96,-9179.0
185628368,-96,-9183.0
185638376,-96,-9187.0
185648380,-96,-9192.0
185658380,-96,-9196.0
185668380,-96,-9200.0
185678380,-96,-9204.0
185688384,-96,-9209.0
185698392,-96,-9213.0
185708392,-96,-9217.0
185718392,-96,-9222.0
185728396,-96,-9226.0
185738396,-96,-9230.0
185748396,-96,-9234.0
185758396,-96,-9239.0
185768400,-96,-9243.0
185778400,-96,-9247.0
185788400,-96,-9252.0
185798400,-96,-9256.0
185808408,-96,-9260.0
185818412,-96,-9264.0
185828412,-96,-9269.0
185838412,-96,-9273.0
185848412,-96,-9277.0
185858416,-96,-9281.0
185868424,-96,-9286.0
185878432,-96,-9290.0
185888432,-96,-9294.0
185898436,-96,-9299.0
185908444,-96,-9303.0
185918444,-96,-9307.0
185928444,-96,-9312.0
185938444,-96,-9316.0
185948448,-96,-9320.0
185958448,-96,-9324.0
185968456,-96,-9329.0
185978464,-96,-9333.0
185988468,-96,-9337.0
185998468,-96,-9342.0
186008468,-96,-9346.0
186018468,-96,-9350.0
186028472,-96,-9355.0
186038472,-96,-9359.0
186048472,-96,-9363.0
186058472,-96,-9367.0
186068472,-96,-9372.0
186078476,-96,-9376.0
186088476,-96,-9380.0
186098476,-96,-9385.0
186108476,-96,-9389.0
186118484,-96,-9393.0
186128484,-96,-9398.0
186138492,-96,-9402.0
186148492,-96,-9406.0
186158496,-96,-9410.0
186168496,-96,-9415.0
186178496,-96,-9419.0
186188496,-96,-9423.0
186198504,-96,-9428.0
186208508,253,-9432.0
186218516,253,-9432.0
186228520,253,-9428.0
186238520,253,-9421.0
186248528,253,-9412.0
186258536,253,-9402.0
186268544,253,-9391.0
186278544,253,-9380.0
186288544,253,-9369.0
186298552,253,-9358.0
186308552,253,-9347.0
186318560,253,-9336.0
186328560,253,-9325.0
186338560,253,-9313.0
186348568,253,-9302.0
186358576,253,-9290.0
186368576,253,-9279.0
186378576,253,-9267.0
186388584,253,-9256.0
186398588,253,-9244.0
186408588,253,-9233.0
186418588,253,-9221.0
186428588,253,-9210.0
186438592,253,-9198.0
186448592,253,-9186.0
186458600,253,-9175.0
186468600,253,-9163.0
186478600,253,-9152.0
186488608,253,-9140.0
186498616,253,-9129.0
186508616,253,-9117.0
186518624,253,-9106.0
186528624,253,-9094.0
186538628,253,-9082.0
186548632,253,-9071.0
186558640,253,-9059.0
186568648,253,-9048.0
186578656,253,-9036.0
186588664,253,-9025.0
186598664,253,-9013.0
186608664,253,-9002.0
186618668,253,-8990.0
186628668,253,-8979.0
186638668,253,-8967.0
186648676,253,-8955.0
186658676,253,-8944.0
186668684,253,-8932.0
186678684,253,-8921.0
186688684,253,-8909.0
186698692,253,-8898.0
186708700,253,-8886.0
186718708,253,-8875.0
186728712,253,-8863.0
186738720,253,-8851.0
186748720,253,-8840.0
186758728,253,-8828.0
186768728,253,-8817.0
186778728,253,-8805.0
186788732,253,-8794.0
186798732,253,-8782.0
186808732,253,-8771.0
186818740,253,-8759.0
186828748,253,-8748.0
186838748,253,-8736.0
186848756,253,-8724.0
186858756,253,-8713.0
186868756,253,-8701.0
186878764,253,-8690.0
186888764,253,-8678.0
186898764,253,-8667.0
186908768,77,-8655.0
186918768,77,-8645.0
186928768,77,-8638.0
186938776,77,-8632.0
186948780,77,-8627.0
186958784,77,-8623.0
186968788,77,-8619.0
186978788,77,-8615.0
186988788,77,-8611.0
186998792,77,-8608.0
187008796,77,-8604.0
187018800,77,-8601.0
187028800,77,-8597.0
187038804,77,-8594.0
187048808,77,-8590.0
187058812,77,-8587.0
187068812,77,-8584.0
187078816,77,-8580.0
187088820,77,-8577.0
187098824,77,-8573.0
187108824,77,-8570.0
187118828,77,-8566.0
187128832,77,-8563.0
187138836,77,-8559.0
187148840,77,-8556.0
187158848,77,-8552.0
187168852,77,-8549.0
187178856,77,-8546.0
187188864,77,-8542.0
187198872,77,-8539.0
187208876,77,-8535.0
187218880,77,-8532.0
187228884,77,-8528.0
187238888,77,-8525.0
187248896,77,-8521.0
187258900,77,-8518.0
187268904,77,-8514.0
187278908,77,-8511.0
187288916,77,-8507.0
187298920,77,-8504.0
187308928,77,-8501.0
187318928,77,-8497.0
187328928,77,-8494.0
187338932,77,-8490.0
187348936,77,-8487.0
187358940,77,-8483.0
187368948,77,-8480.0
187378956,77,-8476.0
187388960,77,-8473.0
187398968,77,-8470.0
187408972,77,-8466.0
187418980,77,-8463.0
187428984,77,-8459.0
187438988,77,-8456.0
187448992,77,-8452.0
187459000,77,-8449.0
187469004,77,-8445.0
187479008,77,-8442.0
187489012,77,-8439.0
187499016,77,-8435.0
187509016,77,-8432.0
187519020,77,-8428.0
187529024,77,-8425.0
187539028,77,-8421.0
187549028,77,-8418.0
187559032,77,-8414.0
187569036,77,-8411.0
187579040,77,-8408.0
187589040,77,-8404.0
187599044,77,-8401.0
187609048,-106,-8397.0
187619048,-106,-8396.0
187629048,-106,-8398.0
187639056,-106,-8401.0
187649064,-106,-8404.0
187659072,-106,-8408.0
187669072,-106,-8413.0
187679076,-106,-8417.0
187689084,-106,-8422.0
187699092,-106,-8427.0
187709092,-106,-8431.0
187719096,-106,-8436.0
187729096,-106,-8441.0
187739096,-106,-8446.0
187749096,-106,-8450.0
187759096,-106,-8455.0
187769100,-106,-8460.0
187779100,-106,-8465.0
187789100,-106,-8469.0
187799100,-106,-8474.0
187809104,-106,-8479.0
187819112,-106,-8484.0
187829116,-106,-8488.0
187839116,-106,-8493.0
187849120,-106,-8498.0
187859120,-106,-8502.0
187869120,-106,-8507.0
187879128,-106,-8512.0
187889128,-106,-8517.0
187899132,-106,-8521.0
187909132,-106,-8526.0
187919132,-106,-8531.0
187929132,-106,-8536.0
187939136,-106,-8540.0
187949136,-106,-8545.0
187959136,-106,-8550.0
187969140,-106,-8554.0
187979144,-106,-8559.0
187989144,-106,-8564.0
187999144,-106,-8569.0
188009144,-106,-8573.0
188019148,-106,-8578.0
188029148,-106,-8583.0
188039148,-106,-8588.0
188049148,-106,-8592.0
188059148,-106,-8597.0
188069152,-106,-8602.0
188079152,-106,-8607.0
188089152,-106,-8611.0
188099152,-106,-8616.0
188109156,-106,-8621.0
188119156,-106,-8626.0
188129156,-106,-8630.0
188139156,-106,-8635.0
188149164,-106,-8640.0
188159164,-106,-8644.0
188169164,-106,-8649.0
188179164,-106,-8654.0
188189164,-106,-8659.0
188199168,-106,-8663.0
188209168,-106,-8668.0
188219176,-106,-8673.0
188229176,-106,-8678.0
188239180,-106,-8682.0
188249180,-106,-8687.0
188259180,-106,-8692.0
188269180,-106,-8696.0
188279184,-106,-8701.0
188289184,-106,-8706.0
188299184,-106,-8711.0
188309184,-251,-8715.0
188319188,-251,-8722.0
188329188,-251,-8730.0
188339188,-251,-8739.0
188349196,-251,-8749.0
188359204,-251,-8760.0
188369204,-251,-8771.0
188379212,-251,-8782.0
188389220,-251,-8793.0
188399228,-251,-8804.0
188409228,-251,-8815.0
188419228,-251,-8826.0
188429228,-251,-8838.0
188439236,-251,-8849.0
188449236,-251,-8860.0
188459240,-251,-8871.0
188469244,-251,-8883.0
188479248,-251,-8894.0
188489256,-251,-8905.0
188499256,-251,-8917.0
188509260,-251,-8928.0
188519268,-251,-8939.0
188529272,-251,-8951.0
188539272,-251,-8962.0
188549276,-251,-8973.0
188559284,-251,-8984.0
188569288,-251,-8996.0
188579288,-251,-9007.0
188589296,-251,-9018.0
188599300,-251,-9030.0
188609308,-251,-9041.0
188619312,-251,-9052.0
188629316,-251,-9064.0
188639320,-251,-9075.0
188649328,-251,-9086.0
188659332,-251,-9097.0
188669332,-251,-9109.0
188679332,-251,-9120.0
188689336,-251,-9131.0
188699344,-251,-9143.0
188709352,-251,-9154.0
188719352,-251,-9165.0
188729360,-251,-9177.0
188739368,-251,-9188.0
188749376,-251,-9199.0
188759384,-251,-9210.0
188769388,-251,-9222.0
188779396,-251,-9233.0
188789404,-251,-9244.0
188799412,-251,-9256.0
188809420,-251,-9267.0
188819424,-251,-9278.0
188829428,-251,-9290.0
188839436,-251,-9301.0
188849444,-251,-9312.0
188859448,-251,-9323.0
188869452,-251,-9335.0
188879456,-251,-9346.0
188889456,-251,-9357.0
188899464,-251,-9369.0
188909468,-251,-9380.0
188919472,-251,-9391.0
188929472,-251,-9403.0
188939476,-251,-9414.0
188949484,-251,-9425.0
188959488,-251,-9436.0
188969496,-251,-9448.0
188979504,-251,-9459.0
188989508,-251,-9470.0
188999512,-251,-9482.0
189009520,-176,-9493.0
189019520,-176,-9503.0
189029528,-176,-9513.0
189039536,-176,-9522.0
189049536,-176,-9530.0
189059536,-176,-9539.0
189069544,-176,-9547.0
189079544,-176,-9555.0
189089552,-176,-9563.0
189099560,-176,-9571.0
189109560,-176,-9579.0
189119560,-176,-9587.0
189129560,-176,-9595.0
189139560,-176,-9603.0
189149560,-176,-9611.0
189159568,-176,-9619.0
189169576,-176,-9627.0
189179584,-176,-9634.0
189189584,-176,-9642.0
189199592,-176,-9650.0
189209600,-176,-9658.0
189219608,-176,-9666.0
189229616,-176,-9674.0
189239616,-176,-9682.0
189249624,-176,-9690.0
189259632,-176,-9698.0
189269636,-176,-9706.0
189279640,-176,-9714.0
189289648,-176,-9722.0
189299656,-176,-9729.0
189309660,-176,-9737.0
189319660,-176,-9745.0
189329660,-176,-9753.0
189339660,-176,-9761.0
189349668,-176,-9769.0
189359676,-176,-9777.0
189369676,-176,-9785.0
189379676,-176,-9793.0
189389684,-176,-9801.0
189399692,-176,-9809.0
189409692,-176,-9817.0
189419692,-176,-9825.0
189429700,-176,-9832.0
189439708,-176,-9840.0
189449708,-176,-9848.0
189459708,-176,-9856.0
189469712,-176,-9864.0
189479712,-176,-9872.0
189489720,-176,-9880.0
189499720,-176,-9888.0
189509728,-176,-9896.0
189519736,-176,-9904.0
189529744,-176,-9912.0
189539744,-176,-9920.0
189549744,-176,-9927.0
189559752,-176,-9935.0
189569760,-176,-9943.0
189579764,-176,-9951.0
189589768,-176,-9959.0
189599776,-176,-9967.0
189609784,-176,-9975.0
189619792,-176,-9983.0
189629792,-176,-9991.0
189639792,-176,-9999.0
189649800,-176,-10007.0
189659808,-176,-10015.0
189669808,-176,-10023.0
189679816,-176,-10030.0
189689816,-176,-10038.0
189699824,-176,-10046.0
189709832,-67,-10054.0
189719832,-67,-10061.0
189729832,-67,-10066.0
189739832,-67,-10070.0
189749836,-67,-10074.0
189759840,-67,-10077.0
189769840,-67,-10080.0
189779840,-67,-10083.0
189789840,-67,-10086.0
189799844,-67,-10089.0
189809844,-67,-10092.0
189819844,-67,-10095.0
189829844,-67,-10098.0
189839856,-67,-10101.0
189849860,-67,-10104.0
189859860,-67,-10107.0
189869860,-67,-10110.0
189879860,-67,-10113.0
189889868,-67,-10116.0
189899868,-67,-10119.0
189909872,-67,-10122.0
189919872,-67,-10125.0
189929880,-67,-10128.0
189939880,-67,-10131.0
189949884,-67,-10134.0
189959884,-67,-10137.0
189969896,-67,-10140.0
189979900,-67,-10143.0
189989904,-67,-10146.0
189999908,-67,-10149.0
190009908,-67,-10152.0
190019916,-67,-10155.0
190029916,-67,-10158.0
190039920,-67,-10161.0
190049924,-67,-10164.0
190059928,-67,-10167.0
190069928,-67,-10170.0
190079928,-67,-10173.0
190089928,-67,-10176.0
190099932,-67,-10179.0
190109932,-67,-10182.0
190119936,-67,-10185.0
190129936,-67,-10188.0
190139936,-67,-10191.0
190149940,-67,-10194.0
190159940,-67,-10197.0
190169944,-67,-10200.0
190179944,-67,-10202.0
190189948,-67,-10205.0
190199952,-67,-10208.0
190209952,-67,-10211.0
190219952,-67,-10214.0
190229960,-67,-10217.0
190239960,-67,-10220.0
190249960,-67,-10223.0
190259964,-67,-10226.0
190269964,-67,-10229.0
190279968,-67,-10232.0
190289968,-67,-10235.0
190299968,-67,-10238.0
190309972,-67,-10241.0
190319976,-67,-10244.0
190329980,-67,-10247.0
190339980,-67,-10250.0
190349980,-67,-10253.0
190359984,-67,-10256.0
190369988,-67,-10259.0
190379988,-67,-10262.0
190389988,-67,-10265.0
190399988,-67,-10268.0
190409988,-137,-10271.0
190419996,-137,-10275.0
190429996,-137,-10280.0
190440004,-137,-10285.0
190450004,-137,-10291.0
190460004,-137,-10297.0
190470012,-137,-10303.0
190480020,-137,-10309.0
190490020,-137,-10315.0
190500028,-137,-10321.0
190510036,-137,-10327.0
190520044,-137,-10333.0
190530052,-137,-10339.0
190540052,-137,-10345.0
190550052,-137,-10351.0
190560052,-137,-10357.0
190570060,-137,-10363.0
190580060,-137,-10369.0
190590068,-137,-10375.0
190600068,-137,-10381.0
190610076,-137,-10387.0
190620076,-137,-10393.0
190630076,-137,-10399.0
190640076,-137,-10406.0
190650084,-137,-10412.0
190660092,-137,-10418.0
190670092,-137,-10424.0
190680100,-137,-10430.0
190690100,-137,-10436.0
190700108,-137,-10442.0
190710108,-137,-10449.0
190720108,-137,-10455.0
190730112,-137,-10461.0
190740112,-137,-10467.0
190750112,-137,-10473.0
190760112,-137,-10479.0
190770112,-137,-10485.0
190780120,-137,-10492.0
190790128,-137,-10498.0
190800132,-137,-10504.0
190810140,-137,-10510.0
190820148,-137,-10516.0
190830156,-137,-10522.0
190840160,-137,-10528.0
190850168,-137,-10535.0
190860176,-137,-10541.0
190870176,-137,-10547.0
190880180,-137,-10553.0
190890184,-137,-10559.0
190900184,-137,-10565.0
190910192,-137,-10571.0
190920200,-137,-10578.0
190930204,-137,-10584.0
190940212,-137,-10590.0
190950220,-137,-10596.0
190960220,-137,-10602.0
190970220,-137,-10608.0
190980220,-137,-10614.0
190990228,-137,-10621.0
191000228,-137,-10627.0
191010232,-137,-10633.0
191020240,-137,-10639.0
191030240,-137,-10645.0
191040248,-137,-10651.0
191050256,-137,-10657.0
191060256,-137,-10664.0
191070256,-137,-10670.0
191080264,-137,-10676.0
191090272,-137,-10682.0
191100276,-137,-10688.0
191110284,61,-10694.0
191120288,61,-10697.0
191130296,61,-10697.0
191140296,61,-10695.0
191150304,61,-10694.0
191160308,61,-10691.0
191170316,61,-10689.0
191180320,61,-10686.0
191190320,61,-10684.0
191200328,61,-10681.0
191210332,61,-10678.0
191220340,61,-10676.0
191230348,61,-10673.0
191240356,61,-10670.0
191250360,61,-10667.0
191260364,61,-10665.0
191270364,61,-10662.0
191280372,61,-10659.0
191290376,61,-10657.0
191300384,61,-10654.0
191310388,61,-10651.0
191320388,61,-10648.0
191330392,61,-10646.0
191340400,61,-10643.0
191350404,61,-10640.0
191360404,61,-10638.0
191370408,61,-10635.0
191380412,61,-10632.0
191390416,61,-10629.0
191400420,61,-10627.0
191410420,61,-10624.0
191420424,61,-10621.0
191430432,61,-10619.0
191440436,61,-10616.0
191450444,61,-10613.0
191460448,61,-10610.0
191470456,61,-10608.0
191480460,61,-10605.0
191490460,61,-10602.0
191500464,61,-10600.0
191510468,61,-10597.0
191520472,61,-10594.0
191530476,61,-10591.0
191540476,61,-10589.0
191550480,61,-10586.0
191560484,61,-10583.0
191570488,61,-10581.0
191580488,61,-10578.0
191590492,61,-10575.0
191600496,61,-10573.0
191610500,61,-10570.0
191620500,61,-10567.0
191630504,61,-10564.0
191640512,61,-10562.0
191650516,61,-10559.0
191660524,61,-10556.0
191670524,61,-10554.0
191680528,61,-10551.0
191690536,61,-10548.0
191700540,61,-10545.0
191710540,61,-10543.0
191720544,61,-10540.0
191730552,61,-10537.0
191740556,61,-10535.0
191750556,61,-10532.0
191760560,61,-10529.0
191770568,61,-10527.0
191780572,61,-10524.0
191790576,61,-10521.0
191800576,61,-10518.0
191810580,-76,-10516.0
191820584,-76,-10515.0
191830584,-76,-10516.0
191840592,-76,-10519.0
191850592,-76,-10521.0
191860596,-76,-10524.0
191870596,-76,-10527.0
191880604,-76,-10531.0
191890604,-76,-10534.0
191900604,-76,-10537.0
191910608,-76,-10541.0
191920616,-76,-10544.0
191930624,-76,-10547.0
191940624,-76,-10551.0
191950628,-76,-10554.0
191960628,-76,-10558.0
191970636,-76,-10561.0
191980636,-76,-10564.0
191990640,-76,-10568.0
192000640,-76,-10571.0
192010644,-76,-10574.0
192020652,-76,-10578.0
192030660,-76,-10581.0
192040668,-76,-10585.0
192050668,-76,-10588.0
192060672,-76,-10591.0
192070672,-76,-10595.0
192080680,-76,-10598.0
192090680,-76,-10601.0
192100680,-76,-10605.0
192110680,-76,-10608.0
192120680,-76,-10611.0
192130680,-76,-10615.0
192140680,-76,-10618.0
192150680,-76,-10621.0
192160680,-76,-10625.0
192170680,-76,-10628.0
192180684,-76,-10632.0
192190684,-76,-10635.0
192200684,-76,-10638.0
192210692,-76,-10642.0
192220692,-76,-10645.0
192230696,-76,-10648.0
192240696,-76,-10652.0
192250696,-76,-10655.0
192260696,-76,-10658.0
192270696,-76,-10662.0
192280696,-76,-10665.0
192290696,-76,-10669.0
192300696,-76,-10672.0
192310704,-76,-10675.0
192320704,-76,-10679.0
192330712,-76,-10682.0
192340712,-76,-10685.0
192350712,-76,-10689.0
192360716,-76,-10692.0
192370716,-76,-10695.0
192380720,-76,-10699.0
192390720,-76,-10702.0
192400724,-76,-10705.0
192410732,-76,-10709.0
192420732,-76,-10712.0
192430732,-76,-10716.0
192440736,-76,-10719.0
192450736,-76,-10722.0
192460736,-76,-10726.0
192470740,-76,-10729.0
192480748,-76,-10732.0
192490752,-76,-10736.0
192500756,-76,-10739.0
192510756,99,-10742.0
192520764,99,-10743.0
192530772,99,-10741.0
192540776,99,-10738.0
192550780,99,-10735.0
192560784,99,-10731.0
192570788,99,-10726.0
192580792,99,-10722.0
192590796,99,-10718.0
192600800,99,-10713.0
192610804,99,-10709.0
192620812,99,-10704.0
192630812,99,-10700.0
192640816,99,-10695.0
192650816,99,-10691.0
192660824,99,-10686.0
192670828,99,-10682.0
192680828,99,-10677.0
192690832,99,-10673.0
192700836,99,-10668.0
192710840,99,-10664.0
192720844,99,-10659.0
192730844,99,-10655.0
192740844,99,-10650.0
192750852,99,-10646.0
192760856,99,-10641.0
192770856,99,-10637.0
192780860,99,-10632.0
192790864,99,-10628.0
192800868,99,-10623.0
192810868,99,-10619.0
192820872,99,-10615.0
192830876,99,-10610.0
192840880,99,-10606.0
192850884,99,-10601.0
192860884,99,-10597.0
192870884,99,-10592.0
192880892,99,-10588.0
192890892,99,-10583.0
192900896,99,-10579.0
192910896,99,-10574.0
192920896,99,-10570.0
192930896,99,-10565.0
192940900,99,-10561.0
192950904,99,-10556.0
192960912,99,-10552.0
192970912,99,-10547.0
192980916,99,-10543.0
192990920,99,-10538.0
193000932,99,-10534.0
193010932,99,-10529.0
193020932,99,-10525.0
193030936,99,-10521.0
193040940,99,-10516.0
193050948,99,-10512.0
193060948,99,-10507.0
193070952,99,-10503.0
193080956,99,-10498.0
193090964,99,-10494.0
193100964,99,-10489.0
193110968,99,-10485.0
193120972,99,-10480.0
193130984,99,-10476.0
193140992,99,-10471.0
193150996,99,-10467.0
193161000,99,-10462.0
193171004,99,-10458.0
193181012,99,-10453.0
193191016,99,-10449.0
193201020,99,-10444.0
193211024,-229,-10440.0
193221028,-229,-10441.0
193231028,-229,-10446.0
193241028,-229,-10453.0
193251032,-229,-10462.0
193261032,-229,-10471.0
193271032,-229,-10480.0
193281040,-229,-10490.0
193291044,-229,-10500.0
193301048,-229,-10510.0
193311048,-229,-10520.0
193321056,-229,-10530.0
193331064,-229,-10541.0
193341072,-229,-10551.0
193351072,-229,-10561.0
193361076,-229,-10572.0
193371080,-229,-10582.0
193381084,-229,-10592.0
193391092,-229,-10602.0
193401092,-229,-10613.0
193411100,-229,-10623.0
193421104,-229,-10633.0
193431112,-229,-10644.0
193441112,-229,-10654.0
193451116,-229,-10664.0
193461124,-229,-10674.0
193471128,-229,-10685.0
193481132,-229,-10695.0
193491136,-229,-10705.0
193501144,-229,-10716.0
193511152,-229,-10726.0
193521156,-229,-10736.0
193531156,-229,-10747.0
193541156,-229,-10757.0
193551160,-229,-10767.0
193561168,-229,-10778.0
193571168,-229,-10788.0
193581176,-229,-10798.0
193591184,-229,-10808.0
193601188,-229,-10819.0
193611188,-229,-10829.0
193621196,-229,-10839.0
193631200,-229,-10850.0
193641208,-229,-10860.0
193651212,-229,-10870.0
193661212,-229,-10881.0
193671216,-229,-10891.0
193681224,-229,-10901.0
193691228,-229,-10911.0
193701228,-229,-10922.0
193711232,-229,-10932.0
193721240,-229,-10942.0
193731244,-229,-10953.0
193741244,-229,-10963.0
193751252,-229,-10973.0
193761256,-229,-10984.0
193771264,-229,-10994.0
193781268,-229,-11004.0
193791272,-229,-11014.0
193801276,-229,-11025.0
193811276,-229,-11035.0
193821280,-229,-11045.0
193831280,-229,-11056.0
193841288,-229,-11066.0
193851292,-229,-11076.0
193861300,-229,-11087.0
193871300,-229,-11097.0
193881308,-229,-11107.0
193891324,-229,-11118.0
193901324,-229,-11128.0
193911332,-196,-11138.0
193921336,-196,-11148.0
193931340,-196,-11157.0
193941340,-196,-11167.0
193951348,-196,-11176.0
193961348,-196,-11185.0
193971348,-196,-11194.0
193981356,-196,-11202.0
193991356,-196,-11211.0
194001356,-196,-11220.0
194011360,-196,-11229.0
194021368,-196,-11238.0
194031376,-196,-11247.0
194041384,-196,-11256.0
194051384,-196,-11265.0
194061388,-196,-11274.0
194071396,-196,-11283.0
194081404,-196,-11292.0
194091404,-196,-11301.0
194101408,-196,-11310.0
194111408,-196,-11319.0
194121416,-196,-11328.0
194131416,-196,-11337.0
194141424,-196,-11346.0
194151432,-196,-11355.0
194161440,-196,-11364.0
194171444,-196,-11373.0
194181444,-196,-11382.0
194191452,-196,-11391.0
194201460,-196,-11400.0
194211468,-196,-11409.0
194221480,-196,-11418.0
194231488,-196,-11426.0
194241496,-196,-11435.0
194251504,-196,-11444.0
194261512,-196,-11453.0
194271512,-196,-11462.0
194281512,-196,-11471.0
194291520,-196,-11480.0
194301528,-196,-11489.0
194311528,-196,-11498.0
194321528,-196,-11507.0
194331536,-196,-11516.0
194341544,-196,-11525.0
194351544,-196,-11534.0
194361552,-196,-11543.0
194371560,-196,-11552.0
194381568,-196,-11561.0
194391576,-196,-11570.0
194401576,-196,-11579.0
194411584,-196,-11588.0
194421592,-196,-11597.0
194431600,-196,-11606.0
194441600,-196,-11615.0
194451600,-196,-11623.0
194461604,-196,-11632.0
194471604,-196,-11641.0
194481604,-196,-11650.0
194491612,-196,-11659.0
194501620,-196,-11668.0
194511628,-196,-11677.0
194521636,-196,-11686.0
194531636,-196,-11695.0
194541644,-196,-11704.0
194551652,-196,-11713.0
194561652,-196,-11722.0
194571660,-196,-11731.0
194581664,-196,-11740.0
194591672,-196,-11749.0
194601680,-196,-11758.0
194611688,181,-11766.0
194621696,181,-11768.0
194631700,181,-11765.0
194641700,181,-11761.0
194651704,181,-11754.0
194661708,181,-11747.0
194671708,181,-11740.0
194681708,181,-11732.0
194691708,181,-11724.0
194701712,181,-11716.0
194711712,181,-11708.0
194721716,181,-11700.0
194731716,181,-11692.0
194741720,181,-11684.0
194751720,181,-11676.0
194761720,181,-11668.0
194771720,181,-11659.0
194781720,181,-11651.0
194791724,181,-11643.0
194801724,181,-11635.0
194811724,181,-11627.0
194821724,181,-11618.0
194831728,181,-11610.0
194841728,181,-11602.0
194851728,181,-11594.0
194861728,181,-11585.0
194871732,181,-11577.0
194881732,181,-11569.0
194891732,181,-11561.0
194901732,181,-11552.0
194911732,181,-11544.0
194921736,181,-11536.0
194931736,181,-11528.0
194941736,181,-11519.0
194951740,181,-11511.0
194961744,181,-11503.0
194971748,181,-11495.0
194981756,181,-11486.0
194991756,181,-11478.0
195001760,181,-11470.0
195011760,181,-11462.0
195021760,181,-11453.0
195031760,181,-11445.0
195041772,181,-11437.0
195051776,181,-11429.0
195061776,181,-11420.0
195071776,181,-11412.0
195081780,181,-11404.0
195091784,181,-11396.0
195101784,181,-11387.0
195111784,181,-11379.0
195121784,181,-11371.0
195131792,181,-11363.0
195141792,181,-11354.0
195151792,181,-11346.0
195161792,181,-11338.0
195171800,181,-11330.0
195181800,181,-11321.0
195191800,181,-11313.0
195201804,181,-11305.0
195211812,181,-11296.0
195221816,181,-11288.0
195231816,181,-11280.0
195241816,181,-11272.0
195251816,181,-11263.0
195261820,181,-11255.0
195271820,181,-11247.0
195281820,181,-11239.0
195291820,181,-11230.0
195301824,181,-11222.0
195311824,238,-11214.0
195321824,238,-11205.0
195331824,238,-11195.0
195341824,238,-11185.0
195351824,238,-11174.0
195361828,238,-11164.0
195371836,238,-11153.0
195381844,238,-11142.0
195391848,238,-11132.0
195401848,238,-11121.0
195411856,238,-11110.0
195421864,238,-11099.0
195431864,238,-11088.0
195441864,238,-11077.0
195451864,238,-11067.0
195461872,238,-11056.0
195471880,238,-11045.0
195481884,238,-11034.0
195491892,238,-11023.0
195501900,238,-11012.0
195511900,238,-11001.0
195521904,238,-10990.0
195531904,238,-10980.0
195541904,238,-10969.0
195551904,238,-10958.0
195561908,238,-10947.0
195571916,238,-10936.0
195581916,238,-10925.0
195591916,238,-10914.0
195601916,238,-10904.0
195611920,238,-10893.0
195621928,238,-10882.0
195631936,238,-10871.0
195641936,238,-10860.0
195651936,238,-10849.0
195661936,238,-10838.0
195671944,238,-10827.0
195681944,238,-10817.0
195691948,238,-10806.0
195701956,238,-10795.0
195711956,238,-10784.0
195721956,238,-10773.0
195731956,238,-10762.0
195741956,238,-10751.0
195751960,238,-10741.0
195761968,238,-10730.0
195771968,238,-10719.0
195781972,238,-10708.0
195791972,238,-10697.0
195801972,238,-10686.0
195811980,238,-10675.0
195821980,238,-10664.0
195831980,238,-10654.0
195841980,238,-10643.0
195851988,238,-10632.0
195861996,238,-10621.0
195872000,238,-10610.0
195882008,238,-10599.0
195892016,238,-10588.0
195902024,238,-10578.0
195912024,238,-10567.0
195922024,238,-10556.0
195932032,238,-10545.0
195942032,238,-10534.0
195952036,238,-10523.0
195962036,238,-10512.0
195972044,238,-10501.0
195982052,238,-10491.0
195992052,238,-10480.0
196002052,238,-10469.0
196012052,110,-10458.0
196022060,110,-10449.0
196032060,110,-10442.0
196042064,110,-10436.0
196052068,110,-10430.0
196062068,110,-10424.0
196072072,110,-10419.0
196082088,110,-10413.0
196092092,110,-10408.0
196102096,110,-10403.0
196112096,110,-10398.0
196122100,110,-10393.0
196132104,110,-10388.0
196142108,110,-10383.0
196152112,110,-10378.0
196162116,110,-10373.0
196172120,110,-10368.0
196182124,110,-10363.0
196192128,110,-10358.0
196202132,110,-10353.0
196212140,110,-10348.0
196222152,110,-10343.0
196232156,110,-10339.0
196242160,110,-10334.0
196252164,110,-10329.0
196262172,110,-10324.0
196272172,110,-10319.0
196282176,110,-10314.0
196292180,110,-10309.0
196302188,110,-10304.0
196312192,110,-10299.0
196322192,110,-10294.0
196332196,110,-10289.0
196342204,110,-10284.0
196352208,110,-10279.0
196362208,110,-10274.0
196372212,110,-10269.0
196382216,110,-10264.0
196392216,110,-10259.0
196402216,110,-10254.0
196412220,110,-10249.0
196422224,110,-10244.0
196432224,110,-10239.0
196442228,110,-10234.0
196452232,110,-10229.0
196462236,110,-10224.0
196472236,110,-10219.0
196482240,110,-10214.0
196492244,110,-10209.0
196502248,110,-10204.0
196512252,110,-10199.0
196522252,110,-10194.0
196532256,110,-10189.0
196542260,110,-10184.0
196552264,110,-10179.0
196562264,110,-10174.0
196572268,110,-10169.0
196582272,110,-10165.0
196592276,110,-10160.0
196602276,110,-10155.0
196612284,110,-10150.0
196622284,110,-10145.0
196632284,110,-10140.0
196642284,110,-10135.0
196652292,110,-10130.0
196662292,110,-10125.0
196672296,110,-10120.0
196682296,110,-10115.0
196692300,110,-10110.0
196702304,110,-10105.0
196712304,141,-10100.0
196722304,141,-10094.0
196732312,141,-10088.0
196742312,141,-10082.0
196752312,141,-10076.0
196762316,141,-10070.0
196772328,141,-10063.0
196782332,141,-10057.0
196792332,141,-10051.0
196802332,141,-10044.0
196812336,141,-10038.0
196822340,141,-10032.0
196832340,141,-10025.0
196842340,141,-10019.0
196852340,141,-10012.0
196862348,141,-10006.0
196872348,141,-10000.0
196882348,141,-9993.0
196892348,141,-9987.0
196902356,141,-9980.0
196912356,141,-9974.0
196922360,141,-9968.0
196932360,141,-9961.0
196942360,141,-9955.0
196952368,141,-9948.0
196962368,141,-9942.0
196972368,141,-9936.0
196982372,141,-9929.0
196992376,141,-9923.0
197002376,141,-9916.0
197012380,141,-9910.0
197022384,141,-9904.0
197032388,141,-9897.0
197042392,141,-9891.0
197052392,141,-9884.0
197062396,141,-9878.0
197072396,141,-9871.0
197082404,141,-9865.0
197092404,141,-9859.0
197102408,141,-9852.0
197112408,141,-9846.0
197122416,141,-9839.0
197132416,141,-9833.0
197142416,141,-9827.0
197152416,141,-9820.0
197162424,141,-9814.0
197172424,141,-9807.0
197182424,141,-9801.0
197192424,141,-9795.0
197202424,141,-9788.0
197212428,141,-9782.0
197222432,141,-9775.0
197232432,141,-9769.0
197242432,141,-9763.0
197252436,141,-9756.0
197262440,141,-9750.0
197272440,141,-9744.0
197282444,141,-9737.0
197292448,141,-9731.0
197302448,141,-9724.0
197312448,141,-9718.0
197322452,141,-9712.0
197332464,141,-9705.0
197342468,141,-9699.0
197352468,141,-9692.0
197362472,141,-9686.0
197372472,141,-9680.0
197382480,141,-9673.0
197392480,141,-9667.0
197402480,141,-9660.0
197412480,83,-9654.0
197422488,83,-9649.0
197432492,83,-9644.0
197442492,83,-9640.0
197452492,83,-9635.0
197462492,83,-9631.0
197472492,83,-9628.0
197482496,83,-9624.0
197492500,83,-9620.0
197502500,83,-9616.0
197512500,83,-9613.0
197522504,83,-9609.0
197532508,83,-9605.0
197542508,83,-9601.0
197552508,83,-9598.0
197562512,83,-9594.0
197572516,83,-9590.0
197582524,83,-9587.0
197592532,83,-9583.0
197602536,83,-9579.0
197612540,83,-9575.0
197622548,83,-9572.0
197632552,83,-9568.0
197642560,83,-9564.0
197652560,83,-9561.0
197662564,83,-9557.0
197672568,83,-9553.0
197682568,83,-9549.0
197692572,83,-9546.0
197702576,83,-9542.0
197712580,83,-9538.0
197722580,83,-9535.0
197732584,83,-9531.0
197742588,83,-9527.0
197752596,83,-9523.0
197762600,83,-9520.0
197772608,83,-9516.0
197782612,83,-9512.0
197792616,83,-9508.0
197802624,83,-9505.0
197812632,83,-9501.0
197822636,83,-9497.0
197832640,83,-9494.0
197842648,83,-9490.0
197852648,83,-9486.0
197862648,83,-9482.0
197872652,83,-9479.0
197882656,83,-9475.0
197892660,83,-9471.0
197902660,83,-9467.0
197912664,83,-9464.0
197922668,83,-9460.0
197932672,83,-9456.0
197942672,83,-9453.0
197952676,83,-9449.0
197962680,83,-9445.0
197972680,83,-9441.0
197982680,83,-9438.0
197992684,83,-9434.0
198002688,83,-9430.0
198012696,83,-9427.0
198022700,83,-9423.0
198032708,83,-9419.0
198042712,83,-9415.0
198052716,83,-9412.0
198062720,83,-9408.0
198072720,83,-9404.0
198082724,83,-9400.0
198092728,83,-9397.0
198102732,83,-9393.0
198112732,225,-9389.0
198122732,225,-9383.0
198132736,225,-9375.0
198142736,225,-9366.0
198152736,225,-9357.0
198162740,225,-9347.0
198172744,225,-9338.0
198182744,225,-9328.0
198192752,225,-9317.0
198202756,225,-9307.0
198212756,225,-9297.0
198222756,225,-9287.0
198232756,225,-9277.0
198242760,225,-9266.0
198252760,225,-9256.0
198262760,225,-9246.0
198272760,225,-9236.0
198282768,225,-9225.0
198292772,225,-9215.0
198302772,225,-9205.0
198312772,225,-9195.0
198322772,225,-9184.0
198332776,225,-9174.0
198342776,225,-9164.0
198352776,225,-9154.0
198362776,225,-9143.0
198372780,225,-9133.0
198382780,225,-9123.0
198392788,225,-9112.0
198402792,225,-9102.0
198412800,225,-9092.0
198422800,225,-9082.0
198432808,225,-9071.0
198442808,225,-9061.0
198452816,225,-9051.0
198462816,225,-9041.0
198472824,225,-9030.0
198482832,225,-9020.0
198492832,225,-9010.0
198502832,225,-9000.0
198512832,225,-8989.0
198522840,225,-8979.0
198532848,225,-8969.0
198542856,225,-8958.0
198552860,225,-8948.0
198562860,225,-8938.0
198572860,225,-8928.0
198582860,225,-8917.0
198592860,225,-8907.0
198602860,225,-8897.0
198612860,225,-8887.0
198622868,225,-8876.0
198632872,225,-8866.0
198642872,225,-8856.0
198652872,225,-8846.0
198662872,225,-8835.0
198672880,225,-8825.0
198682880,225,-8815.0
198692888,225,-8804.0
198702896,225,-8794.0
198712896,225,-8784.0
198722896,225,-8774.0
198732896,225,-8763.0
198742904,225,-8753.0
198752904,225,-8743.0
198762904,225,-8733.0
198772904,225,-8722.0
198782904,225,-8712.0
198792912,225,-8702.0
198802920,225,-8691.0
198812924,193,-8681.0
198822924,193,-8671.0
198832932,193,-8662.0
198842932,193,-8653.0
198852936,193,-8644.0
198862936,193,-8635.0
198872936,193,-8626.0
198882936,193,-8617.0
198892940,193,-8609.0
198902940,193,-8600.0
198912940,193,-8591.0
198922940,193,-8582.0
198932944,193,-8573.0
198942952,193,-8564.0
198952952,193,-8556.0
198962956,193,-8547.0
198972956,193,-8538.0
198982960,193,-8529.0
198992960,193,-8520.0
199002960,193,-8512.0
199012960,193,-8503.0
199022968,193,-8494.0
199032968,193,-8485.0
199042968,193,-8476.0
199052968,193,-8468.0
199062972,193,-8459.0
199072972,193,-8450.0
199082972,193,-8441.0
199092972,193,-8432.0
199102972,193,-8424.0
199112976,193,-8415.0
199122976,193,-8406.0
199132976,193,-8397.0
199142976,193,-8388.0
199152980,193,-8380.0
199162980,193,-8371.0
199172980,193,-8362.0
199182980,193,-8353.0
199192984,193,-8344.0
199202988,193,-8335.0
199212988,193,-8327.0
199222996,193,-8318.0
199232996,193,-8309.0
199243000,193,-8300.0
199253000,193,-8291.0
199263000,193,-8283.0
199273000,193,-8274.0
199283004,193,-8265.0
199293012,193,-8256.0
199303012,193,-8247.0
199313012,193,-8239.0
199323016,193,-8230.0
199333016,193,-8221.0
199343016,193,-8212.0
199353016,193,-8203.0
199363020,193,-8195.0
199373020,193,-8186.0
199383020,193,-8177.0
199393020,193,-8168.0
199403020,193,-8159.0
199413024,193,-8151.0
199423024,193,-8142.0
199433024,193,-8133.0
199443024,193,-8124.0
199453028,193,-8115.0
199463028,193,-8107.0
199473028,193,-8098.0
199483028,193,-8089.0
199493032,193,-8080.0
199503032,193,-8071.0
199513032,106,-8063.0
199523036,106,-8055.0
199533036,106,-8049.0
199543044,106,-8043.0
199553048,106,-8038.0
199563048,106,-8033.0
199573052,106,-8028.0
199583060,106,-8023.0
199593060,106,-8018.0
199603064,106,-8013.0
199613068,106,-8009.0
199623076,106,-8004.0
199633076,106,-7999.0
199643080,106,-7994.0
199653084,106,-7989.0
199663092,106,-7985.0
199673100,106,-7980.0
199683104,106,-7975.0
199693108,106,-7970.0
199703112,106,-7965.0
199713116,106,-7960.0
199723120,106,-7956.0
199733124,106,-7951.0
199743128,106,-7946.0
199753136,106,-7941.0
199763140,106,-7937.0
199773144,106,-7932.0
199783144,106,-7927.0
199793148,106,-7922.0
199803156,106,-7917.0
199813160,106,-7913.0
199823164,106,-7908.0
199833168,106,-7903.0
199843168,106,-7898.0
199853172,106,-7893.0
199863176,106,-7889.0
199873180,106,-7884.0
199883188,106,-7879.0
199893192,106,-7874.0
199903196,106,-7869.0
199913200,106,-7865.0
199923200,106,-7860.0
199933208,106,-7855.0
199943212,106,-7850.0
199953212,106,-7846.0
199963216,106,-7841.0
199973224,106,-7836.0
199983224,106,-7831.0
199993228,106,-7826.0
200003232,106,-7822.0
200013240,106,-7817.0
200023240,106,-7812.0
200033240,106,-7807.0
200043244,106,-7802.0
200053248,106,-7798.0
200063252,106,-7793.0
200073256,106,-7788.0
200083256,106,-7783.0
200093260,106,-7779.0
200103264,106,-7774.0
200113268,106,-7769.0
200123268,106,-7764.0
200133272,106,-7759.0
200143280,106,-7755.0
200153280,106,-7750.0
200163284,106,-7745.0
200173284,106,-7740.0
200183288,106,-7735.0
200193296,106,-7731.0
200203296,106,-7726.0
200213296,239,-7721.0
200223296,239,-7713.0
200233300,239,-7705.0
200243308,239,-7695.0
200253316,239,-7685.0
200263316,239,-7675.0
200273320,239,-7665.0
200283328,239,-7654.0
200293328,239,-7643.0
200303336,239,-7632.0
200313336,239,-7622.0
200323340,239,-7611.0
200333340,239,-7600.0
200343348,239,-7589.0
200353348,239,-7578.0
200363348,239,-7567.0
200373348,239,-7556.0
200383348,239,-7545.0
200393356,239,-7534.0
200403360,239,-7524.0
200413360,239,-7513.0
200423368,239,-7502.0
200433376,239,-7491.0
200443376,239,-7480.0
200453380,239,-7469.0
200463388,239,-7458.0
200473396,239,-7447.0
200483396,239,-7436.0
200493396,239,-7425.0
200503396,239,-7414.0
200513396,239,-7404.0
200523396,239,-7393.0
200533396,239,-7382.0
200543396,239,-7371.0
200553396,239,-7360.0
200563404,239,-7349.0
200573404,239,-7338.0
200583404,239,-7327.0
200593404,239,-7316.0
200603412,239,-7305.0
200613412,239,-7294.0
200623416,239,-7284.0
200633424,239,-7273.0
200643424,239,-7262.0
200653432,239,-7251.0
200663436,239,-7240.0
200673444,239,-7229.0
200683452,239,-7218.0
200693452,239,-7207.0
200703452,239,-7196.0
200713456,239,-7185.0
200723464,239,-7174.0
200733472,239,-7164.0
200743480,239,-7153.0
200753484,239,-7142.0
200763492,239,-7131.0
200773500,239,-7120.0
200783500,239,-7109.0
200793500,239,-7098.0
200803500,239,-7087.0
200813500,239,-7076.0
200823508,239,-7065.0
200833516,239,-7054.0
200843516,239,-7043.0
200853516,239,-7033.0
200863516,239,-7022.0
200873516,239,-7011.0
200883516,239,-7000.0
200893516,239,-6989.0
200903524,239,-6978.0
200913524,215,-6967.0
200923524,215,-6957.0
200933524,215,-6946.0
200943524,215,-6936.0
200953524,215,-6926.0
200963528,215,-6916.0
200973536,215,-6907.0
200983544,215,-6897.0
200993552,215,-6887.0
201003560,215,-6877.0
201013564,215,-6867.0
201023572,215,-6857.0
201033572,215,-6848.0
201043572,215,-6838.0
201053572,215,-6828.0
201063572,215,-6818.0
201073580,215,-6808.0
201083580,215,-6799.0
201093584,215,-6789.0
201103584,215,-6779.0
201113592,215,-6769.0
201123592,215,-6759.0
201133592,215,-6749.0
201143596,215,-6740.0
201153596,215,-6730.0
201163596,215,-6720.0
201173596,215,-6710.0
201183600,215,-6700.0
201193600,215,-6691.0
201203600,215,-6681.0
201213600,215,-6671.0
201223600,215,-6661.0
201233600,215,-6651.0
201243600,215,-6642.0
201253608,215,-6632.0
201263616,215,-6622.0
201273620,215,-6612.0
201283628,215,-6602.0
201293628,215,-6593.0
201303636,215,-6583.0
201313640,215,-6573.0
201323648,215,-6563.0
201333656,215,-6553.0
201343656,215,-6544.0
201353660,215,-6534.0
201363660,215,-6524.0
201373668,215,-6514.0
201383676,215,-6504.0
201393676,215,-6494.0
201403680,215,-6485.0
201413688,215,-6475.0
201423688,215,-6465.0
201433696,215,-6455.0
201443700,215,-6445.0
201453708,215,-6436.0
201463708,215,-6426.0
201473708,215,-6416.0
201483708,215,-6406.0
201493708,215,-6396.0
201503708,215,-6387.0
201513712,215,-6377.0
201523712,215,-6367.0
201533716,215,-6357.0
201543716,215,-6347.0
201553716,215,-6338.0
201563716,215,-6328.0
201573720,215,-6318.0
201583720,215,-6308.0
201593724,215,-6298.0
201603732,215,-6288.0
201613736,134,-6279.0
201623736,134,-6271.0
201633740,134,-6263.0
201643740,134,-6256.0
201653740,134,-6249.0
201663740,134,-6243.0
201673740,134,-6237.0
201683744,134,-6230.0
201693748,134,-6224.0
201703756,134,-6218.0
201713756,134,-6212.0
201723760,134,-6206.0
201733764,134,-6200.0
201743772,134,-6194.0
201753772,134,-6188.0
201763776,134,-6182.0
201773776,134,-6176.0
201783788,134,-6170.0
201793796,134,-6163.0
201803800,134,-6157.0
201813800,134,-6151.0
201823804,134,-6145.0
201833812,134,-6139.0
201843816,134,-6133.0
201853816,134,-6127.0
201863820,134,-6121.0
201873824,134,-6115.0
201883828,134,-6109.0
201893832,134,-6103.0
201903832,134,-6097.0
201913836,134,-6091.0
201923844,134,-6085.0
201933844,134,-6079.0
201943844,134,-6072.0
201953844,134,-6066.0
201963852,134,-6060.0
201973852,134,-6054.0
201983856,134,-6048.0
201993860,134,-6042.0
202003868,134,-6036.0
202013868,134,-6030.0
202023872,134,-6024.0
202033876,134,-6018.0
202043876,134,-6012.0
202053884,134,-6006.0
202063888,134,-6000.0
202073888,134,-5994.0
202083892,134,-5987.0
202093896,134,-5981.0
202103900,134,-5975.0
202113904,134,-5969.0
202123908,134,-5963.0
202133916,134,-5957.0
202143920,134,-5951.0
202153924,134,-5945.0
202163924,134,-5939.0
202173928,134,-5933.0
202183936,134,-5927.0
202193936,134,-5921.0
202203940,134,-5915.0
202213944,134,-5909.0
202223952,134,-5902.0
202233956,134,-5896.0
202243960,134,-5890.0
202253960,134,-5884.0
202263968,134,-5878.0
202273972,134,-5872.0
202283972,134,-5866.0
202293972,134,-5860.0
202303976,134,-5854.0
202313976,-92,-5849.0
202323976,-92,-5848.0
202333980,-92,-5849.0
202343980,-92,-5852.0
202353984,-92,-5855.0
202363988,-92,-5858.0
202373988,-92,-5862.0
202383988,-92,-5866.0
202393992,-92,-5870.0
202403992,-92,-5874.0
202413992,-92,-5878.0
202423992,-92,-5882.0
202434000,-92,-5886.0
202444000,-92,-5890.0
202454000,-92,-5894.0
202464000,-92,-5899.0
202474008,-92,-5903.0
202484012,-92,-5907.0
202494012,-92,-5911.0
202504016,-92,-5915.0
202514016,-92,-5919.0
202524020,-92,-5923.0
202534020,-92,-5927.0
202544020,-92,-5931.0
202554020,-92,-5936.0
202564024,-92,-5940.0
202574024,-92,-5944.0
202584024,-92,-5948.0
202594024,-92,-5952.0
202604024,-92,-5956.0
202614028,-92,-5960.0
202624028,-92,-5964.0
202634028,-92,-5969.0
202644028,-92,-5973.0
202654032,-92,-5977.0
202664032,-92,-5981.0
202674032,-92,-5985.0
202684036,-92,-5989.0
202694040,-92,-5993.0
202704040,-92,-5997.0
202714040,-92,-6001.0
202724040,-92,-6005.0
202734044,-92,-6010.0
202744048,-92,-6014.0
202754048,-92,-6018.0
202764048,-92,-6022.0
202774048,-92,-6026.0
202784052,-92,-6030.0
202794052,-92,-6034.0
202804052,-92,-6038.0
202814052,-92,-6043.0
202824056,-92,-6047.0
202834056,-92,-6051.0
202844056,-92,-6055.0
202854056,-92,-6059.0
202864064,-92,-6063.0
202874064,-92,-6067.0
202884064,-92,-6071.0
202894064,-92,-6075.0
202904068,-92,-6079.0
202914072,-92,-6084.0
202924072,-92,-6088.0
202934072,-92,-6092.0
202944072,-92,-6096.0
202954076,-92,-6100.0
202964080,-92,-6104.0
202974080,-92,-6108.0
202984080,-92,-6112.0
202994084,-92,-6116.0
203004084,-92,-6121.0
203014088,203,-6123.0
203024092,203,-6120.0
203034096,203,-6115.0
203044104,203,-6108.0
203054104,203,-6100.0
203064104,203,-6092.0
203074104,203,-6083.0
203084112,203,-6074.0
203094112,203,-6066.0
203104116,203,-6057.0
203114116,203,-6048.0
203124120,203,-6039.0
203134124,203,-6030.0
203144124,203,-6020.0
203154124,203,-6011.0
203164136,203,-6002.0
203174140,203,-5993.0
203184140,203,-5983.0
203194140,203,-5974.0
203204140,203,-5965.0
203214144,203,-5956.0
203224144,203,-5946.0
203234152,203,-5937.0
203244152,203,-5928.0
203254156,203,-5919.0
203264156,203,-5909.0
203274164,203,-5900.0
203284164,203,-5891.0
203294168,203,-5882.0
203304168,203,-5872.0
203314168,203,-5863.0
203324168,203,-5854.0
203334176,203,-5844.0
203344180,203,-5835.0
203354180,203,-5826.0
203364180,203,-5817.0
203374188,203,-5807.0
203384192,203,-5798.0
203394192,203,-5789.0
203404192,203,-5780.0
203414192,203,-5770.0
203424196,203,-5761.0
203434196,203,-5752.0
203444196,203,-5743.0
203454196,203,-5733.0
203464196,203,-5724.0
203474200,203,-5715.0
203484200,203,-5706.0
203494200,203,-5696.0
203504200,203,-5687.0
203514208,203,-5678.0
203524208,203,-5669.0
203534216,203,-5659.0
203544216,203,-5650.0
203554220,203,-5641.0
203564220,203,-5632.0
203574220,203,-5622.0
203584220,203,-5613.0
203594228,203,-5604.0
203604232,203,-5594.0
203614232,203,-5585.0
203624232,203,-5576.0
203634232,203,-5567.0
203644240,203,-5557.0
203654240,203,-5548.0
203664240,203,-5539.0
203674248,203,-5530.0
203684252,203,-5520.0
203694252,203,-5511.0
203704260,203,-5502.0
203714264,-252,-5495.0
203724268,-252,-5494.0
203734272,-252,-5499.0
203744272,-252,-5506.0
203754280,-252,-5515.0
203764288,-252,-5524.0
203774288,-252,-5535.0
203784288,-252,-5545.0
203794296,-252,-5556.0
203804300,-252,-5567.0
203814304,-252,-5578.0
203824312,-252,-5590.0
203834320,-252,-5601.0
203844324,-252,-5612.0
203854332,-252,-5623.0
203864340,-252,-5635.0
203874348,-252,-5646.0
203884352,-252,-5657.0
203894360,-252,-5669.0
203904360,-252,-5680.0
203914368,-252,-5691.0
203924372,-252,-5703.0
203934380,-252,-5714.0
203944384,-252,-5726.0
203954388,-252,-5737.0
203964388,-252,-5748.0
203974396,-252,-5760.0
203984404,-252,-5771.0
203994404,-252,-5782.0
204004408,-252,-5794.0
204014412,-252,-5805.0
204024420,-252,-5816.0
204034420,-252,-5828.0
204044424,-252,-5839.0
204054432,-252,-5850.0
204064436,-252,-5862.0
204074436,-252,-5873.0
204084444,-252,-5884.0
204094448,-252,-5896.0
204104456,-252,-5907.0
204114460,-252,-5919.0
204124464,-252,-5930.0
204134468,-252,-5941.0
204144476,-252,-5953.0
204154484,-252,-5964.0
204164484,-252,-5975.0
204174488,-252,-5987.0
204184496,-252,-5998.0
204194504,-252,-6009.0
204204504,-252,-6021.0
204214512,-252,-6032.0
204224520,-252,-6043.0
204234524,-252,-6055.0
204244532,-252,-6066.0
204254532,-252,-6077.0
204264540,-252,-6089.0
204274548,-252,-6100.0
204284556,-252,-6112.0
204294556,-252,-6123.0
204304564,-252,-6134.0
204314572,-252,-6146.0
204324580,-252,-6157.0
204334584,-252,-6168.0
204344588,-252,-6180.0
204354592,-252,-6191.0
204364592,-252,-6202.0
204374600,-252,-6214.0
204384600,-252,-6225.0
204394600,-252,-6236.0
204404604,-252,-6248.0
204414604,144,-6257.0
204424604,144,-6260.0
204434612,144,-6259.0
204444616,144,-6256.0
204454620,144,-6251.0
204464624,144,-6245.0
204474632,144,-6239.0
204484636,144,-6233.0
204494640,144,-6227.0
204504644,144,-6221.0
204514652,144,-6215.0
204524652,144,-6208.0
204534656,144,-6202.0
204544660,144,-6195.0
204554668,144,-6189.0
204564668,144,-6182.0
204574672,144,-6176.0
204584676,144,-6169.0
204594680,144,-6163.0
204604684,144,-6156.0
204614688,144,-6150.0
204624692,144,-6143.0
204634696,144,-6137.0
204644704,144,-6130.0
204654708,144,-6123.0
204664712,144,-6117.0
204674716,144,-6110.0
204684724,144,-6104.0
204694724,144,-6097.0
204704728,144,-6091.0
204714732,144,-6084.0
204724736,144,-6078.0
204734744,144,-6071.0
204744748,144,-6065.0
204754752,144,-6058.0
204764756,144,-6052.0
204774756,144,-6045.0
204784768,144,-6038.0
204794776,144,-6032.0
204804780,144,-6025.0
204814784,144,-6019.0
204824792,144,-6012.0
204834792,144,-6006.0
204844800,144,-5999.0
204854800,144,-5993.0
204864800,144,-5986.0
204874800,144,-5980.0
204884800,144,-5973.0
204894808,144,-5966.0
204904812,144,-5960.0
204914820,144,-5953.0
204924820,144,-5947.0
204934820,144,-5940.0
204944824,144,-5934.0
204954832,144,-5927.0
204964832,144,-5921.0
204974832,144,-5914.0
204984832,144,-5908.0
204994836,144,-5901.0
205004836,144,-5895.0
205014844,144,-5888.0
205024844,144,-5882.0
205034848,144,-5875.0
205044848,144,-5868.0
205054848,144,-5862.0
205064848,144,-5855.0
205074852,144,-5849.0
205084852,144,-5842.0
205094852,144,-5836.0
205104852,144,-5829.0
205114852,178,-5822.0
205124856,178,-5815.0
205134856,178,-5808.0
205144856,178,-5800.0
205154864,178,-5792.0
205164868,178,-5784.0
205174876,178,-5776.0
205184876,178,-5768.0
205194884,178,-5760.0
205204888,178,-5752.0
205214896,178,-5744.0
205224904,178,-5735.0
205234904,178,-5727.0
205244904,178,-5719.0
205254908,178,-5711.0
205264908,178,-5703.0
205274916,178,-5695.0
205284924,178,-5687.0
205294928,178,-5679.0
205304928,178,-5671.0
205314928,178,-5663.0
205324932,178,-5654.0
205334936,178,-5646.0
205344936,178,-5638.0
205354936,178,-5630.0
205364944,178,-5622.0
205374952,178,-5614.0
205384956,178,-5606.0
205394956,178,-5598.0
205404956,178,-5590.0
205414956,178,-5581.0
205424960,178,-5573.0
205434960,178,-5565.0
205444968,178,-5557.0
205454968,178,-5549.0
205464972,178,-5541.0
205474972,178,-5533.0
205484980,178,-5525.0
205494988,178,-5516.0
205505000,178,-5508.0
205515004,178,-5500.0
205525004,178,-5492.0
205535004,178,-5484.0
205545004,178,-5476.0
205555004,178,-5468.0
205565008,178,-5460.0
205575008,178,-5452.0
205585008,178,-5444.0
205595008,178,-5435.0
205605008,178,-5427.0
205615008,178,-5419.0
205625008,178,-5411.0
205635012,178,-5403.0
205645012,178,-5395.0
205655020,178,-5387.0
205665020,178,-5379.0
205675020,178,-5371.0
205685024,178,-5362.0
205695032,178,-5354.0
205705032,178,-5346.0
205715032,178,-5338.0
205725040,178,-5330.0
205735048,178,-5322.0
205745048,178,-5314.0
205755048,178,-5306.0
205765052,178,-5298.0
205775060,178,-5289.0
205785060,178,-5281.0
205795068,178,-5273.0
205805068,178,-5265.0
205815072,71,-5258.0
205825072,71,-5252.0
205835072,71,-5247.0
205845076,71,-5243.0
205855084,71,-5239.0
205865084,71,-5235.0
205875088,71,-5232.0
205885092,71,-5229.0
205895100,71,-5225.0
205905104,71,-5222.0
205915108,71,-5219.0
205925112,71,-5216.0
205935116,71,-5213.0
205945116,71,-5209.0
205955120,71,-5206.0
205965124,71,-5203.0
205975128,71,-5200.0
205985136,71,-5197.0
205995140,71,-5194.0
206005144,71,-5191.0
206015148,71,-5187.0
206025148,71,-5184.0
206035152,71,-5181.0
206045156,71,-5178.0
206055160,71,-5175.0
206065164,71,-5172.0
206075164,71,-5168.0
206085168,71,-5165.0
206095168,71,-5162.0
206105172,71,-5159.0
206115172,71,-5156.0
206125176,71,-5153.0
206135180,71,-5149.0
206145184,71,-5146.0
206155192,71,-5143.0
206165196,71,-5140.0
206175200,71,-5137.0
206185204,71,-5134.0
206195208,71,-5130.0
206205212,71,-5127.0
206215220,71,-5124.0
206225220,71,-5121.0
206235224,71,-5118.0
206245224,71,-5115.0
206255228,71,-5112.0
206265232,71,-5108.0
206275240,71,-5105.0
206285248,71,-5102.0
206295252,71,-5099.0
206305256,71,-5096.0
206315264,71,-5093.0
206325268,71,-5089.0
206335268,71,-5086.0
206345276,71,-5083.0
206355280,71,-5080.0
206365284,71,-5077.0
206375284,71,-5074.0
206385288,71,-5070.0
206395292,71,-5067.0
206405300,71,-5064.0
206415308,71,-5061.0
206425312,71,-5058.0
206435320,71,-5055.0
206445324,71,-5051.0
206455328,71,-5048.0
206465336,71,-5045.0
206475336,71,-5042.0
206485340,71,-5039.0
206495344,71,-5036.0
206505344,71,-5032.0
206515352,-157,-5032.0
206525352,-157,-5034.0
206535352,-157,-5038.0
206545356,-157,-5044.0
206555356,-157,-5050.0
206565364,-157,-5056.0
206575372,-157,-5063.0
206585380,-157,-5070.0
206595384,-157,-5077.0
206605392,-157,-5084.0
206615400,-157,-5091.0
206625408,-157,-5098.0
206635412,-157,-5105.0
206645420,-157,-5112.0
206655428,-157,-5119.0
206665428,-157,-5126.0
206675436,-157,-5133.0
206685436,-157,-5140.0
206695436,-157,-5147.0
206705444,-157,-5154.0
206715452,-157,-5161.0
206725452,-157,-5168.0
206735460,-157,-5175.0
206745468,-157,-5183.0
206755468,-157,-5190.0
206765468,-157,-5197.0
206775468,-157,-5204.0
206785476,-157,-5211.0
206795484,-157,-5218.0
206805492,-157,-5225.0
206815492,-157,-5232.0
206825492,-157,-5239.0
206835500,-157,-5246.0
206845500,-157,-5253.0
206855500,-157,-5260.0
206865500,-157,-5267.0
206875504,-157,-5274.0
206885504,-157,-5281.0
206895504,-157,-5288.0
206905512,-157,-5295.0
206915512,-157,-5302.0
206925520,-157,-5310.0
206935528,-157,-5317.0
206945528,-157,-5324.0
206955536,-157,-5331.0
206965544,-157,-5338.0
206975544,-157,-5345.0
206985544,-157,-5352.0
206995544,-157,-5359.0
207005552,-157,-5366.0
207015552,-157,-5373.0
207025552,-157,-5380.0
207035552,-157,-5387.0
207045552,-157,-5394.0
207055552,-157,-5401.0
207065552,-157,-5408.0
207075552,-157,-5415.0
207085560,-157,-5422.0
207095560,-157,-5429.0
207105568,-157,-5437.0
207115568,-157,-5444.0
207125576,-157,-5451.0
207135576,-157,-5458.0
207145584,-157,-5465.0
207155584,-157,-5472.0
207165584,-157,-5479.0
207175592,-157,-5486.0
207185600,-157,-5493.0
207195600,-157,-5500.0
207205600,-157,-5507.0
207215600,155,-5512.0
207225604,155,-5513.0
207235608,155,-5510.0
207245608,155,-5505.0
207255608,155,-5499.0
207265612,155,-5493.0
207275612,155,-5486.0
207285616,155,-5480.0
207295616,155,-5473.0
207305620,155,-5466.0
207315620,155,-5459.0
207325624,155,-5452.0
207335628,155,-5445.0
207345628,155,-5438.0
207355632,155,-5431.0
207365632,155,-5424.0
207375636,155,-5417.0
207385636,155,-5410.0
207395636,155,-5403.0
207405640,155,-5396.0
207415644,155,-5389.0
207425644,155,-5382.0
207435644,155,-5375.0
207445648,155,-5368.0
207455652,155,-5361.0
207465652,155,-5354.0
207475652,155,-5347.0
207485652,155,-5340.0
207495652,155,-5333.0
207505660,155,-5326.0
207515660,155,-5319.0
207525660,155,-5312.0
207535664,155,-5305.0
207545668,155,-5298.0
207555668,155,-5291.0
207565668,155,-5284.0
207575668,155,-5276.0
207585684,155,-5269.0
207595688,155,-5262.0
207605688,155,-5255.0
207615688,155,-5248.0
207625700,155,-5241.0
207635708,155,-5234.0
207645708,155,-5227.0
207655708,155,-5220.0
207665712,155,-5213.0
207675716,155,-5206.0
207685720,155,-5199.0
207695720,155,-5192.0
207705720,155,-5185.0
207715728,155,-5178.0
207725728,155,-5171.0
207735728,155,-5164.0
207745732,155,-5157.0
207755736,155,-5150.0
207765740,155,-5143.0
207775740,155,-5136.0
207785740,155,-5129.0
207795740,155,-5121.0
207805744,155,-5114.0
207815748,155,-5107.0
207825752,155,-5100.0
207835756,155,-5093.0
207845760,155,-5086.0
207855764,155,-5079.0
207865768,155,-5072.0
207875768,155,-5065.0
207885776,155,-5058.0
207895776,155,-5051.0
207905780,62,-5044.0
207915780,62,-5038.0
207925784,62,-5033.0
207935784,62,-5029.0
207945788,62,-5025.0
207955792,62,-5022.0
207965800,62,-5019.0
207975800,62,-5016.0
207985804,62,-5013.0
207995808,62,-5010.0
208005816,62,-5007.0
208015824,62,-5005.0
208025828,62,-5002.0
208035832,62,-4999.0
208045836,62,-4996.0
208055844,62,-4994.0
208065852,62,-4991.0
208075856,62,-4988.0
208085860,62,-4985.0
208095864,62,-4983.0
208105864,62,-4980.0
208115868,62,-4977.0
208125868,62,-4974.0
208135876,62,-4972.0
208145884,62,-4969.0
208155888,62,-4966.0
208165892,62,-4963.0
208175896,62,-4961.0
208185900,62,-4958.0
208195908,62,-4955.0
208205912,62,-4952.0
208215916,62,-4950.0
208225924,62,-4947.0
208235932,62,-4944.0
208245936,62,-4941.0
208255940,62,-4939.0
208265948,62,-4936.0
208275952,62,-4933.0
208285952,62,-4930.0
208295956,62,-4928.0
208305960,62,-4925.0
208315964,62,-4922.0
208325964,62,-4919.0
208335972,62,-4917.0
208345976,62,-4914.0
208355980,62,-4911.0
208365980,62,-4908.0
208375984,62,-4905.0
208385992,62,-4903.0
208395996,62,-4900.0
208406000,62,-4897.0
208416008,62,-4894.0
208426012,62,-4892.0
208436012,62,-4889.0
208446016,62,-4886.0
208456024,62,-4883.0
208466028,62,-4881.0
208476032,62,-4878.0
208486036,62,-4875.0
208496036,62,-4872.0
208506040,62,-4870.0
208516044,62,-4867.0
208526048,62,-4864.0
208536052,62,-4861.0
208546060,62,-4859.0
208556064,62,-4856.0
208566068,62,-4853.0
208576072,62,-4850.0
208586072,62,-4848.0
208596076,62,-4845.0
208606080,85,-4842.0
208616084,85,-4839.0
208626084,85,-4836.0
208636084,85,-4832.0
208646092,85,-4829.0
208656092,85,-4825.0
208666096,85,-4821.0
208676100,85,-4817.0
208686104,85,-4814.0
208696108,85,-4810.0
208706108,85,-4806.0
208716108,85,-4802.0
208726112,85,-4798.0
208736116,85,-4795.0
208746120,85,-4791.0
208756128,85,-4787.0
208766132,85,-4783.0
208776136,85,-4779.0
208786140,85,-4775.0
208796156,85,-4771.0
208806156,85,-4768.0
208816160,85,-4764.0
208826160,85,-4760.0
208836164,85,-4756.0
208846172,85,-4752.0
208856176,85,-4748.0
208866180,85,-4745.0
208876184,85,-4741.0
208886184,85,-4737.0
208896188,85,-4733.0
208906188,85,-4729.0
208916192,85,-4725.0
208926196,85,-4722.0
208936204,85,-4718.0
208946208,85,-4714.0
208956212,85,-4710.0
208966216,85,-4706.0
208976224,85,-4702.0
208986228,85,-4699.0
208996232,85,-4695.0
209006236,85,-4691.0
209016244,85,-4687.0
209026248,85,-4683.0
209036248,85,-4679.0
209046252,85,-4676.0
209056256,85,-4672.0
209066256,85,-4668.0
209076256,85,-4664.0
209086260,85,-4660.0
209096264,85,-4656.0
209106264,85,-4653.0
209116264,85,-4649.0
209126268,85,-4645.0
209136272,85,-4641.0
209146272,85,-4637.0
209156276,85,-4633.0
209166280,85,-4629.0
209176284,85,-4626.0
209186288,85,-4622.0
209196296,85,-4618.0
209206300,85,-4614.0
209216304,85,-4610.0
209226308,85,-4606.0
209236308,85,-4603.0
209246308,85,-4599.0
209256316,85,-4595.0
209266320,85,-4591.0
209276328,85,-4587.0
209286332,85,-4583.0
209296336,85,-4580.0
209306340,-249,-4576.0
209316340,-249,-4574.0
209326344,-249,-4578.0
209336344,-249,-4585.0
209346348,-249,-4593.0
209356348,-249,-4603.0
209366348,-249,-4613.0
209376356,-249,-4623.0
209386364,-249,-4634.0
209396368,-249,-4645.0
209406368,-249,-4656.0
209416376,-249,-4667.0
209426380,-249,-4678.0
209436388,-249,-4689.0
209446392,-249,-4701.0
209456396,-249,-4712.0
209466400,-249,-4723.0
209476408,-249,-4734.0
209486412,-249,-4745.0
209496412,-249,-4757.0
209506420,-249,-4768.0
209516428,-249,-4779.0
209526432,-249,-4790.0
209536432,-249,-4801.0
209546436,-249,-4813.0
209556444,-249,-4824.0
209566448,-249,-4835.0
209576456,-249,-4846.0
209586456,-249,-4857.0
209596464,-249,-4869.0
209606468,-249,-4880.0
209616476,-249,-4891.0
209626476,-249,-4902.0
209636480,-249,-4913.0
209646484,-249,-4925.0
209656492,-249,-4936.0
209666492,-249,-4947.0
209676500,-249,-4958.0
209686504,-249,-4969.0
209696512,-249,-4981.0
209706516,-249,-4992.0
209716516,-249,-5003.0
209726520,-249,-5014.0
209736524,-249,-5026.0
209746528,-249,-5037.0
209756536,-249,-5048.0
209766540,-249,-5059.0
209776540,-249,-5070.0
209786544,-249,-5082.0
209796544,-249,-5093.0
209806548,-249,-5104.0
209816552,-249,-5115.0
209826556,-249,-5126.0
209836560,-249,-5138.0
209846560,-249,-5149.0
209856560,-249,-5160.0
209866564,-249,-5171.0
209876568,-249,-5182.0
209886576,-249,-5194.0
209896580,-249,-5205.0
209906584,-249,-5216.0
209916588,-249,-5227.0
209926588,-249,-5238.0
209936588,-249,-5250.0
209946588,-249,-5261.0
209956592,-249,-5272.0
209966596,-249,-5283.0
209976604,-249,-5294.0
209986604,-249,-5306.0
209996608,-249,-5317.0
210006612,95,-5328.0
210016612,95,-5336.0
210026616,95,-5339.0
210036620,95,-5339.0
210046624,95,-5337.0
210056632,95,-5334.0
210066632,95,-5330.0
210076636,95,-5326.0
210086636,95,-5322.0
210096636,95,-5318.0
210106644,95,-5314.0
210116644,95,-5310.0
210126648,95,-5306.0
210136648,95,-5301.0
210146652,95,-5297.0
210156656,95,-5293.0
210166656,95,-5289.0
210176660,95,-5285.0
210186660,95,-5280.0
210196664,95,-5276.0
210206664,95,-5272.0
210216668,95,-5267.0
210226668,95,-5263.0
210236676,95,-5259.0
210246676,95,-5255.0
210256680,95,-5250.0
210266680,95,-5246.0
210276684,95,-5242.0
210286688,95,-5238.0
210296688,95,-5233.0
210306692,95,-5229.0
210316696,95,-5225.0
210326700,95,-5220.0
210336704,95,-5216.0
210346704,95,-5212.0
210356716,95,-5208.0
210366724,95,-5203.0
210376724,95,-5199.0
210386728,95,-5195.0
210396728,95,-5190.0
210406728,95,-5186.0
210416728,95,-5182.0
210426728,95,-5178.0
210436732,95,-5173.0
210446736,95,-5169.0
210456740,95,-5165.0
210466740,95,-5160.0
210476740,95,-5156.0
210486748,95,-5152.0
210496748,95,-5148.0
210506752,95,-5143.0
210516752,95,-5139.0
210526756,95,-5135.0
210536760,95,-5130.0
210546764,95,-5126.0
210556764,95,-5122.0
210566768,95,-5118.0
210576772,95,-5113.0
210586776,95,-5109.0
210596776,95,-5105.0
210606780,95,-5100.0
210616788,95,-5096.0
210626788,95,-5092.0
210636792,95,-5088.0
210646796,95,-5083.0
210656800,95,-5079.0
210666808,95,-5075.0
210676808,95,-5071.0
210686812,95,-5066.0
210696816,95,-5062.0
210706824,-151,-5058.0
210716824,-151,-5056.0
210726824,-151,-5058.0
210736832,-151,-5062.0
210746836,-151,-5067.0
210756844,-151,-5073.0
210766852,-151,-5079.0
210776860,-151,-5085.0
210786868,-151,-5092.0
210796872,-151,-5098.0
210806880,-151,-5105.0
210816888,-151,-5112.0
210826892,-151,-5119.0
210836896,-151,-5125.0
210846904,-151,-5132.0
210856912,-151,-5139.0
210866920,-151,-5146.0
210876928,-151,-5152.0
210886928,-151,-5159.0
210896936,-151,-5166.0
210906944,-151,-5173.0
210916960,-151,-5180.0
210926964,-151,-5186.0
210936972,-151,-5193.0
210946980,-151,-5200.0
210956984,-151,-5207.0
210966984,-151,-5213.0
210976984,-151,-5220.0
210986988,-151,-5227.0
210996996,-151,-5234.0
211007004,-151,-5240.0
211017004,-151,-5247.0
211027004,-151,-5254.0
211037008,-151,-5261.0
211047008,-151,-5268.0
211057008,-151,-5274.0
211067012,-151,-5281.0
211077020,-151,-5288.0
211087028,-151,-5295.0
211097028,-151,-5302.0
211107028,-151,-5308.0
211117036,-151,-5315.0
211127044,-151,-5322.0
211137052,-151,-5329.0
211147052,-151,-5336.0
211157052,-151,-5342.0
211167060,-151,-5349.0
211177068,-151,-5356.0
211187068,-151,-5363.0
211197068,-151,-5369.0
211207068,-151,-5376.0
211217072,-151,-5383.0
211227072,-151,-5390.0
211237080,-151,-5397.0
211247088,-151,-5403.0
211257096,-151,-5410.0
211267104,-151,-5417.0
211277104,-151,-5424.0
211287112,-151,-5430.0
211297120,-151,-5437.0
211307128,-151,-5444.0
211317128,-151,-5451.0
211327136,-151,-5458.0
211337144,-151,-5464.0
211347152,-151,-5471.0
211357160,-151,-5478.0
211367160,-151,-5485.0
211377168,-151,-5492.0
211387172,-151,-5498.0
211397172,-151,-5505.0
211407180,236,-5512.0
211417184,236,-5515.0
211427188,236,-5512.0
211437192,236,-5506.0
211447196,236,-5498.0
211457204,236,-5489.0
211467212,236,-5479.0
211477216,236,-5469.0
211487216,236,-5459.0
211497216,236,-5449.0
211507224,236,-5438.0
211517228,236,-5428.0
211527228,236,-5417.0
211537232,236,-5407.0
211547240,236,-5396.0
211557244,236,-5385.0
211567244,236,-5375.0
211577244,236,-5364.0
211587244,236,-5353.0
211597248,236,-5342.0
211607248,236,-5332.0
211617256,236,-5321.0
211627256,236,-5310.0
211637264,236,-5299.0
211647272,236,-5289.0
211657280,236,-5278.0
211667280,236,-5267.0
211677288,236,-5256.0
211687288,236,-5246.0
211697292,236,-5235.0
211707292,236,-5224.0
211717300,236,-5213.0
211727308,236,-5203.0
211737316,236,-5192.0
211747324,236,-5181.0
211757324,236,-5170.0
211767324,236,-5160.0
211777332,236,-5149.0
211787336,236,-5138.0
211797340,236,-5127.0
211807348,236,-5116.0
211817348,236,-5106.0
211827356,236,-5095.0
211837356,236,-5084.0
211847356,236,-5073.0
211857356,236,-5063.0
211867364,236,-5052.0
211877368,236,-5041.0
211887372,236,-5030.0
211897380,236,-5019.0
211907380,236,-5009.0
211917388,236,-4998.0
211927388,236,-4987.0
211937396,236,-4976.0
211947396,236,-4966.0
211957404,236,-4955.0
211967408,236,-4944.0
211977408,236,-4933.0
211987416,236,-4923.0
211997424,236,-4912.0
212007432,236,-4901.0
212017432,236,-4890.0
212027432,236,-4880.0
212037440,236,-4869.0
212047444,236,-4858.0
212057448,236,-4847.0
212067456,236,-4837.0
212077464,236,-4826.0
212087468,236,-4815.0
212097472,236,-4804.0
212107480,-214,-4794.0
212117488,-214,-4788.0
212127488,-214,-4788.0
212137488,-214,-4792.0
212147492,-214,-4799.0
212157500,-214,-4806.0
212167508,-214,-4814.0
212177512,-214,-4823.0
212187512,-214,-4832.0
212197520,-214,-4842.0
212207524,-214,-4851.0
212217532,-214,-4860.0
212227532,-214,-4870.0
212237536,-214,-4880.0
212247540,-214,-4889.0
212257548,-214,-4899.0
212267552,-214,-4908.0
212277552,-214,-4918.0
212287560,-214,-4928.0
212297568,-214,-4937.0
212307572,-214,-4947.0
212317572,-214,-4957.0
212327572,-214,-4966.0
212337576,-214,-4976.0
212347584,-214,-4985.0
212357584,-214,-4995.0
212367588,-214,-5005.0
212377596,-214,-5014.0
212387604,-214,-5024.0
212397608,-214,-5034.0
212407608,-214,-5043.0
212417616,-214,-5053.0
212427620,-214,-5063.0
212437628,-214,-5072.0
212447628,-214,-5082.0
212457636,-214,-5091.0
212467644,-214,-5101.0
212477648,-214,-5111.0
212487656,-214,-5120.0
212497656,-214,-5130.0
212507660,-214,-5140.0
212517668,-214,-5149.0
212527672,-214,-5159.0
212537672,-214,-5169.0
212547676,-214,-5178.0
212557680,-214,-5188.0
212567688,-214,-5197.0
212577696,-214,-5207.0
212587700,-214,-5217.0
212597704,-214,-5226.0
212607712,-214,-5236.0
212617716,-214,-5246.0
212627716,-214,-5255.0
212637724,-214,-5265.0
212647728,-214,-5275.0
212657732,-214,-5284.0
212667732,-214,-5294.0
212677740,-214,-5304.0
212687744,-214,-5313.0
212697752,-214,-5323.0
212707752,-214,-5332.0
212717756,-214,-5342.0
212727764,-214,-5352.0
212737772,-214,-5361.0
212747776,-214,-5371.0
212757776,-214,-5381.0
212767784,-214,-5390.0
212777788,-214,-5400.0
212787796,-214,-5410.0
212797796,-214,-5419.0
212807804,226,-5429.0
212817808,226,-5434.0
212827812,226,-5433.0
212837820,226,-5428.0
212847820,226,-5421.0
212857820,226,-5413.0
212867820,226,-5404.0
212877820,226,-5395.0
212887820,226,-5385.0
212897820,226,-5375.0
212907820,226,-5365.0
212917828,226,-5355.0
212927832,226,-5345.0
212937832,226,-5335.0
212947840,226,-5324.0
212957848,226,-5314.0
212967852,226,-5304.0
212977860,226,-5294.0
212987860,226,-5283.0
212997868,226,-5273.0
213007872,226,-5263.0
213017872,226,-5252.0
213027880,226,-5242.0
213037888,226,-5232.0
213047892,226,-5222.0
213057892,226,-5211.0
213067892,226,-5201.0
213077900,226,-5191.0
213087904,226,-5180.0
213097908,226,-5170.0
213107916,226,-5160.0
213117924,226,-5149.0
213127932,226,-5139.0
213137936,226,-5129.0
213147936,226,-5118.0
213157936,226,-5108.0
213167944,226,-5098.0
213177952,226,-5087.0
213187956,226,-5077.0
213197964,226,-5067.0
213207972,226,-5056.0
213217980,226,-5046.0
213227980,226,-5036.0
213237988,226,-5025.0
213247996,226,-5015.0
213257996,226,-5005.0
213268004,226,-4995.0
213278004,226,-4984.0
213288004,226,-4974.0
213298008,226,-4964.0
213308008,226,-4953.0
213318008,226,-4943.0
213328008,226,-4933.0
213338012,226,-4922.0
213348012,226,-4912.0
213358012,226,-4902.0
213368012,226,-4891.0
213378016,226,-4881.0
213388016,226,-4871.0
213398020,226,-4860.0
213408024,226,-4850.0
213418032,226,-4840.0
213428040,226,-4830.0
213438044,226,-4819.0
213448048,226,-4809.0
213458056,226,-4799.0
213468064,226,-4788.0
213478072,226,-4778.0
213488076,226,-4768.0
213498084,226,-4757.0
213508084,-221,-4747.0
213518088,-221,-4742.0
213528092,-221,-4743.0
213538092,-221,-4748.0
213548092,-221,-4754.0
213558100,-221,-4762.0
213568104,-221,-4771.0
213578104,-221,-4780.0
213588112,-221,-4790.0
213598120,-221,-4799.0
213608128,-221,-4809.0
213618136,-221,-4819.0
213628140,-221,-4829.0
213638144,-221,-4839.0
213648144,-221,-4848.0
213658144,-221,-4858.0
213668144,-221,-4868.0
213678148,-221,-4878.0
213688156,-221,-4888.0
213698160,-221,-4898.0
213708160,-221,-4908.0
213718164,-221,-4918.0
213728172,-221,-4928.0
213738176,-221,-4938.0
213748176,-221,-4948.0
213758184,-221,-4958.0
213768188,-221,-4968.0
213778196,-221,-4978.0
213788200,-221,-4988.0
213798200,-221,-4998.0
213808204,-221,-5008.0
213818212,-221,-5018.0
213828216,-221,-5028.0
213838216,-221,-5038.0
213848232,-221,-5048.0
213858240,-221,-5057.0
213868244,-221,-5067.0
213878248,-221,-5077.0
213888248,-221,-5087.0
213898252,-221,-5097.0
213908260,-221,-5107.0
213918264,-221,-5117.0
213928268,-221,-5127.0
213938272,-221,-5137.0
213948276,-221,-5147.0
213958284,-221,-5157.0
213968284,-221,-5167.0
213978288,-221,-5177.0
213988292,-221,-5187.0
213998300,-221,-5197.0
214008308,-221,-5207.0
214018308,-221,-5217.0
214028312,-221,-5227.0
214038316,-221,-5237.0
214048324,-221,-5247.0
214058332,-221,-5256.0
214068336,-221,-5266.0
214078340,-221,-5276.0
214088348,-221,-5286.0
214098348,-221,-5296.0
214108352,-221,-5306.0
214118356,-221,-5316.0
214128364,-221,-5326.0
214138368,-221,-5336.0
214148372,-221,-5346.0
214158376,-221,-5356.0
214168384,-221,-5366.0
214178388,-221,-5376.0
214188388,-221,-5386.0
214198396,-221,-5396.0
214208396,-88,-5406.0
214218404,-88,-5414.0
214228404,-88,-5421.0
214238404,-88,-5427.0
214248412,-88,-5432.0
214258412,-88,-5437.0
214268412,-88,-5441.0
214278416,-88,-5445.0
214288424,-88,-5449.0
214298432,-88,-5453.0
214308432,-88,-5457.0
214318436,-88,-5461.0
214328444,-88,-5465.0
214338444,-88,-5469.0
214348452,-88,-5473.0
214358456,-88,-5477.0
214368456,-88,-5481.0
214378456,-88,-5485.0
214388456,-88,-5489.0
214398456,-88,-5493.0
214408460,-88,-5497.0
214418468,-88,-5501.0
214428468,-88,-5504.0
214438468,-88,-5508.0
214448468,-88,-5512.0
214458468,-88,-5516.0
214468468,-88,-5520.0
214478476,-88,-5524.0
214488480,-88,-5528.0
214498488,-88,-5532.0
214508488,-88,-5536.0
214518496,-88,-5540.0
214528496,-88,-5544.0
214538500,-88,-5547.0
214548508,-88,-5551.0
214558508,-88,-5555.0
214568508,-88,-5559.0
214578512,-88,-5563.0
214588512,-88,-5567.0
214598512,-88,-5571.0
214608512,-88,-5575.0
214618516,-88,-5579.0
214628516,-88,-5583.0
214638516,-88,-5587.0
214648516,-88,-5591.0
214658520,-88,-5594.0
214668520,-88,-5598.0
214678520,-88,-5602.0
214688528,-88,-5606.0
214698536,-88,-5610.0
214708540,-88,-5614.0
214718540,-88,-5618.0
214728540,-88,-5622.0
214738548,-88,-5626.0
214748552,-88,-5630.0
214758552,-88,-5634.0
214768560,-88,-5638.0
214778560,-88,-5642.0
214788564,-88,-5645.0
214798564,-88,-5649.0
214808572,-88,-5653.0
214818572,-88,-5657.0
214828572,-88,-5661.0
214838576,-88,-5665.0
214848584,-88,-5669.0
214858584,-88,-5673.0
214868584,-88,-5677.0
214878584,-88,-5681.0
214888584,-88,-5685.0
214898584,-88,-5689.0
214908588,-212,-5692.0
214918588,-212,-5698.0
214928588,-212,-5705.0
214938596,-212,-5713.0
214948604,-212,-5721.0
214958608,-212,-5730.0
214968608,-212,-5740.0
214978616,-212,-5749.0
214988620,-212,-5758.0
214998620,-212,-5768.0
215008620,-212,-5777.0
215018624,-212,-5787.0
215028624,-212,-5796.0
215038632,-212,-5806.0
215048632,-212,-5815.0
215058636,-212,-5825.0
215068640,-212,-5834.0
215078648,-212,-5844.0
215088652,-212,-5854.0
215098660,-212,-5863.0
215108664,-212,-5873.0
215118672,-212,-5882.0
215128676,-212,-5892.0
215138676,-212,-5901.0
215148680,-212,-5911.0
215158688,-212,-5920.0
215168692,-212,-5930.0
215178704,-212,-5940.0
215188708,-212,-5949.0
215198716,-212,-5959.0
215208724,-212,-5968.0
215218728,-212,-5978.0
215228728,-212,-5987.0
215238732,-212,-5997.0
215248740,-212,-6006.0
215258744,-212,-6016.0
215268744,-212,-6025.0
215278752,-212,-6035.0
215288756,-212,-6045.0
215298764,-212,-6054.0
215308764,-212,-6064.0
215318768,-212,-6073.0
215328776,-212,-6083.0
215338780,-212,-6092.0
215348788,-212,-6102.0
215358788,-212,-6111.0
215368796,-212,-6121.0
215378800,-212,-6130.0
215388808,-212,-6140.0
215398816,-212,-6150.0
215408824,-212,-6159.0
215418828,-212,-6169.0
215428836,-212,-6178.0
215438840,-212,-6188.0
215448840,-212,-6197.0
215458840,-212,-6207.0
215468844,-212,-6216.0
215478848,-212,-6226.0
215488848,-212,-6236.0
215498856,-212,-6245.0
215508860,-212,-6255.0
215518868,-212,-6264.0
215528868,-212,-6274.0
215538876,-212,-6283.0
215548884,-212,-6293.0
215558892,-212,-6302.0
215568896,-212,-6312.0
215578896,-212,-6321.0
215588904,-212,-6331.0
215598908,-212,-6341.0
215608908,79,-6350.0
215618916,79,-6356.0
215628920,79,-6358.0
215638928,79,-6357.0
215648932,79,-6355.0
215658932,79,-6353.0
215668936,79,-6350.0
215678940,79,-6347.0
215688948,79,-6343.0
215698952,79,-6340.0
215708960,79,-6336.0
215718964,79,-6333.0
215728968,79,-6329.0
215738972,79,-6326.0
215748972,79,-6322.0
215758976,79,-6318.0
215768980,79,-6315.0
215778984,79,-6311.0
215788984,79,-6308.0
215798988,79,-6304.0
215808992,79,-6300.0
215818996,79,-6297.0
215829000,79,-6293.0
215839000,79,-6290.0
215849004,79,-6286.0
215859008,79,-6283.0
215869012,79,-6279.0
215879012,79,-6275.0
215889016,79,-6272.0
215899020,79,-6268.0
215909028,79,-6265.0
215919036,79,-6261.0
215929044,79,-6257.0
215939048,79,-6254.0
215949052,79,-6250.0
215959056,79,-6247.0
215969056,79,-6243.0
215979060,79,-6240.0
215989064,79,-6236.0
215999068,79,-6232.0
216009072,79,-6229.0
216019076,79,-6225.0
216029080,79,-6222.0
216039084,79,-6218.0
216049092,79,-6215.0
216059096,79,-6211.0
216069100,79,-6207.0
216079104,79,-6204.0
216089108,79,-6200.0
216099108,79,-6197.0
216109112,79,-6193.0
216119116,79,-6189.0
216129120,79,-6186.0
216139128,79,-6182.0
216149132,79,-6179.0
216159136,79,-6175.0
216169144,79,-6172.0
216179152,79,-6168.0
216189156,79,-6164.0
216199160,79,-6161.0
216209164,79,-6157.0
216219168,79,-6154.0
216229168,79,-6150.0
216239172,79,-6146.0
216249176,79,-6143.0
216259184,79,-6139.0
216269184,79,-6136.0
216279184,79,-6132.0
216289188,79,-6129.0
216299192,79,-6125.0
216309200,116,-6121.0
216319200,116,-6117.0
216329204,116,-6113.0
216339208,116,-6108.0
216349208,116,-6103.0
216359212,116,-6098.0
216369216,116,-6093.0
216379216,116,-6087.0
216389216,116,-6082.0
216399220,116,-6077.0
216409224,116,-6072.0
216419224,116,-6067.0
216429228,116,-6061.0
216439232,116,-6056.0
216449236,116,-6051.0
216459236,116,-6046.0
216469236,116,-6040.0
216479240,116,-6035.0
216489244,116,-6030.0
216499248,116,-6025.0
216509248,116,-6019.0
216519248,116,-6014.0
216529256,116,-6009.0
216539256,116,-6004.0
216549256,116,-5998.0
216559260,116,-5993.0
216569260,116,-5988.0
216579260,116,-5983.0
216589264,116,-5977.0
216599264,116,-5972.0
216609264,116,-5967.0
216619272,116,-5962.0
216629272,116,-5956.0
216639276,116,-5951.0
216649280,116,-5946.0
216659284,116,-5941.0
216669288,116,-5935.0
216679288,116,-5930.0
216689288,116,-5925.0
216699296,116,-5920.0
216709296,116,-5914.0
216719296,116,-5909.0
216729300,116,-5904.0
216739304,116,-5899.0
216749312,116,-5893.0
216759312,116,-5888.0
216769316,116,-5883.0
216779320,116,-5878.0
216789324,116,-5872.0
216799328,116,-5867.0
216809332,116,-5862.0
216819332,116,-5857.0
216829340,116,-5851.0
216839344,116,-5846.0
216849344,116,-5841.0
216859348,116,-5836.0
216869352,116,-5830.0
216879356,116,-5825.0
216889360,116,-5820.0
216899364,116,-5815.0
216909364,116,-5809.0
216919372,116,-5804.0
216929376,116,-5799.0
216939376,116,-5794.0
216949380,116,-5788.0
216959384,116,-5783.0
216969388,116,-5778.0
216979392,116,-5773.0
216989392,116,-5767.0
216999404,116,-5762.0
217009412,-226,-5757.0
217019412,-226,-5756.0
217029412,-226,-5760.0
217039420,-226,-5767.0
217049424,-226,-5774.0
217059432,-226,-5783.0
217069436,-226,-5792.0
217079436,-226,-5802.0
217089436,-226,-5812.0
217099440,-226,-5822.0
217109444,-226,-5832.0
217119448,-226,-5842.0
217129456,-226,-5852.0
217139456,-226,-5862.0
217149460,-226,-5872.0
217159464,-226,-5882.0
217169472,-226,-5893.0
217179472,-226,-5903.0
217189476,-226,-5913.0
217199476,-226,-5923.0
217209480,-226,-5933.0
217219480,-226,-5943.0
217229488,-226,-5954.0
217239492,-226,-5964.0
217249500,-226,-5974.0
217259508,-226,-5984.0
217269508,-226,-5994.0
217279516,-226,-6004.0
217289520,-226,-6015.0
217299528,-226,-6025.0
217309528,-226,-6035.0
217319532,-226,-6045.0
217329540,-226,-6055.0
217339548,-226,-6065.0
217349548,-226,-6076.0
217359552,-226,-6086.0
217369560,-226,-6096.0
217379568,-226,-6106.0
217389576,-226,-6116.0
217399576,-226,-6126.0
217409580,-226,-6137.0
217419580,-226,-6147.0
217429584,-226,-6157.0
217439588,-226,-6167.0
217449596,-226,-6177.0
217459604,-226,-6187.0
217469608,-226,-6198.0
217479608,-226,-6208.0
217489608,-226,-6218.0
217499612,-226,-6228.0
217509620,-226,-6238.0
217519628,-226,-6249.0
217529628,-226,-6259.0
217539632,-226,-6269.0
217549640,-226,-6279.0
217559648,-226,-6289.0
217569648,-226,-6299.0
217579656,-226,-6310.0
217589664,-226,-6320.0
217599672,-226,-6330.0
217609672,-226,-6340.0
217619680,-226,-6350.0
217629684,-226,-6360.0
217639688,-226,-6371.0
217649692,-226,-6381.0
217659692,-226,-6391.0
217669700,-226,-6401.0
217679704,-226,-6411.0
217689708,-226,-6421.0
217699716,-226,-6432.0
217709720,-130,-6442.0
217719728,-130,-6451.0
217729732,-130,-6459.0
217739732,-130,-6466.0
217749740,-130,-6473.0
217759748,-130,-6479.0
217769756,-130,-6485.0
217779760,-130,-6491.0
217789764,-130,-6497.0
217799768,-130,-6503.0
217809768,-130,-6509.0
217819776,-130,-6515.0
217829776,-130,-6521.0
217839784,-130,-6527.0
217849784,-130,-6533.0
217859792,-130,-6539.0
217869800,-130,-6545.0
217879800,-130,-6551.0
217889800,-130,-6557.0
217899808,-130,-6563.0
217909816,-130,-6569.0
217919816,-130,-6574.0
217929824,-130,-6580.0
217939832,-130,-6586.0
217949836,-130,-6592.0
217959840,-130,-6598.0
217969848,-130,-6604.0
217979852,-130,-6610.0
217989852,-130,-6616.0
217999860,-130,-6622.0
218009860,-130,-6628.0
218019868,-130,-6634.0
218029876,-130,-6640.0
218039884,-130,-6646.0
218049884,-130,-6652.0
218059892,-130,-6658.0
218069892,-130,-6664.0
218079900,-130,-6670.0
218089904,-130,-6676.0
218099912,-130,-6682.0
218109920,-130,-6688.0
218119928,-130,-6694.0
218129936,-130,-6700.0
218139936,-130,-6706.0
218149936,-130,-6712.0
218159944,-130,-6718.0
218169944,-130,-6724.0
218179944,-130,-6730.0
218189952,-130,-6736.0
218199960,-130,-6742.0
218209960,-130,-6748.0
218219960,-130,-6754.0
218229960,-130,-6760.0
218239968,-130,-6766.0
218249968,-130,-6771.0
218259976,-130,-6777.0
218269976,-130,-6783.0
218279976,-130,-6789.0
218289984,-130,-6795.0
218299992,-130,-6801.0
218309992,-130,-6807.0
218319992,-130,-6813.0
218330000,-130,-6819.0
218340008,-130,-6825.0
218350008,-130,-6831.0
218360008,-130,-6837.0
218370016,-130,-6843.0
218380020,-130,-6849.0
218390020,-130,-6855.0
218400020,-130,-6861.0
218410028,247,-6867.0
218420032,247,-6866.0
218430032,247,-6862.0
218440036,247,-6854.0
218450036,247,-6846.0
218460044,247,-6836.0
218470052,247,-6826.0
218480052,247,-6815.0
218490052,247,-6805.0
218500060,247,-6794.0
218510068,247,-6783.0
218520076,247,-6772.0
218530080,247,-6761.0
218540084,247,-6749.0
218550084,247,-6738.0
218560092,247,-6727.0
218570092,247,-6716.0
218580100,247,-6705.0
218590104,247,-6693.0
218600104,247,-6682.0
218610104,247,-6671.0
218620112,247,-6659.0
218630120,247,-6648.0
218640128,247,-6637.0
218650136,247,-6626.0
218660136,247,-6614.0
218670144,247,-6603.0
218680152,247,-6592.0
218690160,247,-6581.0
218700160,247,-6569.0
218710168,247,-6558.0
218720176,247,-6547.0
218730184,247,-6535.0
218740184,247,-6524.0
218750192,247,-6513.0
218760200,247,-6502.0
218770204,247,-6490.0
218780204,247,-6479.0
218790204,247,-6468.0
218800212,247,-6456.0
218810220,247,-6445.0
218820228,247,-6434.0
218830228,247,-6423.0
218840236,247,-6411.0
218850240,247,-6400.0
218860240,247,-6389.0
218870248,247,-6377.0
218880252,247,-6366.0
218890256,247,-6355.0
218900256,247,-6344.0
218910260,247,-6332.0
218920264,247,-6321.0
218930264,247,-6310.0
218940272,247,-6299.0
218950280,247,-6287.0
218960280,247,-6276.0
218970280,247,-6265.0
218980284,247,-6253.0
218990284,247,-6242.0
219000284,247,-6231.0
219010284,247,-6220.0
219020292,247,-6208.0
219030292,247,-6197.0
219040292,247,-6186.0
219050292,247,-6174.0
219060300,247,-6163.0
219070308,247,-6152.0
219080308,247,-6141.0
219090312,247,-6129.0
219100320,247,-6118.0
219110320,-254,-6107.0
219120320,-254,-6103.0
219130324,-254,-6105.0
219140324,-254,-6111.0
219150332,-254,-6119.0
219160340,-254,-6128.0
219170344,-254,-6138.0
219180344,-254,-6149.0
219190352,-254,-6160.0
219200360,-254,-6171.0
219210364,-254,-6182.0
219220364,-254,-6193.0
219230368,-254,-6205.0
219240372,-254,-6216.0
219250376,-254,-6228.0
219260380,-254,-6239.0
219270384,-254,-6250.0
219280392,-254,-6262.0
219290396,-254,-6273.0
219300400,-254,-6285.0
219310400,-254,-6296.0
219320416,-254,-6308.0
219330420,-254,-6319.0
219340420,-254,-6330.0
219350420,-254,-6342.0
219360428,-254,-6353.0
219370432,-254,-6365.0
219380440,-254,-6376.0
219390448,-254,-6388.0
219400448,-254,-6399.0
219410452,-254,-6410.0
219420460,-254,-6422.0
219430464,-254,-6433.0
219440472,-254,-6445.0
219450480,-254,-6456.0
219460484,-254,-6468.0
219470488,-254,-6479.0
219480488,-254,-6491.0
219490492,-254,-6502.0
219500500,-254,-6513.0
219510504,-254,-6525.0
219520512,-254,-6536.0
219530512,-254,-6548.0
219540516,-254,-6559.0
219550524,-254,-6571.0
219560528,-254,-6582.0
219570536,-254,-6594.0
219580540,-254,-6605.0
219590548,-254,-6616.0
219600552,-254,-6628.0
219610552,-254,-6639.0
219620556,-254,-6651.0
219630560,-254,-6662.0
219640564,-254,-6674.0
219650572,-254,-6685.0
219660580,-254,-6697.0
219670584,-254,-6708.0
219680592,-254,-6719.0
219690596,-254,-6731.0
219700596,-254,-6742.0
219710600,-254,-6754.0
219720604,-254,-6765.0
219730608,-254,-6777.0
219740608,-254,-6788.0
219750616,-254,-6800.0
219760620,-254,-6811.0
219770624,-254,-6822.0
219780632,-254,-6834.0
219790632,-254,-6845.0
219800636,-254,-6857.0
219810644,124,-6868.0
219820648,124,-6874.0
219830648,124,-6874.0
219840652,124,-6873.0
219850656,124,-6869.0
219860660,124,-6865.0
219870668,124,-6860.0
219880672,124,-6854.0
219890672,124,-6849.0
219900676,124,-6844.0
219910680,124,-6838.0
219920688,124,-6833.0
219930688,124,-6827.0
219940692,124,-6821.0
219950692,124,-6816.0
219960692,124,-6810.0
219970692,124,-6805.0
219980696,124,-6799.0
219990696,124,-6793.0
220000696,124,-6788.0
220010696,124,-6782.0
220020700,124,-6777.0
220030704,124,-6771.0
220040708,124,-6765.0
220050712,124,-6760.0
220060716,124,-6754.0
220070716,124,-6748.0
220080720,124,-6743.0
220090728,124,-6737.0
220100728,124,-6732.0
220110732,124,-6726.0
220120736,124,-6720.0
220130740,124,-6715.0
220140744,124,-6709.0
220150748,124,-6704.0
220160752,124,-6698.0
220170752,124,-6692.0
220180760,124,-6687.0
220190760,124,-6681.0
220200764,124,-6675.0
220210764,124,-6670.0
220220772,124,-6664.0
220230772,124,-6659.0
220240772,124,-6653.0
220250772,124,-6647.0
220260780,124,-6642.0
220270780,124,-6636.0
220280784,124,-6631.0
220290784,124,-6625.0
220300784,124,-6619.0
220310792,124,-6614.0
220320796,124,-6608.0
220330796,124,-6602.0
220340796,124,-6597.0
220350804,124,-6591.0
220360804,124,-6586.0
220370808,124,-6580.0
220380808,124,-6574.0
220390812,124,-6569.0
220400812,124,-6563.0
220410812,124,-6558.0
220420812,124,-6552.0
220430824,124,-6546.0
220440832,124,-6541.0
220450832,124,-6535.0
220460832,124,-6530.0
220470836,124,-6524.0
220480840,124,-6518.0
220490840,124,-6513.0
220500840,124,-6507.0
220510844,-129,-6502.0
220520848,-129,-6501.0
220530848,-129,-6503.0
220540848,-129,-6506.0
220550856,-129,-6511.0
220560856,-129,-6516.0
220570856,-129,-6521.0
220580864,-129,-6526.0
220590872,-129,-6532.0
220600880,-129,-6538.0
220610884,-129,-6543.0
220620892,-129,-6549.0
220630896,-129,-6555.0
220640896,-129,-6561.0
220650900,-129,-6566.0
220660908,-129,-6572.0
220670916,-129,-6578.0
220680916,-129,-6584.0
220690924,-129,-6590.0
220700928,-129,-6595.0
220710936,-129,-6601.0
220720944,-129,-6607.0
220730952,-129,-6613.0
220740956,-129,-6618.0
220750956,-129,-6624.0
220760956,-129,-6630.0
220770964,-129,-6636.0
220780968,-129,-6642.0
220790976,-129,-6647.0
220800976,-129,-6653.0
220810980,-129,-6659.0
220820988,-129,-6665.0
220830988,-129,-6670.0
220840988,-129,-6676.0
220850996,-129,-6682.0
220861004,-129,-6688.0
220871004,-129,-6694.0
220881004,-129,-6699.0
220891012,-129,-6705.0
220901020,-129,-6711.0
220911024,-129,-6717.0
220921024,-129,-6722.0
220931032,-129,-6728.0
220941040,-129,-6734.0
220951048,-129,-6740.0
220961048,-129,-6746.0
220971048,-129,-6751.0
220981056,-129,-6757.0
220991064,-129,-6763.0
221001064,-129,-6769.0
221011064,-129,-6775.0
221021064,-129,-6780.0
221031072,-129,-6786.0
221041072,-129,-6792.0
221051072,-129,-6798.0
221061072,-129,-6803.0
221071080,-129,-6809.0
221081080,-129,-6815.0
221091084,-129,-6821.0
221101092,-129,-6827.0
221111092,-129,-6832.0
221121092,-129,-6838.0
221131092,-129,-6844.0
221141092,-129,-6850.0
221151092,-129,-6855.0
221161092,-129,-6861.0
221171096,-129,-6867.0
221181096,-129,-6873.0
221191096,-129,-6878.0
221201104,-129,-6884.0
221211112,-150,-6890.0
221221112,-150,-6896.0
221231112,-150,-6903.0
221241120,-150,-6909.0
221251128,-150,-6916.0
221261128,-150,-6922.0
221271128,-150,-6929.0
221281132,-150,-6936.0
221291132,-150,-6942.0
221301136,-150,-6949.0
221311144,-150,-6956.0
221321152,-150,-6963.0
221331160,-150,-6969.0
221341160,-150,-6976.0
221351160,-150,-6983.0
221361160,-150,-6989.0
221371168,-150,-6996.0
221381168,-150,-7003.0
221391172,-150,-7010.0
221401180,-150,-7016.0
221411180,-150,-7023.0
221421180,-150,-7030.0
221431184,-150,-7036.0
221441192,-150,-7043.0
221451200,-150,-7050.0
221461208,-150,-7057.0
221471216,-150,-7063.0
221481216,-150,-7070.0
221491216,-150,-7077.0
221501220,-150,-7084.0
221511220,-150,-7090.0
221521224,-150,-7097.0
221531232,-150,-7104.0
221541232,-150,-7110.0
221551240,-150,-7117.0
221561244,-150,-7124.0
221571252,-150,-7131.0
221581252,-150,-7137.0
221591260,-150,-7144.0
221601268,-150,-7151.0
221611272,-150,-7157.0
221621280,-150,-7164.0
221631288,-150,-7171.0
221641296,-150,-7178.0
221651300,-150,-7184.0
221661308,-150,-7191.0
221671316,-150,-7198.0
221681316,-150,-7204.0
221691316,-150,-7211.0
221701316,-150,-7218.0
221711324,-150,-7225.0
221721332,-150,-7231.0
221731332,-150,-7238.0
221741332,-150,-7245.0
221751332,-150,-7251.0
221761332,-150,-7258.0
221771340,-150,-7265.0
221781340,-150,-7272.0
221791340,-150,-7278.0
221801340,-150,-7285.0
221811344,-150,-7292.0
221821348,-150,-7298.0
221831348,-150,-7305.0
221841348,-150,-7312.0
221851356,-150,-7319.0
221861364,-150,-7325.0
221871364,-150,-7332.0
221881364,-150,-7339.0
221891364,-150,-7345.0
221901372,-150,-7352.0
221911376,197,-7358.0
221921380,197,-7358.0
221931388,197,-7355.0
221941388,197,-7349.0
221951388,197,-7342.0
221961388,197,-7334.0
221971392,197,-7326.0
221981392,197,-7317.0
221991404,197,-7309.0
222001408,197,-7300.0
222011412,197,-7291.0
222021412,197,-7283.0
222031412,197,-7274.0
222041416,197,-7265.0
222051416,197,-7256.0
222061416,197,-7247.0
222071416,197,-7238.0
222081420,197,-7229.0
222091420,197,-7220.0
222101420,197,-7211.0
222111420,197,-7202.0
222121424,197,-7193.0
222131424,197,-7184.0
222141424,197,-7175.0
222151428,197,-7166.0
222161428,197,-7157.0
222171436,197,-7148.0
222181436,197,-7139.0
222191436,197,-7130.0
222201436,197,-7121.0
222211444,197,-7112.0
222221444,197,-7104.0
222231452,197,-7095.0
222241452,197,-7086.0
222251456,197,-7077.0
222261456,197,-7068.0
222271456,197,-7059.0
222281456,197,-7050.0
222291456,197,-7041.0
222301456,197,-7032.0
222311460,197,-7023.0
222321460,197,-7014.0
222331460,197,-7005.0
222341464,197,-6996.0
222351464,197,-6987.0
222361464,197,-6978.0
222371468,197,-6969.0
222381472,197,-6960.0
222391472,197,-6951.0
222401472,197,-6942.0
222411476,197,-6933.0
222421488,197,-6924.0
222431492,197,-6916.0
222441492,197,-6907.0
222451492,197,-6898.0
222461492,197,-6889.0
222471496,197,-6880.0
222481496,197,-6871.0
222491496,197,-6862.0
222501496,197,-6853.0
222511500,197,-6844.0
222521500,197,-6835.0
222531500,197,-6826.0
222541500,197,-6817.0
222551504,197,-6808.0
222561504,197,-6799.0
222571504,197,-6790.0
222581508,197,-6781.0
222591508,197,-6772.0
222601512,197,-6763.0
222611512,188,-6754.0
222621516,188,-6746.0
222631516,188,-6737.0
222641520,188,-6728.0
222651520,188,-6719.0
222661520,188,-6711.0
222671520,188,-6702.0
222681528,188,-6693.0
222691528,188,-6685.0
222701528,188,-6676.0
222711532,188,-6668.0
222721532,188,-6659.0
222731544,188,-6650.0
222741544,188,-6642.0
222751544,188,-6633.0
222761544,188,-6625.0
222771548,188,-6616.0
222781548,188,-6608.0
222791548,188,-6599.0
222801552,188,-6590.0
222811556,188,-6582.0
222821556,188,-6573.0
222831556,188,-6565.0
222841556,188,-6556.0
222851568,188,-6548.0
222861568,188,-6539.0
222871568,188,-6530.0
222881568,188,-6522.0
222891576,188,-6513.0
222901580,188,-6505.0
222911588,188,-6496.0
222921588,188,-6488.0
222931588,188,-6479.0
222941592,188,-6470.0
222951592,188,-6462.0
222961600,188,-6453.0
222971600,188,-6445.0
222981608,188,-6436.0
222991612,188,-6428.0
223001620,188,-6419.0
223011628,188,-6410.0
223021628,188,-6402.0
223031628,188,-6393.0
223041632,188,-6385.0
223051632,188,-6376.0
223061632,188,-6368.0
223071636,188,-6359.0
223081636,188,-6350.0
223091636,188,-6342.0
223101636,188,-6333.0
223111644,188,-6325.0
223121644,188,-6316.0
223131644,188,-6308.0
223141644,188,-6299.0
223151644,188,-6290.0
223161652,188,-6282.0
223171652,188,-6273.0
223181652,188,-6265.0
223191652,188,-6256.0
223201656,188,-6248.0
223211656,188,-6239.0
223221656,188,-6230.0
223231660,188,-6222.0
223241664,188,-6213.0
223251664,188,-6205.0
223261664,188,-6196.0
223271672,188,-6187.0
223281676,188,-6179.0
223291680,188,-6170.0
223301680,188,-6162.0
223311680,-152,-6154.0
223321680,-152,-6152.0
223331684,-152,-6154.0
223341684,-152,-6158.0
223351684,-152,-6163.0
223361684,-152,-6169.0
223371688,-152,-6175.0
223381696,-152,-6181.0
223391704,-152,-6188.0
223401704,-152,-6195.0
223411704,-152,-6201.0
223421704,-152,-6208.0
223431704,-152,-6215.0
223441704,-152,-6222.0
223451712,-152,-6229.0
223461716,-152,-6236.0
223471716,-152,-6242.0
223481716,-152,-6249.0
223491724,-152,-6256.0
223501724,-152,-6263.0
223511724,-152,-6270.0
223521724,-152,-6277.0
223531732,-152,-6283.0
223541740,-152,-6290.0
223551744,-152,-6297.0
223561744,-152,-6304.0
223571744,-152,-6311.0
223581744,-152,-6318.0
223591748,-152,-6324.0
223601748,-152,-6331.0
223611756,-152,-6338.0
223621756,-152,-6345.0
223631760,-152,-6352.0
223641760,-152,-6359.0
223651768,-152,-6365.0
223661768,-152,-6372.0
223671772,-152,-6379.0
223681780,-152,-6386.0
223691780,-152,-6393.0
223701780,-152,-6399.0
223711780,-152,-6406.0
223721780,-152,-6413.0
223731780,-152,-6420.0
223741788,-152,-6427.0
223751788,-152,-6434.0
223761788,-152,-6440.0
223771788,-152,-6447.0
223781796,-152,-6454.0
223791796,-152,-6461.0
223801796,-152,-6468.0
223811796,-152,-6475.0
223821796,-152,-6481.0
223831804,-152,-6488.0
223841812,-152,-6495.0
223851812,-152,-6502.0
223861812,-152,-6509.0
223871820,-152,-6516.0
223881820,-152,-6522.0
223891824,-152,-6529.0
223901824,-152,-6536.0
223911832,-152,-6543.0
223921832,-152,-6550.0
223931836,-152,-6557.0
223941836,-152,-6563.0
223951836,-152,-6570.0
223961844,-152,-6577.0
223971844,-152,-6584.0
223981844,-152,-6591.0
223991844,-152,-6597.0
224001844,-152,-6604.0
224011844,136,-6610.0
224021852,136,-6612.0
224031856,136,-6611.0
224041860,136,-6607.0
224051860,136,-6602.0
224061864,136,-6597.0
224071868,136,-6592.0
224081868,136,-6586.0
224091868,136,-6580.0
224101868,136,-6573.0
224111876,136,-6567.0
224121880,136,-6561.0
224131880,136,-6555.0
224141880,136,-6549.0
224151888,136,-6543.0
224161888,136,-6537.0
224171888,136,-6530.0
224181888,136,-6524.0
224191892,136,-6518.0
224201896,136,-6512.0
224211900,136,-6506.0
224221900,136,-6500.0
224231912,136,-6493.0
224241920,136,-6487.0
224251920,136,-6481.0
224261920,136,-6475.0
224271920,136,-6469.0
224281928,136,-6463.0
224291928,136,-6456.0
224301928,136,-6450.0
224311928,136,-6444.0
224321936,136,-6438.0
224331936,136,-6432.0
224341936,136,-6426.0
224351936,136,-6419.0
224361944,136,-6413.0
224371944,136,-6407.0
224381944,136,-6401.0
224391944,136,-6395.0
224401948,136,-6389.0
224411952,136,-6382.0
224421956,136,-6376.0
224431960,136,-6370.0
224441964,136,-6364.0
224451972,136,-6358.0
224461972,136,-6352.0
224471976,136,-6345.0
224481976,136,-6339.0
224491984,136,-6333.0
224501984,136,-6327.0
224511988,136,-6321.0
224521992,136,-6315.0
224531992,136,-6308.0
224542000,136,-6302.0
224552004,136,-6296.0
224562004,136,-6290.0
224572008,136,-6284.0
224582012,136,-6278.0
224592016,136,-6271.0
224602016,136,-6265.0
224612020,136,-6259.0
224622024,136,-6253.0
224632028,136,-6247.0
224642032,136,-6241.0
224652032,136,-6234.0
224662032,136,-6228.0
224672032,136,-6222.0
224682032,136,-6216.0
224692032,136,-6210.0
224702036,136,-6204.0
224712044,149,-6197.0
224722044,149,-6191.0
224732044,149,-6184.0
224742048,149,-6178.0
224752056,149,-6171.0
224762056,149,-6164.0
224772060,149,-6158.0
224782060,149,-6151.0
224792064,149,-6144.0
224802072,149,-6138.0
224812072,149,-6131.0
224822072,149,-6124.0
224832072,149,-6117.0
224842080,149,-6111.0
224852080,149,-6104.0
224862080,149,-6097.0
224872080,149,-6090.0
224882084,149,-6084.0
224892084,149,-6077.0
224902084,149,-6070.0
224912088,149,-6063.0
224922088,149,-6057.0
224932092,149,-6050.0
224942096,149,-6043.0
224952096,149,-6036.0
224962096,149,-6029.0
224972104,149,-6023.0
224982104,149,-6016.0
224992108,149,-6009.0
225002108,149,-6002.0
225012116,149,-5996.0
225022116,149,-5989.0
225032120,149,-5982.0
225042120,149,-5975.0
225052136,149,-5969.0
225062140,149,-5962.0
225072144,149,-5955.0
225082148,149,-5948.0
225092148,149,-5942.0
225102156,149,-5935.0
225112160,149,-5928.0
225122160,149,-5921.0
225132164,149,-5914.0
225142168,149,-5908.0
225152172,149,-5901.0
225162172,149,-5894.0
225172176,149,-5887.0
225182188,149,-5881.0
225192196,149,-5874.0
225202200,149,-5867.0
225212200,149,-5860.0
225222204,149,-5854.0
225232212,149,-5847.0
225242212,149,-5840.0
225252216,149,-5833.0
225262220,149,-5826.0
225272228,149,-5820.0
225282232,149,-5813.0
225292240,149,-5806.0
225302240,149,-5800.0
225312240,149,-5793.0
225322244,149,-5786.0
225332252,149,-5779.0
225342252,149,-5772.0
225352252,149,-5766.0
225362256,149,-5759.0
225372256,149,-5752.0
225382260,149,-5745.0
225392260,149,-5739.0
225402268,149,-5732.0
225412268,173,-5725.0
225422268,173,-5718.0
225432268,173,-5710.0
225442284,173,-5703.0
225452288,173,-5695.0
225462296,173,-5687.0
225472296,173,-5679.0
225482304,173,-5672.0
225492308,173,-5664.0
225502308,173,-5656.0
225512308,173,-5648.0
225522308,173,-5640.0
225532312,173,-5632.0
225542312,173,-5624.0
225552320,173,-5616.0
225562320,173,-5609.0
225572332,173,-5601.0
225582336,173,-5593.0
225592336,173,-5585.0
225602336,173,-5577.0
225612344,173,-5569.0
225622348,173,-5561.0
225632348,173,-5553.0
225642348,173,-5546.0
225652348,173,-5538.0
225662352,173,-5530.0
225672352,173,-5522.0
225682360,173,-5514.0
225692360,173,-5506.0
225702364,173,-5498.0
225712364,173,-5490.0
225722372,173,-5482.0
225732372,173,-5475.0
225742372,173,-5467.0
225752376,173,-5459.0
225762376,173,-5451.0
225772376,173,-5443.0
225782376,173,-5435.0
225792380,173,-5427.0
225802388,173,-5419.0
225812388,173,-5412.0
225822388,173,-5404.0
225832392,173,-5396.0
225842392,173,-5388.0
225852392,173,-5380.0
225862392,173,-5372.0
225872396,173,-5364.0
225882400,173,-5356.0
225892400,173,-5349.0
225902400,173,-5341.0
225912400,173,-5333.0
225922404,173,-5325.0
225932412,173,-5317.0
225942412,173,-5309.0
225952412,173,-5301.0
225962416,173,-5293.0
225972424,173,-5285.0
225982424,173,-5278.0
225992424,173,-5270.0
226002424,173,-5262.0
226012428,173,-5254.0
226022436,173,-5246.0
226032436,173,-5238.0
226042436,173,-5230.0
226052440,173,-5222.0
226062448,173,-5214.0
226072448,173,-5207.0
226082448,173,-5199.0
226092452,173,-5191.0
226102452,173,-5183.0
226112452,246,-5175.0
226122460,246,-5166.0
226132468,246,-5156.0
226142468,246,-5146.0
226152476,246,-5135.0
226162484,246,-5124.0
226172492,246,-5113.0
226182492,246,-5102.0
226192500,246,-5091.0
226202508,246,-5080.0
226212516,246,-5069.0
226222516,246,-5057.0
226232516,246,-5046.0
226242524,246,-5035.0
226252532,246,-5024.0
226262540,246,-5013.0
226272544,246,-5001.0
226282552,246,-4990.0
226292560,246,-4979.0
226302568,246,-4968.0
226312568,246,-4956.0
226322576,246,-4945.0
226332584,246,-4934.0
226342592,246,-4923.0
226352592,246,-4911.0
226362592,246,-4900.0
226372600,246,-4889.0
226382608,246,-4878.0
226392612,246,-4866.0
226402616,246,-4855.0
226412624,246,-4844.0
226422632,246,-4833.0
226432640,246,-4821.0
226442640,246,-4810.0
226452644,246,-4799.0
226462644,246,-4788.0
226472652,246,-4776.0
226482652,246,-4765.0
226492652,246,-4754.0
226502660,246,-4743.0
226512668,246,-4732.0
226522676,246,-4720.0
226532676,246,-4709.0
226542676,246,-4698.0
226552684,246,-4687.0
226562692,246,-4675.0
226572692,246,-4664.0
226582700,246,-4653.0
226592708,246,-4642.0
226602712,246,-4630.0
226612712,246,-4619.0
226622712,246,-4608.0
226632712,246,-4597.0
226642720,246,-4585.0
226652728,246,-4574.0
226662728,246,-4563.0
226672736,246,-4552.0
226682744,246,-4540.0
226692752,246,-4529.0
226702756,246,-4518.0
226712764,246,-4507.0
226722772,246,-4495.0
226732780,246,-4484.0
226742788,246,-4473.0
226752792,246,-4462.0
226762800,246,-4450.0
226772808,246,-4439.0
226782816,246,-4428.0
226792816,246,-4417.0
226802816,246,-4405.0
226812816,-75,-4396.0
226822824,-75,-4391.0
226832828,-75,-4389.0
226842832,-75,-4389.0
226852832,-75,-4391.0
226862832,-75,-4394.0
226872832,-75,-4397.0
226882840,-75,-4400.0
226892840,-75,-4403.0
226902848,-75,-4406.0
226912848,-75,-4410.0
226922852,-75,-4413.0
226932852,-75,-4416.0
226942852,-75,-4420.0
226952852,-75,-4423.0
226962856,-75,-4426.0
226972856,-75,-4430.0
226982856,-75,-4433.0
226992856,-75,-4436.0
227002856,-75,-4440.0
227012864,-75,-4443.0
227022864,-75,-4446.0
227032864,-75,-4450.0
227042864,-75,-4453.0
227052872,-75,-4456.0
227062872,-75,-4460.0
227072872,-75,-4463.0
227082872,-75,-4466.0
227092880,-75,-4470.0
227102880,-75,-4473.0
227112880,-75,-4476.0
227122880,-75,-4480.0
227132888,-75,-4483.0
227142888,-75,-4486.0
227152888,-75,-4490.0
227162888,-75,-4493.0
227172888,-75,-4496.0
227182892,-75,-4500.0
227192892,-75,-4503.0
227202896,-75,-4506.0
227212896,-75,-4510.0
227222900,-75,-4513.0
227232900,-75,-4516.0
227242900,-75,-4520.0
227252900,-75,-4523.0
227262904,-75,-4526.0
227272904,-75,-4530.0
227282904,-75,-4533.0
227292908,-75,-4536.0
227302908,-75,-4539.0
227312912,-75,-4543.0
227322912,-75,-4546.0
227332916,-75,-4550.0
227342916,-75,-4553.0
227352920,-75,-4556.0
227362920,-75,-4560.0
227372920,-75,-4563.0
227382920,-75,-4566.0
227392924,-75,-4569.0
227402924,-75,-4573.0
227412924,-75,-4576.0
227422924,-75,-4579.0
227432936,-75,-4583.0
227442940,-75,-4586.0
227452940,-75,-4589.0
227462940,-75,-4593.0
227472940,-75,-4596.0
227482944,-75,-4599.0
227492948,-75,-4603.0
227502948,-75,-4606.0
227512948,86,-4609.0
227522948,86,-4608.0
227532956,86,-4606.0
227542960,86,-4604.0
227552972,86,-4600.0
227562972,86,-4597.0
227572976,86,-4593.0
227582980,86,-4590.0
227592988,86,-4586.0
227602988,86,-4582.0
227612988,86,-4578.0
227622992,86,-4574.0
227632996,86,-4570.0
227643000,86,-4566.0
227653008,86,-4563.0
227663012,86,-4559.0
227673016,86,-4555.0
227683024,86,-4551.0
227693036,86,-4547.0
227703036,86,-4543.0
227713044,86,-4539.0
227723048,86,-4536.0
227733052,86,-4532.0
227743052,86,-4528.0
227753056,86,-4524.0
227763056,86,-4520.0
227773060,86,-4516.0
227783060,86,-4512.0
227793064,86,-4509.0
227803068,86,-4505.0
227813072,86,-4501.0
227823076,86,-4497.0
227833076,86,-4493.0
227843080,86,-4489.0
227853080,86,-4485.0
227863084,86,-4482.0
227873092,86,-4478.0
227883096,86,-4474.0
227893100,86,-4470.0
227903104,86,-4466.0
227913104,86,-4462.0
227923108,86,-4458.0
227933112,86,-4455.0
227943116,86,-4451.0
227953132,86,-4447.0
227963140,86,-4443.0
227973144,86,-4439.0
227983148,86,-4435.0
227993152,86,-4431.0
228003152,86,-4428.0
228013156,86,-4424.0
228023160,86,-4420.0
228033164,86,-4416.0
228043164,86,-4412.0
228053168,86,-4408.0
228063172,86,-4404.0
228073176,86,-4401.0
228083180,86,-4397.0
228093180,86,-4393.0
228103184,86,-4389.0
228113188,86,-4385.0
228123188,86,-4381.0
228133188,86,-4378.0
228143192,86,-4374.0
228153196,86,-4370.0
228163200,86,-4366.0
228173208,86,-4362.0
228183212,86,-4358.0
228193212,86,-4354.0
228203216,86,-4350.0
228213216,160,-4346.0
228223216,160,-4341.0
228233220,160,-4335.0
228243220,160,-4329.0
228253220,160,-4322.0
228263224,160,-4315.0
228273228,160,-4308.0
228283228,160,-4301.0
228293228,160,-4293.0
228303232,160,-4286.0
228313236,160,-4279.0
228323236,160,-4271.0
228333236,160,-4264.0
228343244,160,-4257.0
228353244,160,-4250.0
228363244,160,-4242.0
228373244,160,-4235.0
228383244,160,-4228.0
228393248,160,-4220.0
228403248,160,-4213.0
228413248,160,-4206.0
228423248,160,-4199.0
228433252,160,-4191.0
228443256,160,-4184.0
228453256,160,-4177.0
228463268,160,-4169.0
228473272,160,-4162.0
228483276,160,-4155.0
228493276,160,-4148.0
228503276,160,-4140.0
228513276,160,-4133.0
228523284,160,-4126.0
228533284,160,-4118.0
228543284,160,-4111.0
228553288,160,-4104.0
228563292,160,-4097.0
228573292,160,-4089.0
228583292,160,-4082.0
228593292,160,-4075.0
228603296,160,-4068.0
228613296,160,-4060.0
228623296,160,-4053.0
228633296,160,-4046.0
228643308,160,-4038.0
228653312,160,-4031.0
228663316,160,-4024.0
228673316,160,-4017.0
228683316,160,-4009.0
228693320,160,-4002.0
228703320,160,-3995.0
228713324,160,-3987.0
228723324,160,-3980.0
228733332,160,-3973.0
228743332,160,-3966.0
228753332,160,-3958.0
228763336,160,-3951.0
228773340,160,-3944.0
228783340,160,-3936.0
228793344,160,-3929.0
228803344,160,-3922.0
228813344,160,-3915.0
228823352,160,-3907.0
228833352,160,-3900.0
228843352,160,-3893.0
228853352,160,-3885.0
228863360,160,-3878.0
228873360,160,-3871.0
228883364,160,-3864.0
228893364,160,-3856.0
228903368,160,-3849.0
228913368,-252,-3844.0
228923372,-252,-3844.0
228933380,-252,-3849.0
228943388,-252,-3857.0
228953388,-252,-3866.0
228963388,-252,-3876.0
228973392,-252,-3887.0
228983400,-252,-3897.0
228993400,-252,-3908.0
229003408,-252,-3919.0
229013412,-252,-3930.0
229023420,-252,-3942.0
229033420,-252,-3953.0
229043420,-252,-3964.0
229053424,-252,-3976.0
229063432,-252,-3987.0
229073440,-252,-3998.0
229083440,-252,-4010.0
229093448,-252,-4021.0
229103452,-252,-4032.0
229113460,-252,-4044.0
229123460,-252,-4055.0
229133468,-252,-4066.0
229143472,-252,-4078.0
229153480,-252,-4089.0
229163480,-252,-4100.0
229173484,-252,-4112.0
229183492,-252,-4123.0
229193500,-252,-4134.0
229203508,-252,-4146.0
229213508,-252,-4157.0
229223516,-252,-4168.0
229233520,-252,-4180.0
229243528,-252,-4191.0
229253536,-252,-4203.0
229263544,-252,-4214.0
229273552,-252,-4225.0
229283560,-252,-4237.0
229293568,-252,-4248.0
229303568,-252,-4259.0
229313576,-252,-4271.0
229323584,-252,-4282.0
229333592,-252,-4293.0
229343592,-252,-4305.0
229353592,-252,-4316.0
229363600,-252,-4327.0
229373608,-252,-4339.0
229383608,-252,-4350.0
229393612,-252,-4361.0
229403616,-252,-4373.0
229413624,-252,-4384.0
229423628,-252,-4395.0
229433628,-252,-4407.0
229443632,-252,-4418.0
229453636,-252,-4429.0
229463640,-252,-4441.0
229473640,-252,-4452.0
229483644,-252,-4464.0
229493648,-252,-4475.0
229503656,-252,-4486.0
229513656,-252,-4498.0
229523660,-252,-4509.0
229533664,-252,-4520.0
229543668,-252,-4532.0
229553676,-252,-4543.0
229563676,-252,-4554.0
229573680,-252,-4566.0
229583688,-252,-4577.0
229593692,-252,-4588.0
229603700,-252,-4600.0
229613708,185,-4609.0
229623712,185,-4612.0
229633716,185,-4610.0
229643724,185,-4606.0
229653724,185,-4600.0
229663724,185,-4593.0
229673728,185,-4585.0
229683728,185,-4578.0
229693732,185,-4570.0
229703732,185,-4562.0
229713740,185,-4553.0
229723740,185,-4545.0
229733748,185,-4537.0
229743748,185,-4528.0
229753748,185,-4520.0
229763748,185,-4511.0
229773752,185,-4503.0
229783752,185,-4495.0
229793752,185,-4486.0
229803752,185,-4478.0
229813752,185,-4469.0
229823756,185,-4461.0
229833760,185,-4453.0
229843760,185,-4444.0
229853760,185,-4436.0
229863764,185,-4427.0
229873764,185,-4419.0
229883764,185,-4410.0
229893764,185,-4402.0
229903768,185,-4394.0
229913768,185,-4385.0
229923768,185,-4377.0
229933768,185,-4368.0
229943772,185,-4360.0
229953772,185,-4351.0
229963772,185,-4343.0
229973772,185,-4335.0
229983772,185,-4326.0
229993780,185,-4318.0
230003780,185,-4309.0
230013780,185,-4301.0
230023780,185,-4292.0
230033784,185,-4284.0
230043784,185,-4276.0
230053784,185,-4267.0
230063784,185,-4259.0
230073788,185,-4250.0
230083788,185,-4242.0
230093788,185,-4233.0
230103788,185,-4225.0
230113788,185,-4217.0
230123792,185,-4208.0
230133796,185,-4200.0
230143804,185,-4191.0
230153808,185,-4183.0
230163812,185,-4174.0
230173812,185,-4166.0
230183812,185,-4158.0
230193816,185,-4149.0
230203820,185,-4141.0
230213820,185,-4132.0
230223820,185,-4124.0
230233820,185,-4115.0
230243824,185,-4107.0
230253828,185,-4099.0
230263828,185,-4090.0
230273832,185,-4082.0
230283832,185,-4073.0
230293836,185,-4065.0
230303836,185,-4056.0
230313840,-222,-4050.0
230323844,-222,-4050.0
230333848,-222,-4054.0
230343848,-222,-4061.0
230353856,-222,-4069.0
230363856,-222,-4077.0
230373872,-222,-4087.0
230383876,-222,-4096.0
230393884,-222,-4106.0
230403892,-222,-4115.0
230413896,-222,-4125.0
230423896,-222,-4135.0
230433900,-222,-4145.0
230443908,-222,-4155.0
230453912,-222,-4165.0
230463912,-222,-4175.0
230473916,-222,-4185.0
230483924,-222,-4195.0
230493928,-222,-4205.0
230503936,-222,-4215.0
230513944,-222,-4225.0
230523952,-222,-4235.0
230533956,-222,-4245.0
230543964,-222,-4255.0
230553964,-222,-4265.0
230563968,-222,-4275.0
230573972,-222,-4285.0
230583980,-222,-4295.0
230593980,-222,-4305.0
230603988,-222,-4315.0
230613996,-222,-4325.0
230624004,-222,-4335.0
230634008,-222,-4345.0
230644008,-222,-4355.0
230654012,-222,-4365.0
230664012,-222,-4375.0
230674016,-222,-4385.0
230684016,-222,-4395.0
230694024,-222,-4405.0
230704028,-222,-4415.0
230714032,-222,-4425.0
230724032,-222,-4435.0
230734036,-222,-4445.0
230744044,-222,-4455.0
230754048,-222,-4465.0
230764052,-222,-4475.0
230774052,-222,-4485.0
230784060,-222,-4495.0
230794064,-222,-4505.0
230804068,-222,-4515.0
230814068,-222,-4525.0
230824072,-222,-4535.0
230834080,-222,-4545.0
230844084,-222,-4555.0
230854084,-222,-4565.0
230864088,-222,-4575.0
230874092,-222,-4585.0
230884100,-222,-4595.0
230894104,-222,-4605.0
230904104,-222,-4615.0
230914108,-222,-4625.0
230924112,-222,-4635.0
230934120,-222,-4645.0
230944120,-222,-4655.0
230954124,-222,-4665.0
230964132,-222,-4675.0
230974136,-222,-4685.0
230984136,-222,-4695.0
230994144,-222,-4705.0
231004148,-222,-4715.0
231014148,-247,-4725.0
231024148,-247,-4735.0
231034156,-247,-4746.0
231044160,-247,-4757.0
231054168,-247,-4767.0
231064172,-247,-4778.0
231074180,-247,-4790.0
231084188,-247,-4801.0
231094192,-247,-4812.0
231104196,-247,-4823.0
231114204,-247,-4834.0
231124208,-247,-4845.0
231134212,-247,-4856.0
231144220,-247,-4867.0
231154224,-247,-4878.0
231164224,-247,-4889.0
231174228,-247,-4901.0
231184236,-247,-4912.0
231194240,-247,-4923.0
231204240,-247,-4934.0
231214244,-247,-4945.0
231224248,-247,-4956.0
231234252,-247,-4967.0
231244252,-247,-4978.0
231254256,-247,-4990.0
231264264,-247,-5001.0
231274268,-247,-5012.0
231284272,-247,-5023.0
231294272,-247,-5034.0
231304280,-247,-5045.0
231314284,-247,-5056.0
231324288,-247,-5067.0
231334288,-247,-5079.0
231344296,-247,-5090.0
231354300,-247,-5101.0
231364308,-247,-5112.0
231374316,-247,-5123.0
231384324,-247,-5134.0
231394328,-247,-5145.0
231404332,-247,-5156.0
231414340,-247,-5168.0
231424340,-247,-5179.0
231434340,-247,-5190.0
231444344,-247,-5201.0
231454348,-247,-5212.0
231464348,-247,-5223.0
231474356,-247,-5234.0
231484360,-247,-5245.0
231494364,-247,-5256.0
231504372,-247,-5268.0
231514380,-247,-5279.0
231524384,-247,-5290.0
231534392,-247,-5301.0
231544396,-247,-5312.0
231554396,-247,-5323.0
231564400,-247,-5334.0
231574408,-247,-5346.0
231584412,-247,-5357.0
231594412,-247,-5368.0
231604416,-247,-5379.0
231614420,-247,-5390.0
231624428,-247,-5401.0
231634432,-247,-5412.0
231644432,-247,-5423.0
231654440,-247,-5434.0
231664444,-247,-5446.0
231674448,-247,-5457.0
231684448,-247,-5468.0
231694452,-247,-5479.0
231704456,-247,-5490.0
231714460,-239,-5501.0
231724460,-239,-5512.0
231734468,-239,-5523.0
231744472,-239,-5534.0
231754480,-239,-5545.0
231764484,-239,-5556.0
231774484,-239,-5566.0
231784488,-239,-5577.0
231794496,-239,-5588.0
231804504,-239,-5599.0
231814512,-239,-5610.0
231824520,-239,-5620.0
231834528,-239,-5631.0
231844532,-239,-5642.0
231854532,-239,-5653.0
231864536,-239,-5663.0
231874540,-239,-5674.0
231884540,-239,-5685.0
231894544,-239,-5696.0
231904544,-239,-5706.0
231914552,-239,-5717.0
231924560,-239,-5728.0
231934568,-239,-5739.0
231944568,-239,-5749.0
231954576,-239,-5760.0
231964580,-239,-5771.0
231974588,-239,-5782.0
231984588,-239,-5792.0
231994592,-239,-5803.0
232004592,-239,-5814.0
232014596,-239,-5825.0
232024600,-239,-5835.0
232034600,-239,-5846.0
232044604,-239,-5857.0
232054608,-239,-5868.0
232064616,-239,-5878.0
232074624,-239,-5889.0
232084628,-239,-5900.0
232094632,-239,-5911.0
232104640,-239,-5921.0
232114640,-239,-5932.0
232124644,-239,-5943.0
232134652,-239,-5954.0
232144660,-239,-5964.0
232154664,-239,-5975.0
232164664,-239,-5986.0
232174668,-239,-5997.0
232184676,-239,-6007.0
232194684,-239,-6018.0
232204692,-239,-6029.0
232214696,-239,-6040.0
232224696,-239,-6050.0
232234700,-239,-6061.0
232244700,-239,-6072.0
232254704,-239,-6083.0
232264712,-239,-6093.0
232274720,-239,-6104.0
232284724,-239,-6115.0
232294724,-239,-6126.0
232304732,-239,-6136.0
232314736,-239,-6147.0
232324744,-239,-6158.0
232334744,-239,-6169.0
232344752,-239,-6179.0
232354760,-239,-6190.0
232364764,-239,-6201.0
232374772,-239,-6212.0
232384772,-239,-6222.0
232394780,-239,-6233.0
232404788,-239,-6244.0
232414792,-79,-6254.0
232424796,-79,-6262.0
232434796,-79,-6268.0
232444796,-79,-6273.0
232454800,-79,-6277.0
232464804,-79,-6281.0
232474812,-79,-6285.0
232484812,-79,-6289.0
232494812,-79,-6293.0
232504812,-79,-6296.0
232514816,-79,-6300.0
232524816,-79,-6303.0
232534816,-79,-6307.0
232544820,-79,-6310.0
232554824,-79,-6314.0
232564824,-79,-6317.0
232574828,-79,-6321.0
232584828,-79,-6324.0
232594832,-79,-6328.0
232604836,-79,-6331.0
232614836,-79,-6335.0
232624836,-79,-6338.0
232634844,-79,-6342.0
232644848,-79,-6345.0
232654848,-79,-6349.0
232664848,-79,-6352.0
232674848,-79,-6356.0
232684852,-79,-6359.0
232694852,-79,-6363.0
232704852,-79,-6366.0
232714852,-79,-6370.0
232724856,-79,-6374.0
232734856,-79,-6377.0
232744860,-79,-6381.0
232754860,-79,-6384.0
232764864,-79,-6388.0
232774868,-79,-6391.0
232784868,-79,-6395.0
232794868,-79,-6398.0
232804872,-79,-6402.0
232814876,-79,-6405.0
232824876,-79,-6409.0
232834876,-79,-6412.0
232844876,-79,-6416.0
232854880,-79,-6419.0
232864880,-79,-6423.0
232874888,-79,-6426.0
232884888,-79,-6430.0
232894892,-79,-6433.0
232904900,-79,-6437.0
232914900,-79,-6440.0
232924900,-79,-6444.0
232934900,-79,-6447.0
232944904,-79,-6451.0
232954904,-79,-6454.0
232964908,-79,-6458.0
232974916,-79,-6461.0
232984920,-79,-6465.0
232994920,-79,-6468.0
233004920,-79,-6472.0
233014928,-79,-6476.0
233024932,-79,-6479.0
233034944,-79,-6483.0
233044944,-79,-6486.0
233054952,-79,-6490.0
233064952,-79,-6493.0
233074956,-79,-6497.0
233084956,-79,-6500.0
233094956,-79,-6504.0
233104956,-79,-6507.0
233114960,-130,-6511.0
233124960,-130,-6516.0
233134960,-130,-6521.0
233144960,-130,-6526.0
233154960,-130,-6532.0
233164960,-130,-6537.0
233174968,-130,-6543.0
233184976,-130,-6549.0
233194984,-130,-6555.0
233204988,-130,-6560.0
233214988,-130,-6566.0
233224988,-130,-6572.0
233234988,-130,-6578.0
233244988,-130,-6584.0
233254988,-130,-6590.0
233264988,-130,-6595.0
233274988,-130,-6601.0
233284988,-130,-6607.0
233294988,-130,-6613.0
233304988,-130,-6619.0
233314996,-130,-6625.0
233325008,-130,-6631.0
233335008,-130,-6636.0
233345008,-130,-6642.0
233355016,-130,-6648.0
233365024,-130,-6654.0
233375028,-130,-6660.0
233385036,-130,-6665.0
233395036,-130,-6671.0
233405036,-130,-6677.0
233415040,-130,-6683.0
233425048,-130,-6689.0
233435048,-130,-6695.0
233445048,-130,-6701.0
233455052,-130,-6706.0
233465060,-130,-6712.0
233475060,-130,-6718.0
233485060,-130,-6724.0
233495064,-130,-6730.0
233505068,-130,-6736.0
233515076,-130,-6741.0
233525076,-130,-6747.0
233535084,-130,-6753.0
233545088,-130,-6759.0
233555096,-130,-6765.0
233565096,-130,-6771.0
233575104,-130,-6776.0
233585108,-130,-6782.0
233595116,-130,-6788.0
233605116,-130,-6794.0
233615124,-130,-6800.0
233625132,-130,-6806.0
233635136,-130,-6811.0
233645136,-130,-6817.0
233655140,-130,-6823.0
233665140,-130,-6829.0
233675144,-130,-6835.0
233685152,-130,-6841.0
233695160,-130,-6847.0
233705160,-130,-6852.0
233715160,-130,-6858.0
233725160,-130,-6864.0
233735160,-130,-6870.0
233745168,-130,-6876.0
233755168,-130,-6882.0
233765172,-130,-6887.0
233775180,-130,-6893.0
233785188,-130,-6899.0
233795196,-130,-6905.0
233805200,-130,-6911.0
233815208,-125,-6917.0
233825208,-125,-6922.0
233835216,-125,-6928.0
233845224,-125,-6934.0
233855228,-125,-6939.0
233865228,-125,-6945.0
233875228,-125,-6951.0
233885228,-125,-6956.0
233895228,-125,-6962.0
233905228,-125,-6967.0
233915228,-125,-6973.0
233925228,-125,-6978.0
233935228,-125,-6984.0
233945228,-125,-6990.0
233955228,-125,-6995.0
233965228,-125,-7001.0
233975228,-125,-7007.0
233985228,-125,-7012.0
233995228,-125,-7018.0
234005236,-125,-7023.0
234015244,-125,-7029.0
234025248,-125,-7035.0
234035248,-125,-7040.0
234045252,-125,-7046.0
234055252,-125,-7051.0
234065256,-125,-7057.0
234075256,-125,-7063.0
234085256,-125,-7068.0
234095264,-125,-7074.0
234105268,-125,-7079.0
234115268,-125,-7085.0
234125276,-125,-7091.0
234135276,-125,-7096.0
234145276,-125,-7102.0
234155280,-125,-7107.0
234165280,-125,-7113.0
234175288,-125,-7119.0
234185288,-125,-7124.0
234195292,-125,-7130.0
234205292,-125,-7135.0
234215292,-125,-7141.0
234225300,-125,-7147.0
234235304,-125,-7152.0
234245304,-125,-7158.0
234255304,-125,-7163.0
234265304,-125,-7169.0
234275304,-125,-7175.0
234285308,-125,-7180.0
234295308,-125,-7186.0
234305308,-125,-7192.0
234315316,-125,-7197.0
234325320,-125,-7203.0
234335328,-125,-7208.0
234345328,-125,-7214.0
234355336,-125,-7220.0
234365340,-125,-7225.0
234375340,-125,-7231.0
234385348,-125,-7236.0
234395348,-125,-7242.0
234405356,-125,-7248.0
234415360,-125,-7253.0
234425360,-125,-7259.0
234435368,-125,-7264.0
234445368,-125,-7270.0
234455368,-125,-7276.0
234465368,-125,-7281.0
234475368,-125,-7287.0
234485368,-125,-7292.0
234495372,-125,-7298.0
234505372,-125,-7304.0
234515372,-247,-7310.0
234525380,-247,-7318.0
234535380,-247,-7327.0
234545380,-247,-7337.0
234555384,-247,-7347.0
234565384,-247,-7358.0
234575388,-247,-7369.0
234585388,-247,-7380.0
234595396,-247,-7391.0
234605404,-247,-7402.0
234615408,-247,-7413.0
234625412,-247,-7424.0
234635416,-247,-7435.0
234645420,-247,-7446.0
234655428,-247,-7457.0
234665428,-247,-7468.0
234675436,-247,-7479.0
234685440,-247,-7490.0
234695448,-247,-7502.0
234705456,-247,-7513.0
234715456,-247,-7524.0
234725464,-247,-7535.0
234735468,-247,-7546.0
234745476,-247,-7557.0
234755476,-247,-7568.0
234765484,-247,-7579.0
234775488,-247,-7591.0
234785488,-247,-7602.0
234795488,-247,-7613.0
234805492,-247,-7624.0
234815500,-247,-7635.0
234825508,-247,-7646.0
234835516,-247,-7657.0
234845516,-247,-7668.0
234855524,-247,-7680.0
234865528,-247,-7691.0
234875536,-247,-7702.0
234885536,-247,-7713.0
234895544,-247,-7724.0
234905548,-247,-7735.0
234915548,-247,-7746.0
234925552,-247,-7757.0
234935556,-247,-7769.0
234945560,-247,-7780.0
234955560,-247,-7791.0
234965564,-247,-7802.0
234975564,-247,-7813.0
234985564,-247,-7824.0
234995572,-247,-7835.0
235005576,-247,-7846.0
235015580,-247,-7858.0
235025588,-247,-7869.0
235035596,-247,-7880.0
235045600,-247,-7891.0
235055608,-247,-7902.0
235065608,-247,-7913.0
235075616,-247,-7924.0
235085624,-247,-7936.0
235095632,-247,-7947.0
235105632,-247,-7958.0
235115640,-247,-7969.0
235125648,-247,-7980.0
235135656,-247,-7991.0
235145656,-247,-8002.0
235155664,-247,-8013.0
235165668,-247,-8025.0
235175676,-247,-8036.0
235185684,-247,-8047.0
235195684,-247,-8058.0
235205692,-247,-8069.0
235215700,234,-8077.0
235225704,234,-8078.0
235235704,234,-8075.0
235245704,234,-8068.0
235255708,234,-8060.0
235265708,234,-8051.0
235275712,234,-8041.0
235285720,234,-8031.0
235295720,234,-8021.0
235305720,234,-8011.0
235315728,234,-8001.0
235325728,234,-7990.0
235335732,234,-7980.0
235345732,234,-7969.0
235355732,234,-7958.0
235365736,234,-7948.0
235375736,234,-7937.0
235385740,234,-7927.0
235395748,234,-7916.0
235405752,234,-7905.0
235415756,234,-7895.0
235425756,234,-7884.0
235435756,234,-7873.0
235445756,234,-7863.0
235455764,234,-7852.0
235465764,234,-7841.0
235475772,234,-7830.0
235485776,234,-7820.0
235495780,234,-7809.0
235505780,234,-7798.0
235515780,234,-7788.0
235525784,234,-7777.0
235535784,234,-7766.0
235545784,234,-7756.0
235555792,234,-7745.0
235565792,234,-7734.0
235575792,234,-7724.0
235585792,234,-7713.0
235595792,234,-7702.0
235605792,234,-7692.0
235615792,234,-7681.0
235625796,234,-7670.0
235635804,234,-7659.0
235645804,234,-7649.0
235655804,234,-7638.0
235665808,234,-7627.0
235675808,234,-7617.0
235685808,234,-7606.0
235695816,234,-7595.0
235705820,234,-7585.0
235715820,234,-7574.0
235725820,234,-7563.0
235735820,234,-7553.0
235745820,234,-7542.0
235755824,234,-7531.0
235765824,234,-7521.0
235775824,234,-7510.0
235785824,234,-7499.0
235795828,234,-7489.0
235805828,234,-7478.0
235815828,234,-7467.0
235825828,234,-7457.0
235835836,234,-7446.0
235845836,234,-7435.0
235855836,234,-7425.0
235865836,234,-7414.0
235875836,234,-7403.0
235885840,234,-7393.0
235895840,234,-7382.0
235905844,-153,-7371.0
235915852,-153,-7364.0
235925860,-153,-7362.0
235935860,-153,-7364.0
235945860,-153,-7368.0
235955860,-153,-7373.0
235965860,-153,-7379.0
235975860,-153,-7386.0
235985860,-153,-7392.0
235995868,-153,-7399.0
236005876,-153,-7406.0
236015880,-153,-7412.0
236025888,-153,-7419.0
236035896,-153,-7426.0
236045904,-153,-7433.0
236055904,-153,-7440.0
236065904,-153,-7447.0
236075912,-153,-7454.0
236085912,-153,-7460.0
236095912,-153,-7467.0
236105912,-153,-7474.0
236115912,-153,-7481.0
236125920,-153,-7488.0
236135928,-153,-7495.0
236145928,-153,-7502.0
236155928,-153,-7509.0
236165928,-153,-7515.0
236175936,-153,-7522.0
236185936,-153,-7529.0
236195936,-153,-7536.0
236205944,-153,-7543.0
236215952,-153,-7550.0
236225956,-153,-7557.0
236235956,-153,-7564.0
236245956,-153,-7570.0
236255964,-153,-7577.0
236265964,-153,-7584.0
236275964,-153,-7591.0
236285964,-153,-7598.0
236295964,-153,-7605.0
236305964,-153,-7612.0
236315964,-153,-7619.0
236325964,-153,-7625.0
236335964,-153,-7632.0
236345964,-153,-7639.0
236355968,-153,-7646.0
236365976,-153,-7653.0
236375984,-153,-7660.0
236385984,-153,-7667.0
236395988,-153,-7674.0
236405988,-153,-7680.0
236415996,-153,-7687.0
236425996,-153,-7694.0
236436004,-153,-7701.0
236446008,-153,-7708.0
236456016,-153,-7715.0
236466024,-153,-7722.0
236476032,-153,-7729.0
236486036,-153,-7735.0
236496036,-153,-7742.0
236506040,-153,-7749.0
236516040,-153,-7756.0
236526044,-153,-7763.0
236536044,-153,-7770.0
236546052,-153,-7777.0
236556060,-153,-7784.0
236566060,-153,-7790.0
236576060,-153,-7797.0
236586060,-153,-7804.0
236596068,-153,-7811.0
236606136,73,-7818.0
236616136,73,-7823.0
236626140,73,-7824.0
236636148,73,-7823.0
236646156,73,-7821.0
236656164,73,-7819.0
236666172,73,-7816.0
236676176,73,-7813.0
236686180,73,-7810.0
236696188,73,-7806.0
236706188,73,-7803.0
236716192,73,-7800.0
236726200,73,-7797.0
236736204,73,-7793.0
236746204,73,-7790.0
236756212,73,-7787.0
236766216,73,-7784.0
236776220,73,-7780.0
236786224,73,-7777.0
236796224,73,-7774.0
236806232,73,-7771.0
236816236,73,-7767.0
236826236,73,-7764.0
236836236,73,-7761.0
236846240,73,-7757.0
236856244,73,-7754.0
236866248,73,-7751.0
236876260,73,-7748.0
236886260,73,-7744.0
236896264,73,-7741.0
236906268,73,-7738.0
236916272,73,-7735.0
236926280,73,-7731.0
236936284,73,-7728.0
236946288,73,-7725.0
236956292,73,-7722.0
236966292,73,-7718.0
236976296,73,-7715.0
236986300,73,-7712.0
236996304,73,-7709.0
237006308,73,-7705.0
237016308,73,-7702.0
237026312,73,-7699.0
237036316,73,-7696.0
237046324,73,-7692.0
237056324,73,-7689.0
237066324,73,-7686.0
237076328,73,-7683.0
237086332,73,-7679.0
237096332,73,-7676.0
237106340,73,-7673.0
237116344,73,-7670.0
237126352,73,-7666.0
237136360,73,-7663.0
237146368,73,-7660.0
237156372,73,-7657.0
237166380,73,-7653.0
237176388,73,-7650.0
237186396,73,-7647.0
237196404,73,-7644.0
237206408,73,-7640.0
237216412,73,-7637.0
237226412,73,-7634.0
237236416,73,-7631.0
237246424,73,-7627.0
237256428,73,-7624.0
237266432,73,-7621.0
237276432,73,-7617.0
237286436,73,-7614.0
237296440,73,-7611.0
237306448,115,-7608.0
237316456,115,-7604.0
237326460,115,-7600.0
237336460,115,-7595.0
237346468,115,-7590.0
237356476,115,-7585.0
237366480,115,-7580.0
237376484,115,-7575.0
237386484,115,-7570.0
237396488,115,-7565.0
237406496,115,-7559.0
237416500,115,-7554.0
237426504,115,-7549.0
237436508,115,-7544.0
237446508,115,-7539.0
237456508,115,-7533.0
237466512,115,-7528.0
237476516,115,-7523.0
237486524,115,-7518.0
237496528,115,-7513.0
237506528,115,-7507.0
237516536,115,-7502.0
237526540,115,-7497.0
237536540,115,-7492.0
237546544,115,-7487.0
237556548,115,-7481.0
237566552,115,-7476.0
237576552,115,-7471.0
237586556,115,-7466.0
237596556,115,-7460.0
237606560,115,-7455.0
237616568,115,-7450.0
237626568,115,-7445.0
237636572,115,-7440.0
237646572,115,-7435.0
237656576,115,-7429.0
237666580,115,-7424.0
237676584,115,-7419.0
237686588,115,-7414.0
237696592,115,-7409.0
237706596,115,-7403.0
237716600,115,-7398.0
237726600,115,-7393.0
237736604,115,-7388.0
237746612,115,-7383.0
237756616,115,-7377.0
237766620,115,-7372.0
237776620,115,-7367.0
237786624,115,-7362.0
237796632,115,-7357.0
237806632,115,-7351.0
237816636,115,-7346.0
237826640,115,-7341.0
237836648,115,-7336.0
237846652,115,-7331.0
237856652,115,-7325.0
237866656,115,-7320.0
237876656,115,-7315.0
237886656,115,-7310.0
237896660,115,-7305.0
237906664,115,-7299.0
237916668,115,-7294.0
237926676,115,-7289.0
237936676,115,-7284.0
237946680,115,-7279.0
237956684,115,-7273.0
237966692,115,-7268.0
237976696,115,-7263.0
237986700,115,-7258.0
237996704,115,-7253.0
238006712,-181,-7247.0
238016712,-181,-7245.0
238026712,-181,-7247.0
238036712,-181,-7252.0
238046712,-181,-7258.0
238056716,-181,-7265.0
238066716,-181,-7272.0
238076724,-181,-7280.0
238086724,-181,-7287.0
238096724,-181,-7295.0
238106732,-181,-7303.0
238116740,-181,-7311.0
238126748,-181,-7320.0
238136748,-181,-7328.0
238146756,-181,-7336.0
238156764,-181,-7344.0
238166772,-181,-7352.0
238176772,-181,-7360.0
238186772,-181,-7368.0
238196780,-181,-7377.0
238206788,-181,-7385.0
238216796,-181,-7393.0
238226800,-181,-7401.0
238236808,-181,-7409.0
238246812,-181,-7417.0
238256820,-181,-7425.0
238266820,-181,-7434.0
238276820,-181,-7442.0
238286828,-181,-7450.0
238296836,-181,-7458.0
238306844,-181,-7466.0
238316844,-181,-7474.0
238326844,-181,-7482.0
238336852,-181,-7491.0
238346860,-181,-7499.0
238356860,-181,-7507.0
238366860,-181,-7515.0
238376868,-181,-7523.0
238386868,-181,-7531.0
238396872,-181,-7539.0
238406880,-181,-7548.0
238416888,-181,-7556.0
238426896,-181,-7564.0
238436900,-181,-7572.0
238446904,-181,-7580.0
238456904,-181,-7588.0
238466912,-181,-7596.0
238476920,-181,-7605.0
238486920,-181,-7613.0
238496920,-181,-7621.0
238506928,-181,-7629.0
238516936,-181,-7637.0
238526940,-181,-7645.0
238536948,-181,-7653.0
238546948,-181,-7662.0
238556956,-181,-7670.0
238566956,-181,-7678.0
238576956,-181,-7686.0
238586964,-181,-7694.0
238596972,-181,-7702.0
238606980,-181,-7710.0
238616980,-181,-7719.0
238626988,-181,-7727.0
238636996,-181,-7735.0
238647000,-181,-7743.0
238657000,-181,-7751.0
238667000,-181,-7759.0
238677008,-181,-7767.0
238687016,-181,-7776.0
238697024,-181,-7784.0
238707028,-224,-7792.0
238717028,-224,-7800.0
238727036,-224,-7809.0
238737040,-224,-7819.0
238747040,-224,-7828.0
238757040,-224,-7838.0
238767044,-224,-7848.0
238777052,-224,-7858.0
238787060,-224,-7868.0
238797060,-224,-7878.0
238807068,-224,-7888.0
238817072,-224,-7898.0
238827080,-224,-7908.0
238837080,-224,-7919.0
238847080,-224,-7929.0
238857084,-224,-7939.0
238867084,-224,-7949.0
238877084,-224,-7959.0
238887084,-224,-7969.0
238897088,-224,-7979.0
238907096,-224,-7989.0
238917104,-224,-7999.0
238927108,-224,-8009.0
238937112,-224,-8019.0
238947112,-224,-8029.0
238957116,-224,-8040.0
238967120,-224,-8050.0
238977124,-224,-8060.0
238987132,-224,-8070.0
238997140,-224,-8080.0
239007140,-224,-8090.0
239017148,-224,-8100.0
239027156,-224,-8110.0
239037164,-224,-8120.0
239047172,-224,-8130.0
239057176,-224,-8140.0
239067180,-224,-8151.0
239077180,-224,-8161.0
239087188,-224,-8171.0
239097188,-224,-8181.0
239107188,-224,-8191.0
239117196,-224,-8201.0
239127204,-224,-8211.0
239137204,-224,-8221.0
239147212,-224,-8231.0
239157220,-224,-8241.0
239167228,-224,-8251.0
239177236,-224,-8262.0
239187236,-224,-8272.0
239197236,-224,-8282.0
239207244,-224,-8292.0
239217248,-224,-8302.0
239227248,-224,-8312.0
239237256,-224,-8322.0
239247260,-224,-8332.0
239257268,-224,-8342.0
239267268,-224,-8352.0
239277276,-224,-8362.0
239287284,-224,-8373.0
239297292,-224,-8383.0
239307296,-224,-8393.0
239317300,-224,-8403.0
239327304,-224,-8413.0
239337304,-224,-8423.0
239347312,-224,-8433.0
239357312,-224,-8443.0
239367320,-224,-8453.0
239377328,-224,-8463.0
239387332,-224,-8473.0
239397336,-224,-8484.0
239407340,240,-8494.0
239417344,240,-8499.0
239427352,240,-8497.0
239437356,240,-8492.0
239447360,240,-8485.0
239457360,240,-8476.0
239467360,240,-8466.0
239477368,240,-8456.0
239487372,240,-8446.0
239497372,240,-8436.0
239507372,240,-8425.0
239517372,240,-8414.0
239527376,240,-8403.0
239537384,240,-8393.0
239547384,240,-8382.0
239557392,240,-8371.0
239567392,240,-8360.0
239577392,240,-8349.0
239587392,240,-8338.0
239597392,240,-8327.0
239607392,240,-8316.0
239617396,240,-8305.0
239627404,240,-8294.0
239637404,240,-8283.0
239647412,240,-8272.0
239657416,240,-8261.0
239667424,240,-8250.0
239677432,240,-8239.0
239687432,240,-8229.0
239697432,240,-8218.0
239707436,240,-8207.0
239717444,240,-8196.0
239727444,240,-8185.0
239737452,240,-8174.0
239747456,240,-8163.0
239757456,240,-8152.0
239767464,240,-8141.0
239777464,240,-8130.0
239787464,240,-8119.0
239797464,240,-8108.0
239807464,240,-8097.0
239817464,240,-8086.0
239827464,240,-8075.0
239837468,240,-8064.0
239847476,240,-8053.0
239857476,240,-8042.0
239867484,240,-8031.0
239877488,240,-8020.0
239887496,240,-8009.0
239897504,240,-7998.0
239907504,240,-7987.0
239917508,240,-7976.0
239927508,240,-7965.0
239937508,240,-7954.0
239947508,240,-7943.0
239957508,240,-7933.0
239967512,240,-7922.0
239977516,240,-7911.0
239987516,240,-7900.0
239997516,240,-7889.0
240007520,240,-7878.0
240017528,240,-7867.0
240027536,240,-7856.0
240037544,240,-7845.0
240047544,240,-7834.0
240057552,240,-7823.0
240067552,240,-7812.0
240077560,240,-7801.0
240087564,240,-7790.0
240097568,240,-7779.0
240107576,107,-7768.0
240117584,107,-7758.0
240127584,107,-7750.0
240137584,107,-7743.0
240147584,107,-7737.0
240157588,107,-7731.0
240167588,107,-7726.0
240177588,107,-7721.0
240187588,107,-7716.0
240197592,107,-7711.0
240207596,107,-7706.0
240217600,107,-7701.0
240227608,107,-7697.0
240237608,107,-7692.0
240247612,107,-7687.0
240257616,107,-7682.0
240267620,107,-7677.0
240277624,107,-7672.0
240287628,107,-7667.0
240297632,107,-7663.0
240307640,107,-7658.0
240317644,107,-7653.0
240327648,107,-7648.0
240337652,107,-7643.0
240347656,107,-7638.0
240357664,107,-7634.0
240367668,107,-7629.0
240377672,107,-7624.0
240387676,107,-7619.0
240397684,107,-7614.0
240407688,107,-7609.0
240417688,107,-7604.0
240427692,107,-7600.0
240437692,107,-7595.0
240447696,107,-7590.0
240457700,107,-7585.0
240467700,107,-7580.0
240477704,107,-7575.0
240487704,107,-7571.0
240497708,107,-7566.0
240507712,107,-7561.0
240517716,107,-7556.0
240527716,107,-7551.0
240537716,107,-7546.0
240547720,107,-7542.0
240557724,107,-7537.0
240567724,107,-7532.0
240577728,107,-7527.0
240587732,107,-7522.0
240597736,107,-7517.0
240607744,107,-7513.0
240617752,107,-7508.0
240627756,107,-7503.0
240637764,107,-7498.0
240647768,107,-7493.0
240657772,107,-7488.0
240667776,107,-7483.0
240677780,107,-7479.0
240687784,107,-7474.0
240697792,107,-7469.0
240707792,107,-7464.0
240717796,107,-7459.0
240727800,107,-7454.0
240737804,107,-7450.0
240747812,107,-7445.0
240757816,107,-7440.0
240767816,107,-7435.0
240777820,107,-7430.0
240787820,107,-7425.0
240797824,107,-7420.0
240807828,246,-7416.0
240817828,246,-7409.0
240827832,246,-7401.0
240837836,246,-7392.0
240847836,246,-7382.0
240857844,246,-7372.0
240867852,246,-7361.0
240877852,246,-7350.0
240887852,246,-7339.0
240897860,246,-7328.0
240907868,246,-7317.0
240917872,246,-7306.0
240927880,246,-7294.0
240937888,246,-7283.0
240947896,246,-7272.0
240957896,246,-7261.0
240967896,246,-7250.0
240977904,246,-7238.0
240987912,246,-7227.0
240997912,246,-7216.0
241007916,246,-7205.0
241017924,246,-7193.0
241027924,246,-7182.0
241037932,246,-7171.0
241047936,246,-7160.0
241057936,246,-7148.0
241067944,246,-7137.0
241077944,246,-7126.0
241087944,246,-7115.0
241097948,246,-7104.0
241107956,246,-7092.0
241117956,246,-7081.0
241127964,246,-7070.0
241137968,246,-7059.0
241147968,246,-7047.0
241157976,246,-7036.0
241167976,246,-7025.0
241177980,246,-7014.0
241187988,246,-7002.0
241197988,246,-6991.0
241207996,246,-6980.0
241218000,246,-6969.0
241228004,246,-6957.0
241238004,246,-6946.0
241248012,246,-6935.0
241258020,246,-6924.0
241268020,246,-6912.0
241278028,246,-6901.0
241288028,246,-6890.0
241298032,246,-6879.0
241308036,246,-6867.0
241318040,246,-6856.0
241328040,246,-6845.0
241338048,246,-6834.0
241348048,246,-6823.0
241358056,246,-6811.0
241368064,246,-6800.0
241378072,246,-6789.0
241388080,246,-6778.0
241398080,246,-6766.0
241408080,246,-6755.0
241418084,246,-6744.0
241428084,246,-6733.0
241438084,246,-6721.0
241448092,246,-6710.0
241458092,246,-6699.0
241468100,246,-6688.0
241478100,246,-6676.0
241488100,246,-6665.0
241498108,246,-6654.0
241508116,199,-6643.0
241518116,199,-6632.0
241528120,199,-6622.0
241538128,199,-6612.0
241548128,199,-6602.0
241558128,199,-6593.0
241568132,199,-6584.0
241578132,199,-6574.0
241588132,199,-6565.0
241598132,199,-6556.0
241608136,199,-6547.0
241618136,199,-6538.0
241628136,199,-6529.0
241638136,199,-6520.0
241648136,199,-6511.0
241658140,199,-6502.0
241668140,199,-6493.0
241678140,199,-6484.0
241688148,199,-6474.0
241698148,199,-6465.0
241708148,199,-6456.0
241718148,199,-6447.0
241728156,199,-6438.0
241738160,199,-6429.0
241748168,199,-6420.0
241758168,199,-6411.0
241768176,199,-6402.0
241778184,199,-6393.0
241788192,199,-6384.0
241798192,199,-6375.0
241808192,199,-6365.0
241818200,199,-6356.0
241828208,199,-6347.0
241838216,199,-6338.0
241848216,199,-6329.0
241858216,199,-6320.0
241868224,199,-6311.0
241878224,199,-6302.0
241888224,199,-6293.0
241898224,199,-6284.0
241908224,199,-6275.0
241918228,199,-6266.0
241928232,199,-6257.0
241938232,199,-6248.0
241948232,199,-6239.0
241958236,199,-6229.0
241968236,199,-6220.0
241978236,199,-6211.0
241988236,199,-6202.0
241998240,199,-6193.0
242008240,199,-6184.0
242018240,199,-6175.0
242028240,199,-6166.0
242038252,199,-6157.0
242048256,199,-6148.0
242058256,199,-6139.0
242068256,199,-6130.0
242078256,199,-6121.0
242088260,199,-6112.0
242098260,199,-6103.0
242108260,199,-6094.0
242118268,199,-6084.0
242128272,199,-6075.0
242138272,199,-6066.0
242148276,199,-6057.0
242158276,199,-6048.0
242168280,199,-6039.0
242178280,199,-6030.0
242188280,199,-6021.0
242198280,199,-6012.0
242208280,206,-6003.0
242218284,206,-5994.0
242228292,206,-5984.0
242238292,206,-5975.0
242248292,206,-5966.0
242258308,206,-5956.0
242268308,206,-5947.0
242278308,206,-5938.0
242288308,206,-5928.0
242298312,206,-5919.0
242308312,206,-5910.0
242318312,206,-5900.0
242328316,206,-5891.0
242338316,206,-5881.0
242348320,206,-5872.0
242358320,206,-5863.0
242368320,206,-5853.0
242378320,206,-5844.0
242388324,206,-5834.0
242398324,206,-5825.0
242408336,206,-5815.0
242418336,206,-5806.0
242428344,206,-5797.0
242438344,206,-5787.0
242448344,206,-5778.0
242458352,206,-5768.0
242468352,206,-5759.0
242478356,206,-5750.0
242488360,206,-5740.0
242498368,206,-5731.0
242508368,206,-5721.0
242518372,206,-5712.0
242528372,206,-5703.0
242538380,206,-5693.0
242548380,206,-5684.0
242558384,206,-5674.0
242568384,206,-5665.0
242578384,206,-5655.0
242588392,206,-5646.0
242598392,206,-5637.0
242608396,206,-5627.0
242618404,206,-5618.0
242628412,206,-5608.0
242638412,206,-5599.0
242648416,206,-5590.0
242658416,206,-5580.0
242668424,206,-5571.0
242678424,206,-5561.0
242688428,206,-5552.0
242698436,206,-5543.0
242708444,206,-5533.0
242718444,206,-5524.0
242728444,206,-5514.0
242738448,206,-5505.0
242748448,206,-5496.0
242758456,206,-5486.0
242768456,206,-5477.0
242778460,206,-5467.0
242788460,206,-5458.0
242798468,206,-5448.0
242808468,206,-5439.0
242818472,206,-5430.0
242828472,206,-5420.0
242838472,206,-5411.0
242848472,206,-5401.0
242858472,206,-5392.0
242868476,206,-5383.0
242878476,206,-5373.0
242888476,206,-5364.0
242898484,206,-5354.0
242908488,-203,-5345.0
242918488,-203,-5341.0
242928488,-203,-5343.0
242938488,-203,-5347.0
242948492,-203,-5354.0
242958496,-203,-5362.0
242968496,-203,-5370.0
242978504,-203,-5378.0
242988504,-203,-5387.0
242998512,-203,-5396.0
243008520,-203,-5405.0
243018524,-203,-5414.0
243028524,-203,-5423.0
243038524,-203,-5432.0
243048524,-203,-5441.0
243058528,-203,-5450.0
243068528,-203,-5459.0
243078528,-203,-5468.0
243088536,-203,-5477.0
243098544,-203,-5486.0
243108552,-203,-5495.0
243118556,-203,-5504.0
243128564,-203,-5513.0
243138572,-203,-5523.0
243148580,-203,-5532.0
243158588,-203,-5541.0
243168588,-203,-5550.0
243178588,-203,-5559.0
243188588,-203,-5568.0
243198596,-203,-5578.0
243208600,-203,-5587.0
243218604,-203,-5596.0
243228612,-203,-5605.0
243238616,-203,-5614.0
243248624,-203,-5623.0
243258624,-203,-5632.0
243268632,-203,-5642.0
243278640,-203,-5651.0
243288644,-203,-5660.0
243298644,-203,-5669.0
243308652,-203,-5678.0
243318660,-203,-5687.0
243328664,-203,-5696.0
243338664,-203,-5706.0
243348672,-203,-5715.0
243358676,-203,-5724.0
243368676,-203,-5733.0
243378684,-203,-5742.0
243388684,-203,-5751.0
243398692,-203,-5761.0
243408696,-203,-5770.0
243418704,-203,-5779.0
243428704,-203,-5788.0
243438712,-203,-5797.0
243448720,-203,-5806.0
243458728,-203,-5815.0
243468728,-203,-5824.0
243478736,-203,-5834.0
243488740,-203,-5843.0
243498748,-203,-5852.0
243508756,-203,-5861.0
243518756,-203,-5870.0
243528764,-203,-5879.0
243538772,-203,-5889.0
243548780,-203,-5898.0
243558780,-203,-5907.0
243568788,-203,-5916.0
243578796,-203,-5925.0
243588804,-203,-5934.0
243598804,-203,-5943.0
243608812,149,-5952.0
243618816,149,-5957.0
243628824,149,-5958.0
243638828,149,-5955.0
243648828,149,-5950.0
243658828,149,-5945.0
243668832,149,-5939.0
243678836,149,-5932.0
243688844,149,-5926.0
243698844,149,-5919.0
243708848,149,-5913.0
243718852,149,-5906.0
243728856,149,-5899.0
243738860,149,-5892.0
243748860,149,-5886.0
243758864,149,-5879.0
243768864,149,-5872.0
243778872,149,-5865.0
243788872,149,-5859.0
243798876,149,-5852.0
243808876,149,-5845.0
243818880,149,-5838.0
243828884,149,-5832.0
243838884,149,-5825.0
243848888,149,-5818.0
243858892,149,-5811.0
243868892,149,-5804.0
243878892,149,-5798.0
243888892,149,-5791.0
243898892,149,-5784.0
243908900,149,-5777.0
243918900,149,-5771.0
243928904,149,-5764.0
243938904,149,-5757.0
243948908,149,-5750.0
243958912,149,-5743.0
243968916,149,-5737.0
243978916,149,-5730.0
243988920,149,-5723.0
243998924,149,-5716.0
244008928,149,-5710.0
244018928,149,-5703.0
244028932,149,-5696.0
244038936,149,-5689.0
244048936,149,-5682.0
244058940,149,-5676.0
244068940,149,-5669.0
244078948,149,-5662.0
244088952,149,-5655.0
244098952,149,-5649.0
244108956,149,-5642.0
244118960,149,-5635.0
244128964,149,-5628.0
244138964,149,-5621.0
244148964,149,-5615.0
244158964,149,-5608.0
244168972,149,-5601.0
244178972,149,-5594.0
244188972,149,-5588.0
244198976,149,-5581.0
244208980,149,-5574.0
244218980,149,-5567.0
244228984,149,-5561.0
244238984,149,-5554.0
244248992,149,-5547.0
244258992,149,-5540.0
244268996,149,-5533.0
244278996,149,-5527.0
244289000,149,-5520.0
244299004,149,-5513.0
244309008,-230,-5507.0
244319008,-230,-5506.0
244329008,-230,-5509.0
244339012,-230,-5515.0
244349012,-230,-5523.0
244359020,-230,-5532.0
244369028,-230,-5542.0
244379028,-230,-5551.0
244389028,-230,-5561.0
244399036,-230,-5571.0
244409044,-230,-5581.0
244419048,-230,-5592.0
244429052,-230,-5602.0
244439056,-230,-5612.0
244449064,-230,-5623.0
244459072,-230,-5633.0
244469072,-230,-5643.0
244479072,-230,-5654.0
244489080,-230,-5664.0
244499088,-230,-5674.0
244509088,-230,-5685.0
244519092,-230,-5695.0
244529092,-230,-5705.0
244539096,-230,-5716.0
244549096,-230,-5726.0
244559096,-230,-5736.0
244569104,-230,-5747.0
244579112,-230,-5757.0
244589120,-230,-5768.0
244599120,-230,-5778.0
244609128,-230,-5788.0
244619132,-230,-5799.0
244629132,-230,-5809.0
244639132,-230,-5819.0
244649140,-230,-5830.0
244659144,-230,-5840.0
244669144,-230,-5850.0
244679148,-230,-5861.0
244689152,-230,-5871.0
244699160,-230,-5882.0
244709168,-230,-5892.0
244719176,-230,-5902.0
244729176,-230,-5913.0
244739176,-230,-5923.0
244749176,-230,-5933.0
244759180,-230,-5944.0
244769184,-230,-5954.0
244779192,-230,-5964.0
244789200,-230,-5975.0
244799208,-230,-5985.0
244809224,-230,-5996.0
244819224,-230,-6006.0
244829232,-230,-6016.0
244839236,-230,-6027.0
244849236,-230,-6037.0
244859236,-230,-6047.0
244869240,-230,-6058.0
244879248,-230,-6068.0
244889248,-230,-6078.0
244899248,-230,-6089.0
244909256,-230,-6099.0
244919264,-230,-6109.0
244929272,-230,-6120.0
244939280,-230,-6130.0
244949280,-230,-6141.0
244959288,-230,-6151.0
244969296,-230,-6161.0
244979304,-230,-6172.0
244989304,-230,-6182.0
244999304,-230,-6192.0
245009320,70,-6203.0
245019324,70,-6209.0
245029328,70,-6211.0
245039336,70,-6212.0
245049344,70,-6210.0
245059348,70,-6208.0
245069348,70,-6206.0
245079348,70,-6203.0
245089352,70,-6200.0
245099360,70,-6197.0
245109368,70,-6194.0
245119368,70,-6191.0
245129376,70,-6188.0
245139380,70,-6184.0
245149384,70,-6181.0
245159384,70,-6178.0
245169392,70,-6175.0
245179396,70,-6172.0
245189404,70,-6169.0
245199408,70,-6166.0
245209408,70,-6163.0
245219416,70,-6160.0
245229420,70,-6156.0
245239428,70,-6153.0
245249428,70,-6150.0
245259432,70,-6147.0
245269440,70,-6144.0
245279444,70,-6141.0
245289452,70,-6138.0
245299452,70,-6135.0
245309456,70,-6131.0
245319460,70,-6128.0
245329468,70,-6125.0
245339468,70,-6122.0
245349476,70,-6119.0
245359484,70,-6116.0
245369492,70,-6113.0
245379492,70,-6109.0
245389496,70,-6106.0
245399504,70,-6103.0
245409512,70,-6100.0
245419516,70,-6097.0
245429520,70,-6094.0
245439528,70,-6091.0
245449532,70,-6088.0
245459540,70,-6084.0
245469540,70,-6081.0
245479544,70,-6078.0
245489552,70,-6075.0
245499560,70,-6072.0
245509560,70,-6069.0
245519568,70,-6066.0
245529572,70,-6063.0
245539580,70,-6059.0
245549588,70,-6056.0
245559588,70,-6053.0
245569588,70,-6050.0
245579592,70,-6047.0
245589592,70,-6044.0
245599592,70,-6041.0
245609592,70,-6038.0
245619596,70,-6034.0
245629604,70,-6031.0
245639604,70,-6028.0
245649612,70,-6025.0
245659616,70,-6022.0
245669624,70,-6019.0
245679632,70,-6016.0
245689632,70,-6012.0
245699636,70,-6009.0
245709644,185,-6006.0
245719648,185,-6001.0
245729648,185,-5995.0
245739648,185,-5988.0
245749652,185,-5980.0
245759656,185,-5973.0
245769656,185,-5964.0
245779656,185,-5956.0
245789664,185,-5948.0
245799664,185,-5940.0
245809664,185,-5931.0
245819664,185,-5923.0
245829664,185,-5914.0
245839664,185,-5906.0
245849664,185,-5897.0
245859664,185,-5889.0
245869664,185,-5881.0
245879664,185,-5872.0
245889664,185,-5864.0
245899668,185,-5855.0
245909676,185,-5847.0
245919688,185,-5838.0
245929688,185,-5830.0
245939696,185,-5822.0
245949700,185,-5813.0
245959700,185,-5805.0
245969708,185,-5796.0
245979708,185,-5788.0
245989712,185,-5779.0
245999712,185,-5771.0
246009712,185,-5763.0
246019712,185,-5754.0
246029716,185,-5746.0
246039724,185,-5737.0
246049724,185,-5729.0
246059724,185,-5720.0
246069736,185,-5712.0
246079740,185,-5704.0
246089740,185,-5695.0
246099740,185,-5687.0
246109740,185,-5678.0
246119744,185,-5670.0
246129744,185,-5661.0
246139744,185,-5653.0
246149744,185,-5645.0
246159748,185,-5636.0
246169748,185,-5628.0
246179748,185,-5619.0
246189748,185,-5611.0
246199752,185,-5602.0
246209752,185,-5594.0
246219752,185,-5586.0
246229752,185,-5577.0
246239756,185,-5569.0
246249760,185,-5560.0
246259760,185,-5552.0
246269760,185,-5543.0
246279760,185,-5535.0
246289764,185,-5526.0
246299764,185,-5518.0
246309764,185,-5510.0
246319764,185,-5501.0
246329772,185,-5493.0
246339772,185,-5484.0
246349772,185,-5476.0
246359772,185,-5468.0
246369772,185,-5459.0
246379776,185,-5451.0
246389776,185,-5442.0
246399776,185,-5434.0
246409784,-195,-5426.0
246419788,-195,-5423.0
246429796,-195,-5425.0
246439796,-195,-5430.0
246449804,-195,-5436.0
246459804,-195,-5443.0
246469812,-195,-5451.0
246479816,-195,-5459.0
246489824,-195,-5468.0
246499828,-195,-5476.0
246509832,-195,-5485.0
246519836,-195,-5494.0
246529836,-195,-5502.0
246539840,-195,-5511.0
246549840,-195,-5520.0
246559848,-195,-5529.0
246569856,-195,-5537.0
246579860,-195,-5546.0
246589860,-195,-5555.0
246599868,-195,-5564.0
246609872,-195,-5572.0
246619872,-195,-5581.0
246629876,-195,-5590.0
246639880,-195,-5599.0
246649888,-195,-5608.0
246659896,-195,-5616.0
246669900,-195,-5625.0
246679900,-195,-5634.0
246689900,-195,-5643.0
246699908,-195,-5651.0
246709912,-195,-5660.0
246719916,-195,-5669.0
246729916,-195,-5678.0
246739924,-195,-5687.0
246749928,-195,-5695.0
246759936,-195,-5704.0
246769936,-195,-5713.0
246779936,-195,-5722.0
246789944,-195,-5730.0
246799952,-195,-5739.0
246809952,-195,-5748.0
246819960,-195,-5757.0
246829964,-195,-5765.0
246839972,-195,-5774.0
246849972,-195,-5783.0
246859980,-195,-5792.0
246869988,-195,-5801.0
246879996,-195,-5809.0
246890004,-195,-5818.0
246900004,-195,-5827.0
246910008,-195,-5836.0
246920008,-195,-5844.0
246930012,-195,-5853.0
246940012,-195,-5862.0
246950020,-195,-5871.0
246960028,-195,-5880.0
246970036,-195,-5888.0
246980036,-195,-5897.0
246990044,-195,-5906.0
247000052,-195,-5915.0
247010056,-195,-5924.0
247020056,-195,-5932.0
247030056,-195,-5941.0
247040056,-195,-5950.0
247050060,-195,-5959.0
247060068,-195,-5967.0
247070068,-195,-5976.0
247080068,-195,-5985.0
247090072,-195,-5994.0
247100072,-195,-6003.0
247110072,-115,-6011.0
247120072,-115,-6019.0
247130080,-115,-6026.0
247140088,-115,-6032.0
247150088,-115,-6038.0
247160092,-115,-6043.0
247170100,-115,-6049.0
247180100,-115,-6054.0
247190100,-115,-6059.0
247200104,-115,-6064.0
247210104,-115,-6069.0
247220112,-115,-6075.0
247230112,-115,-6080.0
247240116,-115,-6085.0
247250124,-115,-6090.0
247260124,-115,-6095.0
247270124,-115,-6100.0
247280124,-115,-6106.0
247290128,-115,-6111.0
247300128,-115,-6116.0
247310136,-115,-6121.0
247320136,-115,-6126.0
247330140,-115,-6131.0
247340140,-115,-6136.0
247350140,-115,-6142.0
247360140,-115,-6147.0
247370144,-115,-6152.0
247380144,-115,-6157.0
247390144,-115,-6162.0
247400144,-115,-6167.0
247410152,-115,-6172.0
247420156,-115,-6178.0
247430156,-115,-6183.0
247440156,-115,-6188.0
247450164,-115,-6193.0
247460168,-115,-6198.0
247470168,-115,-6203.0
247480176,-115,-6209.0
247490176,-115,-6214.0
247500180,-115,-6219.0
247510180,-115,-6224.0
247520180,-115,-6229.0
247530180,-115,-6234.0
247540184,-115,-6239.0
247550184,-115,-6245.0
247560188,-115,-6250.0
247570188,-115,-6255.0
247580196,-115,-6260.0
247590200,-115,-6265.0
247600200,-115,-6270.0
247610200,-115,-6275.0
247620200,-115,-6281.0
247630204,-115,-6286.0
247640204,-115,-6291.0
247650204,-115,-6296.0
247660204,-115,-6301.0
247670212,-115,-6306.0
247680212,-115,-6311.0
247690212,-115,-6317.0
247700212,-115,-6322.0
247710212,-115,-6327.0
247720216,-115,-6332.0
247730216,-115,-6337.0
247740220,-115,-6342.0
247750220,-115,-6347.0
247760224,-115,-6353.0
247770224,-115,-6358.0
247780224,-115,-6363.0
247790224,-115,-6368.0
247800232,-115,-6373.0
247810232,-180,-6378.0
247820232,-180,-6384.0
247830240,-180,-6391.0
247840248,-180,-6399.0
247850248,-180,-6406.0
247860256,-180,-6414.0
247870260,-180,-6422.0
247880268,-180,-6430.0
247890268,-180,-6438.0
247900276,-180,-6446.0
247910284,-180,-6454.0
247920292,-180,-6462.0
247930296,-180,-6470.0
247940304,-180,-6478.0
247950308,-180,-6487.0
247960308,-180,-6495.0
247970316,-180,-6503.0
247980320,-180,-6511.0
247990328,-180,-6519.0
248000336,-180,-6527.0
248010340,-180,-6535.0
248020344,-180,-6543.0
248030352,-180,-6551.0
248040360,-180,-6559.0
248050364,-180,-6568.0
248060368,-180,-6576.0
248070376,-180,-6584.0
248080384,-180,-6592.0
248090388,-180,-6600.0
248100396,-180,-6608.0
248110396,-180,-6616.0
248120396,-180,-6624.0
248130404,-180,-6632.0
248140412,-180,-6641.0
248150412,-180,-6649.0
248160420,-180,-6657.0
248170428,-180,-6665.0
248180432,-180,-6673.0
248190444,-180,-6681.0
248200444,-180,-6689.0
248210452,-180,-6697.0
248220452,-180,-6705.0
248230456,-180,-6713.0
248240460,-180,-6722.0
248250464,-180,-6730.0
248260472,-180,-6738.0
248270472,-180,-6746.0
248280472,-180,-6754.0
248290480,-180,-6762.0
248300488,-180,-6770.0
248310496,-180,-6778.0
248320504,-180,-6786.0
248330512,-180,-6795.0
248340512,-180,-6803.0
248350516,-180,-6811.0
248360524,-180,-6819.0
248370524,-180,-6827.0
248380524,-180,-6835.0
248390532,-180,-6843.0
248400540,-180,-6851.0
248410540,-180,-6859.0
248420548,-180,-6867.0
248430556,-180,-6876.0
248440564,-180,-6884.0
248450572,-180,-6892.0
248460572,-180,-6900.0
248470580,-180,-6908.0
248480588,-180,-6916.0
248490592,-180,-6924.0
248500596,-180,-6932.0
248510604,-179,-6940.0
248520604,-179,-6948.0
248530612,-179,-6957.0
248540612,-179,-6965.0
248550612,-179,-6973.0
248560616,-179,-6981.0
248570616,-179,-6989.0
248580616,-179,-6997.0
248590616,-179,-7005.0
248600616,-179,-7013.0
248610624,-179,-7021.0
248620624,-179,-7029.0
248630624,-179,-7037.0
248640624,-179,-7045.0
248650632,-179,-7053.0
248660640,-179,-7061.0
248670640,-179,-7069.0
248680648,-179,-7077.0
248690656,-179,-7085.0
248700664,-179,-7094.0
248710664,-179,-7102.0
248720664,-179,-7110.0
248730672,-179,-7118.0
248740680,-179,-7126.0
248750688,-179,-7134.0
248760692,-179,-7142.0
248770700,-179,-7150.0
248780708,-179,-7158.0
248790708,-179,-7166.0
248800712,-179,-7174.0
248810720,-179,-7182.0
248820720,-179,-7190.0
248830728,-179,-7198.0
248840728,-179,-7206.0
248850728,-179,-7214.0
248860736,-179,-7222.0
248870744,-179,-7231.0
248880744,-179,-7239.0
248890744,-179,-7247.0
248900744,-179,-7255.0
248910752,-179,-7263.0
248920760,-179,-7271.0
248930764,-179,-7279.0
248940764,-179,-7287.0
248950772,-179,-7295.0
248960772,-179,-7303.0
248970780,-179,-7311.0
248980780,-179,-7319.0
248990780,-179,-7327.0
249000780,-179,-7335.0
249010788,-179,-7343.0
249020792,-179,-7351.0
249030792,-179,-7360.0
249040792,-179,-7368.0
249050796,-179,-7376.0
249060800,-179,-7384.0
249070804,-179,-7392.0
249080812,-179,-7400.0
249090820,-179,-7408.0
249100828,-179,-7416.0
249110828,-179,-7424.0
249120836,-179,-7432.0
249130844,-179,-7440.0
249140848,-179,-7448.0
249150848,-179,-7456.0
249160848,-179,-7464.0
249170856,-179,-7472.0
249180864,-179,-7480.0
249190864,-179,-7488.0
249200872,-179,-7497.0
249210880,-207,-7505.0
249220888,-207,-7513.0
249230896,-207,-7522.0
249240896,-207,-7531.0
249250904,-207,-7540.0
249260912,-207,-7549.0
249270920,-207,-7558.0
249280920,-207,-7567.0
249290928,-207,-7577.0
249300936,-207,-7586.0
249310944,-207,-7595.0
249320944,-207,-7604.0
249330944,-207,-7614.0
249340952,-207,-7623.0
249350952,-207,-7632.0
249360960,-207,-7642.0
249370960,-207,-7651.0
249380968,-207,-7660.0
249390972,-207,-7670.0
249400972,-207,-7679.0
249410972,-207,-7688.0
249420980,-207,-7698.0
249430988,-207,-7707.0
249440996,-207,-7716.0
249451004,-207,-7726.0
249461004,-207,-7735.0
249471012,-207,-7744.0
249481020,-207,-7754.0
249491024,-207,-7763.0
249501028,-207,-7772.0
249511036,-207,-7782.0
249521044,-207,-7791.0
249531052,-207,-7800.0
249541052,-207,-7810.0
249551052,-207,-7819.0
249561060,-207,-7828.0
249571068,-207,-7838.0
249581076,-207,-7847.0
249591080,-207,-7856.0
249601088,-207,-7866.0
249611092,-207,-7875.0
249621100,-207,-7884.0
249631100,-207,-7894.0
249641108,-207,-7903.0
249651116,-207,-7912.0
249661124,-207,-7922.0
249671124,-207,-7931.0
249681124,-207,-7940.0
249691128,-207,-7950.0
249701128,-207,-7959.0
249711136,-207,-7968.0
249721136,-207,-7978.0
249731144,-207,-7987.0
249741144,-207,-7996.0
249751148,-207,-8006.0
249761152,-207,-8015.0
249771156,-207,-8024.0
249781156,-207,-8033.0
249791160,-207,-8043.0
249801160,-207,-8052.0
249811160,-207,-8061.0
249821164,-207,-8071.0
249831164,-207,-8080.0
249841168,-207,-8089.0
249851172,-207,-8099.0
249861180,-207,-8108.0
249871184,-207,-8117.0
249881188,-207,-8127.0
249891192,-207,-8136.0
249901196,-207,-8145.0
249911196,172,-8154.0
249921200,172,-8157.0
249931200,172,-8155.0
249941200,172,-8151.0
249951204,172,-8145.0
249961204,172,-8139.0
249971204,172,-8132.0
249981208,172,-8124.0
249991208,172,-8117.0
250001208,172,-8109.0
250011208,172,-8101.0
250021212,172,-8094.0
250031212,172,-8086.0
250041212,172,-8078.0
250051212,172,-8070.0
250061216,172,-8062.0
250071216,172,-8055.0
250081216,172,-8047.0
250091216,172,-8039.0
250101224,172,-8031.0
250111232,172,-8023.0
250121232,172,-8015.0
250131232,172,-8008.0
250141232,172,-8000.0
250151236,172,-7992.0
250161240,172,-7984.0
250171240,172,-7976.0
250181240,172,-7968.0
250191248,172,-7960.0
250201252,172,-7953.0
250211252,172,-7945.0
250221256,172,-7937.0
250231260,172,-7929.0
250241264,172,-7921.0
250251264,172,-7913.0
250261264,172,-7906.0
250271268,172,-7898.0
250281272,172,-7890.0
250291272,172,-7882.0
250301272,172,-7874.0
250311276,172,-7866.0
250321284,172,-7859.0
250331284,172,-7851.0
250341284,172,-7843.0
250351284,172,-7835.0
250361292,172,-7827.0
250371292,172,-7819.0
250381296,172,-7812.0
250391296,172,-7804.0
250401296,172,-7796.0
250411300,172,-7788.0
250421300,172,-7780.0
250431300,172,-7772.0
250441304,172,-7765.0
250451308,172,-7757.0
250461308,172,-7749.0
250471308,172,-7741.0
250481308,172,-7733.0
250491312,172,-7725.0
250501324,172,-7717.0
250511328,172,-7710.0
250521328,172,-7702.0
250531332,172,-7694.0
250541336,172,-7686.0
250551336,172,-7678.0
250561340,172,-7670.0
250571344,172,-7663.0
250581348,172,-7655.0
250591352,172,-7647.0
250601356,172,-7639.0
250611356,120,-7631.0
250621364,120,-7624.0
250631368,120,-7618.0
250641372,120,-7612.0
250651376,120,-7606.0
250661376,120,-7600.0
250671376,120,-7594.0
250681380,120,-7589.0
250691384,120,-7583.0
250701388,120,-7578.0
250711396,120,-7573.0
250721400,120,-7567.0
250731404,120,-7562.0
250741408,120,-7556.0
250751416,120,-7551.0
250761420,120,-7545.0
250771424,120,-7540.0
250781428,120,-7534.0
250791432,120,-7529.0
250801440,120,-7524.0
250811444,120,-7518.0
250821448,120,-7513.0
250831452,120,-7507.0
250841452,120,-7502.0
250851456,120,-7496.0
250861460,120,-7491.0
250871464,120,-7485.0
250881464,120,-7480.0
250891464,120,-7475.0
250901464,120,-7469.0
250911468,120,-7464.0
250921472,120,-7458.0
250931480,120,-7453.0
250941480,120,-7448.0
250951484,120,-7442.0
250961488,120,-7437.0
250971496,120,-7431.0
250981500,120,-7426.0
250991504,120,-7420.0
251001508,120,-7415.0
251011516,120,-7409.0
251021520,120,-7404.0
251031520,120,-7399.0
251041524,120,-7393.0
251051528,120,-7388.0
251061536,120,-7382.0
251071540,120,-7377.0
251081544,120,-7371.0
251091548,120,-7366.0
251101556,120,-7361.0
251111556,120,-7355.0
251121560,120,-7350.0
251131564,120,-7344.0
251141564,120,-7339.0
251151568,120,-7333.0
251161572,120,-7328.0
251171576,120,-7323.0
251181580,120,-7317.0
251191580,120,-7312.0
251201584,120,-7306.0
251211584,120,-7301.0
251221588,120,-7295.0
251231596,120,-7290.0
251241600,120,-7284.0
251251600,120,-7279.0
251261604,120,-7274.0
251271612,120,-7268.0
251281616,120,-7263.0
251291620,120,-7257.0
251301620,120,-7252.0
251311624,63,-7247.0
251321624,63,-7242.0
251331628,63,-7238.0
251341632,63,-7235.0
251351636,63,-7232.0
251361636,63,-7229.0
251371644,63,-7226.0
251381648,63,-7223.0
251391656,63,-7220.0
251401656,63,-7217.0
251411660,63,-7215.0
251421668,63,-7212.0
251431672,63,-7209.0
251441680,63,-7206.0
251451680,63,-7203.0
251461684,63,-7200.0
251471692,63,-7198.0
251481700,63,-7195.0
251491700,63,-7192.0
251501704,63,-7189.0
251511704,63,-7186.0
251521708,63,-7184.0
251531708,63,-7181.0
251541716,63,-7178.0
251551720,63,-7175.0
251561728,63,-7172.0
251571736,63,-7170.0
251581736,63,-7167.0
251591740,63,-7164.0
251601740,63,-7161.0
251611744,63,-7158.0
251621744,63,-7156.0
251631752,63,-7153.0
251641760,63,-7150.0
251651768,63,-7147.0
251661768,63,-7144.0
251671772,63,-7141.0
251681776,63,-7139.0
251691780,63,-7136.0
251701784,63,-7133.0
251711784,63,-7130.0
251721792,63,-7128.0
251731796,63,-7125.0
251741800,63,-7122.0
251751800,63,-7119.0
251761804,63,-7116.0
251771808,63,-7113.0
251781816,63,-7111.0
251791816,63,-7108.0
251801820,63,-7105.0
251811824,63,-7102.0
251821832,63,-7099.0
251831840,63,-7097.0
251841840,63,-7094.0
251851844,63,-7091.0
251861848,63,-7088.0
251871856,63,-7085.0
251881856,63,-7083.0
251891860,63,-7080.0
251901864,63,-7077.0
251911864,63,-7074.0
251921872,63,-7071.0
251931876,63,-7069.0
251941880,63,-7066.0
251951888,63,-7063.0
251961892,63,-7060.0
251971892,63,-7057.0
251981896,63,-7055.0
251991900,63,-7052.0
252001908,63,-7049.0
252011908,158,-7046.0
252021912,158,-7042.0
252031912,158,-7036.0
252041916,158,-7030.0
252051924,158,-7023.0
252061924,158,-7016.0
252071928,158,-7009.0
252081928,158,-7002.0
252091932,158,-6995.0
252101936,158,-6988.0
252111940,158,-6981.0
252121944,158,-6974.0
252131944,158,-6967.0
252141952,158,-6960.0
252151952,158,-6952.0
252161956,158,-6945.0
252171956,158,-6938.0
252181964,158,-6931.0
252191964,158,-6924.0
252201964,158,-6916.0
252211968,158,-6909.0
252221968,158,-6902.0
252231976,158,-6895.0
252241976,158,-6888.0
252251976,158,-6881.0
252261976,158,-6873.0
252271976,158,-6866.0
252281980,158,-6859.0
252291980,158,-6852.0
252301984,158,-6845.0
252311988,158,-6838.0
252321992,158,-6830.0
252331992,158,-6823.0
252341996,158,-6816.0
252351996,158,-6809.0
252362004,158,-6802.0
252372004,158,-6795.0
252382004,158,-6788.0
252392004,158,-6780.0
252402012,158,-6773.0
252412012,158,-6766.0
252422012,158,-6759.0
252432012,158,-6752.0
252442020,158,-6745.0
252452028,158,-6737.0
252462028,158,-6730.0
252472032,158,-6723.0
252482032,158,-6716.0
252492036,158,-6709.0
252502040,158,-6702.0
252512040,158,-6694.0
252522040,158,-6687.0
252532044,158,-6680.0
252542044,158,-6673.0
252552048,158,-6666.0
252562048,158,-6659.0
252572052,158,-6651.0
252582052,158,-6644.0
252592056,158,-6637.0
252602056,158,-6630.0
252612064,158,-6623.0
252622064,158,-6616.0
252632064,158,-6608.0
252642068,158,-6601.0
252652068,158,-6594.0
252662072,158,-6587.0
252672076,158,-6580.0
252682076,158,-6573.0
252692076,158,-6565.0
252702080,158,-6558.0
252712084,132,-6551.0
252722084,132,-6544.0
252732088,132,-6538.0
252742096,132,-6532.0
252752096,132,-6526.0
252762100,132,-6519.0
252772100,132,-6513.0
252782104,132,-6507.0
252792112,132,-6502.0
252802116,132,-6496.0
252812116,132,-6490.0
252822116,132,-6484.0
252832124,132,-6478.0
252842124,132,-6472.0
252852124,132,-6466.0
252862128,132,-6460.0
252872132,132,-6454.0
252882136,132,-6448.0
252892136,132,-6442.0
252902140,132,-6436.0
252912140,132,-6430.0
252922148,132,-6424.0
252932152,132,-6418.0
252942152,132,-6412.0
252952152,132,-6406.0
252962160,132,-6400.0
252972160,132,-6394.0
252982160,132,-6388.0
252992164,132,-6382.0
253002172,132,-6376.0
253012172,132,-6370.0
253022176,132,-6364.0
253032180,132,-6358.0
253042180,132,-6352.0
253052180,132,-6346.0
253062180,132,-6340.0
253072184,132,-6335.0
253082188,132,-6329.0
253092196,132,-6323.0
253102196,132,-6317.0
253112200,132,-6311.0
253122204,132,-6305.0
253132204,132,-6299.0
253142208,132,-6293.0
253152212,132,-6287.0
253162212,132,-6281.0
253172216,132,-6275.0
253182224,132,-6269.0
253192228,132,-6263.0
253202228,132,-6257.0
253212232,132,-6251.0
253222240,132,-6245.0
253232240,132,-6239.0
253242244,132,-6233.0
253252248,132,-6227.0
253262256,132,-6221.0
253272260,132,-6215.0
253282264,132,-6209.0
253292264,132,-6203.0
253302268,132,-6197.0
253312276,132,-6191.0
253322280,132,-6185.0
253332280,132,-6179.0
253342284,132,-6173.0
253352292,132,-6167.0
253362296,132,-6161.0
253372300,132,-6155.0
253382304,132,-6149.0
253392312,132,-6143.0
253402316,132,-6138.0
253412320,-72,-6132.0
253422320,-72,-6130.0
253432324,-72,-6130.0
253442324,-72,-6132.0
253452324,-72,-6134.0
253462324,-72,-6137.0
253472328,-72,-6140.0
253482332,-72,-6143.0
253492332,-72,-6146.0
253502332,-72,-6149.0
253512336,-72,-6152.0
253522340,-72,-6155.0
253532344,-72,-6159.0
253542344,-72,-6162.0
253552348,-72,-6165.0
253562352,-72,-6168.0
253572356,-72,-6171.0
253582360,-72,-6174.0
253592360,-72,-6178.0
253602364,-72,-6181.0
253612368,-72,-6184.0
253622372,-72,-6187.0
253632372,-72,-6190.0
253642372,-72,-6194.0
253652380,-72,-6197.0
253662380,-72,-6200.0
253672384,-72,-6203.0
253682384,-72,-6206.0
253692384,-72,-6209.0
253702384,-72,-6213.0
253712388,-72,-6216.0
253722388,-72,-6219.0
253732392,-72,-6222.0
253742396,-72,-6225.0
253752400,-72,-6229.0
253762400,-72,-6232.0
253772404,-72,-6235.0
253782412,-72,-6238.0
253792412,-72,-6241.0
253802412,-72,-6245.0
253812416,-72,-6248.0
253822420,-72,-6251.0
253832424,-72,-6254.0
253842424,-72,-6257.0
253852428,-72,-6260.0
253862428,-72,-6264.0
253872432,-72,-6267.0
253882436,-72,-6270.0
253892440,-72,-6273.0
253902440,-72,-6276.0
253912448,-72,-6280.0
253922448,-72,-6283.0
253932452,-72,-6286.0
253942456,-72,-6289.0
253952464,-72,-6292.0
253962472,-72,-6296.0
253972472,-72,-6299.0
253982472,-72,-6302.0
253992476,-72,-6305.0
254002484,-72,-6308.0
254012484,-72,-6312.0
254022484,-72,-6315.0
254032488,-72,-6318.0
254042492,-72,-6321.0
254052492,-72,-6324.0
254062496,-72,-6327.0
254072496,-72,-6331.0
254082504,-72,-6334.0
254092504,-72,-6337.0
254102504,-72,-6340.0
254112508,-146,-6344.0
254122508,-146,-6348.0
254132512,-146,-6353.0
254142512,-146,-6359.0
254152512,-146,-6365.0
254162512,-146,-6371.0
254172516,-146,-6378.0
254182516,-146,-6384.0
254192516,-146,-6391.0
254202516,-146,-6397.0
254212520,-146,-6404.0
254222520,-146,-6410.0
254232528,-146,-6417.0
254242536,-146,-6423.0
254252544,-146,-6430.0
254262548,-146,-6436.0
254272556,-146,-6443.0
254282564,-146,-6450.0
254292572,-146,-6456.0
254302572,-146,-6463.0
254312572,-146,-6469.0
254322572,-146,-6476.0
254332580,-146,-6482.0
254342584,-146,-6489.0
254352592,-146,-6495.0
254362600,-146,-6502.0
254372608,-146,-6509.0
254382616,-146,-6515.0
254392620,-146,-6522.0
254402628,-146,-6528.0
254412636,-146,-6535.0
254422636,-146,-6541.0
254432636,-146,-6548.0
254442636,-146,-6555.0
254452636,-146,-6561.0
254462644,-146,-6568.0
254472648,-146,-6574.0
254482652,-146,-6581.0
254492652,-146,-6587.0
254502660,-146,-6594.0
254512668,-146,-6600.0
254522672,-146,-6607.0
254532680,-146,-6614.0
254542680,-146,-6620.0
254552688,-146,-6627.0
254562692,-146,-6633.0
254572692,-146,-6640.0
254582692,-146,-6646.0
254592700,-146,-6653.0
254602700,-146,-6659.0
254612700,-146,-6666.0
254622700,-146,-6673.0
254632700,-146,-6679.0
254642708,-146,-6686.0
254652712,-146,-6692.0
254662712,-146,-6699.0
254672712,-146,-6705.0
254682720,-146,-6712.0
254692724,-146,-6718.0
254702724,-146,-6725.0
254712732,-146,-6732.0
254722732,-146,-6738.0
254732736,-146,-6745.0
254742744,-146,-6751.0
254752744,-146,-6758.0
254762752,-146,-6764.0
254772752,-146,-6771.0
254782756,-146,-6777.0
254792764,-146,-6784.0
254802772,-146,-6791.0
254812772,-207,-6797.0
254822776,-207,-6805.0
254832780,-207,-6813.0
254842780,-207,-6822.0
254852788,-207,-6831.0
254862788,-207,-6840.0
254872788,-207,-6849.0
254882796,-207,-6858.0
254892804,-207,-6867.0
254902808,-207,-6876.0
254912812,-207,-6886.0
254922820,-207,-6895.0
254932828,-207,-6904.0
254942832,-207,-6914.0
254952836,-207,-6923.0
254962844,-207,-6932.0
254972852,-207,-6942.0
254982860,-207,-6951.0
254992860,-207,-6960.0
255002868,-207,-6970.0
255012876,-207,-6979.0
255022884,-207,-6988.0
255032892,-207,-6998.0
255042892,-207,-7007.0
255052900,-207,-7016.0
255062908,-207,-7026.0
255072916,-207,-7035.0
255082920,-207,-7044.0
255092928,-207,-7054.0
255102936,-207,-7063.0
255112944,-207,-7072.0
255122952,-207,-7082.0
255132956,-207,-7091.0
255142964,-207,-7100.0
255152972,-207,-7110.0
255162980,-207,-7119.0
255172984,-207,-7128.0
255182992,-207,-7138.0
255193000,-207,-7147.0
255203000,-207,-7156.0
255213000,-207,-7165.0
255223008,-207,-7175.0
255233008,-207,-7184.0
255243016,-207,-7193.0
255253024,-207,-7203.0
255263024,-207,-7212.0
255273024,-207,-7221.0
255283032,-207,-7231.0
255293040,-207,-7240.0
255303044,-207,-7249.0
255313052,-207,-7259.0
255323060,-207,-7268.0
255333068,-207,-7277.0
255343076,-207,-7287.0
255353080,-207,-7296.0
255363080,-207,-7305.0
255373088,-207,-7315.0
255383096,-207,-7324.0
255393100,-207,-7333.0
255403108,-207,-7343.0
255413108,-207,-7352.0
255423108,-207,-7361.0
255433108,-207,-7371.0
255443108,-207,-7380.0
255453108,-207,-7389.0
255463116,-207,-7399.0
255473120,-207,-7408.0
255483128,-207,-7417.0
255493128,-207,-7427.0
255503136,-207,-7436.0
255513136,-89,-7445.0
255523140,-89,-7452.0
255533140,-89,-7458.0
255543140,-89,-7464.0
255553144,-89,-7468.0
255563148,-89,-7473.0
255573152,-89,-7477.0
255583156,-89,-7481.0
255593160,-89,-7485.0
255603164,-89,-7489.0
255613164,-89,-7493.0
255623164,-89,-7497.0
255633168,-89,-7501.0
255643168,-89,-7505.0
255653176,-89,-7509.0
255663176,-89,-7513.0
255673176,-89,-7517.0
255683180,-89,-7521.0
255693184,-89,-7525.0
255703184,-89,-7529.0
255713188,-89,-7533.0
255723188,-89,-7537.0
255733196,-89,-7541.0
255743196,-89,-7545.0
255753200,-89,-7549.0
255763204,-89,-7553.0
255773204,-89,-7557.0
255783208,-89,-7561.0
255793212,-89,-7565.0
255803212,-89,-7569.0
255813212,-89,-7573.0
255823220,-89,-7577.0
255833224,-89,-7581.0
255843224,-89,-7584.0
255853228,-89,-7588.0
255863232,-89,-7592.0
255873236,-89,-7596.0
255883236,-89,-7600.0
255893240,-89,-7604.0
255903240,-89,-7608.0
255913248,-89,-7612.0
255923252,-89,-7616.0
255933252,-89,-7620.0
255943256,-89,-7624.0
255953260,-89,-7628.0
255963264,-89,-7632.0
255973268,-89,-7636.0
255983268,-89,-7640.0
255993268,-89,-7644.0
256003272,-89,-7648.0
256013276,-89,-7652.0
256023276,-89,-7656.0
256033284,-89,-7660.0
256043284,-89,-7664.0
256053284,-89,-7668.0
256063292,-89,-7672.0
256073300,-89,-7676.0
256083304,-89,-7680.0
256093312,-89,-7684.0
256103320,-89,-7688.0
256113328,-89,-7692.0
256123328,-89,-7696.0
256133336,-89,-7700.0
256143344,-89,-7704.0
256153344,-89,-7708.0
256163344,-89,-7712.0
256173344,-89,-7716.0
256183344,-89,-7720.0
256193344,-89,-7724.0
256203352,-89,-7728.0
256213356,163,-7731.0
256223360,163,-7730.0
256233364,163,-7726.0
256243364,163,-7720.0
256253368,163,-7714.0
256263368,163,-7707.0
256273368,163,-7700.0
256283376,163,-7693.0
256293376,163,-7686.0
256303380,163,-7679.0
256313380,163,-7671.0
256323380,163,-7664.0
256333380,163,-7657.0
256343384,163,-7649.0
256353384,163,-7642.0
256363384,163,-7634.0
256373384,163,-7627.0
256383400,163,-7619.0
256393400,163,-7612.0
256403400,163,-7605.0
256413400,163,-7597.0
256423400,163,-7590.0
256433404,163,-7582.0
256443404,163,-7575.0
256453404,163,-7568.0
256463404,163,-7560.0
256473408,163,-7553.0
256483408,163,-7545.0
256493408,163,-7538.0
256503408,163,-7531.0
256513412,163,-7523.0
256523420,163,-7516.0
256533420,163,-7508.0
256543420,163,-7501.0
256553424,163,-7493.0
256563424,163,-7486.0
256573424,163,-7479.0
256583424,163,-7471.0
256593428,163,-7464.0
256603432,163,-7456.0
256613432,163,-7449.0
256623432,163,-7442.0
256633432,163,-7434.0
256643440,163,-7427.0
256653448,163,-7419.0
256663448,163,-7412.0
256673448,163,-7405.0
256683452,163,-7397.0
256693452,163,-7390.0
256703452,163,-7382.0
256713452,163,-7375.0
256723452,163,-7367.0
256733456,163,-7360.0
256743456,163,-7353.0
256753456,163,-7345.0
256763460,163,-7338.0
256773464,163,-7330.0
256783464,163,-7323.0
256793464,163,-7315.0
256803464,163,-7308.0
256813472,163,-7301.0
256823472,163,-7293.0
256833472,163,-7286.0
256843480,163,-7278.0
256853480,163,-7271.0
256863484,163,-7264.0
256873484,163,-7256.0
256883484,163,-7249.0
256893484,163,-7241.0
256903488,163,-7234.0
256913488,216,-7226.0
256923488,216,-7218.0
256933496,216,-7209.0
256943500,216,-7200.0
256953508,216,-7190.0
256963508,216,-7181.0
256973516,216,-7171.0
256983520,216,-7161.0
256993528,216,-7151.0
257003536,216,-7142.0
257013536,216,-7132.0
257023544,216,-7122.0
257033548,216,-7112.0
257043548,216,-7102.0
257053556,216,-7092.0
257063564,216,-7082.0
257073568,216,-7073.0
257083576,216,-7063.0
257093584,216,-7053.0
257103584,216,-7043.0
257113592,216,-7033.0
257123596,216,-7023.0
257133596,216,-7013.0
257143596,216,-7004.0
257153596,216,-6994.0
257163600,216,-6984.0
257173608,216,-6974.0
257183616,216,-6964.0
257193616,216,-6954.0
257203616,216,-6944.0
257213616,216,-6935.0
257223616,216,-6925.0
257233616,216,-6915.0
257243624,216,-6905.0
257253624,216,-6895.0
257263632,216,-6885.0
257273632,216,-6875.0
257283640,216,-6866.0
257293640,216,-6856.0
257303648,216,-6846.0
257313656,216,-6836.0
257323664,216,-6826.0
257333664,216,-6816.0
257343664,216,-6806.0
257353664,216,-6797.0
257363672,216,-6787.0
257373680,216,-6777.0
257383680,216,-6767.0
257393688,216,-6757.0
257403696,216,-6747.0
257413704,216,-6737.0
257423716,216,-6727.0
257433716,216,-6718.0
257443724,216,-6708.0
257453732,216,-6698.0
257463736,216,-6688.0
257473744,216,-6678.0
257483744,216,-6668.0
257493752,216,-6658.0
257503752,216,-6649.0
257513756,216,-6639.0
257523764,216,-6629.0
257533764,216,-6619.0
257543764,216,-6609.0
257553764,216,-6599.0
257563772,216,-6589.0
257573772,216,-6580.0
257583780,216,-6570.0
257593784,216,-6560.0
257603792,216,-6550.0
257613800,-126,-6542.0
257623808,-126,-6539.0
257633808,-126,-6539.0
257643812,-126,-6542.0
257653820,-126,-6546.0
257663828,-126,-6551.0
257673836,-126,-6556.0
257683840,-126,-6561.0
257693844,-126,-6567.0
257703844,-126,-6572.0
257713852,-126,-6578.0
257723852,-126,-6583.0
257733852,-126,-6589.0
257743860,-126,-6595.0
257753868,-126,-6600.0
257763876,-126,-6606.0
257773876,-126,-6612.0
257783876,-126,-6617.0
257793884,-126,-6623.0
257803892,-126,-6629.0
257813892,-126,-6634.0
257823892,-126,-6640.0
257833900,-126,-6646.0
257843900,-126,-6651.0
257853900,-126,-6657.0
257863900,-126,-6663.0
257873908,-126,-6668.0
257883908,-126,-6674.0
257893916,-126,-6680.0
257903920,-126,-6685.0
257913920,-126,-6691.0
257923928,-126,-6697.0
257933936,-126,-6702.0
257943940,-126,-6708.0
257953940,-126,-6713.0
257963948,-126,-6719.0
257973948,-126,-6725.0
257983948,-126,-6730.0
257993948,-126,-6736.0
258003948,-126,-6742.0
258013948,-126,-6747.0
258023956,-126,-6753.0
258033960,-126,-6759.0
258043960,-126,-6764.0
258053960,-126,-6770.0
258063964,-126,-6776.0
258073968,-126,-6781.0
258083976,-126,-6787.0
258093984,-126,-6793.0
258103992,-126,-6798.0
258113992,-126,-6804.0
258123992,-126,-6810.0
258133992,-126,-6815.0
258144000,-126,-6821.0
258154004,-126,-6827.0
258164008,-126,-6832.0
258174016,-126,-6838.0
258184024,-126,-6844.0
258194032,-126,-6849.0
258204036,-126,-6855.0
258214044,-126,-6861.0
258224052,-126,-6866.0
258234060,-126,-6872.0
258244060,-126,-6878.0
258254060,-126,-6883.0
258264064,-126,-6889.0
258274064,-126,-6895.0
258284072,-126,-6900.0
258294072,-126,-6906.0
258304072,-126,-6911.0
258314076,184,-6915.0
258324084,184,-6915.0
258334088,184,-6911.0
258344092,184,-6905.0
258354092,184,-6898.0
258364092,184,-6891.0
258374096,184,-6883.0
258384096,184,-6875.0
258394096,184,-6867.0
258404096,184,-6859.0
258414096,184,-6850.0
258424100,184,-6842.0
258434100,184,-6834.0
258444108,184,-6825.0
258454108,184,-6817.0
258464112,184,-6809.0
258474112,184,-6800.0
258484120,184,-6792.0
258494120,184,-6784.0
258504124,184,-6775.0
258514124,184,-6767.0
258524124,184,-6758.0
258534124,184,-6750.0
258544124,184,-6742.0
258554128,184,-6733.0
258564128,184,-6725.0
258574136,184,-6716.0
258584136,184,-6708.0
258594140,184,-6700.0
258604148,184,-6691.0
258614148,184,-6683.0
258624148,184,-6675.0
258634148,184,-6666.0
258644148,184,-6658.0
258654148,184,-6649.0
258664148,184,-6641.0
258674156,184,-6633.0
258684160,184,-6624.0
258694160,184,-6616.0
258704160,184,-6607.0
258714168,184,-6599.0
258724172,184,-6591.0
258734180,184,-6582.0
258744180,184,-6574.0
258754188,184,-6565.0
258764192,184,-6557.0
258774192,184,-6549.0
258784192,184,-6540.0
258794192,184,-6532.0
258804204,184,-6524.0
258814208,184,-6515.0
258824208,184,-6507.0
258834208,184,-6498.0
258844208,184,-6490.0
258854212,184,-6482.0
258864212,184,-6473.0
258874212,184,-6465.0
258884220,184,-6456.0
258894224,184,-6448.0
258904232,184,-6440.0
258914240,184,-6431.0
258924240,184,-6423.0
258934248,184,-6414.0
258944248,184,-6406.0
258954248,184,-6398.0
258964248,184,-6389.0
258974248,184,-6381.0
258984252,184,-6373.0
258994252,184,-6364.0
259004252,184,-6356.0
259014256,-170,-6349.0
259024264,-170,-6348.0
259034264,-170,-6350.0
259044264,-170,-6355.0
259054264,-170,-6361.0
259064264,-170,-6368.0
259074264,-170,-6375.0
259084272,-170,-6382.0
259094280,-170,-6389.0
259104280,-170,-6397.0
259114280,-170,-6405.0
259124288,-170,-6412.0
259134292,-170,-6420.0
259144292,-170,-6427.0
259154292,-170,-6435.0
259164300,-170,-6443.0
259174308,-170,-6450.0
259184316,-170,-6458.0
259194316,-170,-6466.0
259204316,-170,-6473.0
259214320,-170,-6481.0
259224328,-170,-6489.0
259234336,-170,-6496.0
259244336,-170,-6504.0
259254340,-170,-6512.0
259264340,-170,-6519.0
259274344,-170,-6527.0
259284348,-170,-6535.0
259294352,-170,-6542.0
259304352,-170,-6550.0
259314356,-170,-6558.0
259324360,-170,-6565.0
259334368,-170,-6573.0
259344376,-170,-6581.0
259354384,-170,-6588.0
259364388,-170,-6596.0
259374392,-170,-6604.0
259384400,-170,-6611.0
259394404,-170,-6619.0
259404412,-170,-6627.0
259414416,-170,-6634.0
259424420,-170,-6642.0
259434428,-170,-6650.0
259444436,-170,-6657.0
259454444,-170,-6665.0
259464444,-170,-6673.0
259474444,-170,-6680.0
259484448,-170,-6688.0
259494448,-170,-6696.0
259504448,-170,-6703.0
259514456,-170,-6711.0
259524456,-170,-6719.0
259534464,-170,-6726.0
259544464,-170,-6734.0
259554468,-170,-6742.0
259564476,-170,-6750.0
259574484,-170,-6757.0
259584492,-170,-6765.0
259594492,-170,-6773.0
259604496,-170,-6780.0
259614504,-170,-6788.0
259624512,-170,-6796.0
259634512,-170,-6803.0
259644512,-170,-6811.0
259654520,-170,-6819.0
259664528,-170,-6826.0
259674528,-170,-6834.0
259684536,-170,-6842.0
259694544,-170,-6849.0
259704552,-170,-6857.0
259714552,238,-6862.0
259724560,238,-6862.0
259734564,238,-6857.0
259744564,238,-6849.0
259754564,238,-6841.0
259764568,238,-6831.0
259774576,238,-6821.0
259784576,238,-6811.0
259794584,238,-6801.0
259804588,238,-6790.0
259814596,238,-6780.0
259824596,238,-6769.0
259834604,238,-6758.0
259844604,238,-6747.0
259854608,238,-6737.0
259864612,238,-6726.0
259874612,238,-6715.0
259884620,238,-6704.0
259894624,238,-6693.0
259904632,238,-6682.0
259914640,238,-6671.0
259924648,238,-6661.0
259934648,238,-6650.0
259944648,238,-6639.0
259954656,238,-6628.0
259964656,238,-6617.0
259974664,238,-6606.0
259984664,238,-6595.0
259994664,238,-6585.0
260004664,238,-6574.0
260014672,238,-6563.0
260024672,238,-6552.0
260034680,238,-6541.0
260044688,238,-6530.0
260054688,238,-6519.0
260064688,238,-6508.0
260074688,238,-6498.0
260084696,238,-6487.0
260094696,238,-6476.0
260104704,238,-6465.0
260114704,238,-6454.0
260124704,238,-6443.0
260134712,238,-6432.0
260144712,238,-6422.0
260154712,238,-6411.0
260164712,238,-6400.0
260174716,238,-6389.0
260184716,238,-6378.0
260194720,238,-6367.0
260204720,238,-6356.0
260214728,238,-6345.0
260224728,238,-6335.0
260234736,238,-6324.0
260244740,238,-6313.0
260254748,238,-6302.0
260264748,238,-6291.0
260274756,238,-6280.0
260284760,238,-6269.0
260294768,238,-6258.0
260304768,238,-6248.0
260314768,238,-6237.0
260324772,238,-6226.0
260334772,238,-6215.0
260344780,238,-6204.0
260354780,238,-6193.0
260364788,238,-6182.0
260374792,238,-6172.0
260384792,238,-6161.0
260394792,238,-6150.0
260404792,238,-6139.0
260414792,232,-6128.0
260424792,232,-6117.0
260434792,232,-6107.0
260444792,232,-6096.0
260454796,232,-6085.0
260464804,232,-6075.0
260474804,232,-6064.0
260484804,232,-6053.0
260494808,232,-6043.0
260504816,232,-6032.0
260514828,232,-6021.0
260524836,232,-6011.0
260534844,232,-6000.0
260544848,232,-5990.0
260554856,232,-5979.0
260564856,232,-5968.0
260574864,232,-5958.0
260584868,232,-5947.0
260594868,232,-5937.0
260604876,232,-5926.0
260614876,232,-5915.0
260624884,232,-5905.0
260634888,232,-5894.0
260644896,232,-5884.0
260654896,232,-5873.0
260664904,232,-5862.0
260674908,232,-5852.0
260684916,232,-5841.0
260694924,232,-5831.0
260704924,232,-5820.0
260714924,232,-5809.0
260724924,232,-5799.0
260734924,232,-5788.0
260744924,232,-5778.0
260754932,232,-5767.0
260764936,232,-5756.0
260774936,232,-5746.0
260784936,232,-5735.0
260794936,232,-5725.0
260804940,232,-5714.0
260814948,232,-5703.0
260824948,232,-5693.0
260834948,232,-5682.0
260844948,232,-5672.0
260854948,232,-5661.0
260864948,232,-5650.0
260874956,232,-5640.0
260884956,232,-5629.0
260894956,232,-5619.0
260904964,232,-5608.0
260914972,232,-5597.0
260924972,232,-5587.0
260934976,232,-5576.0
260944976,232,-5566.0
260954976,232,-5555.0
260964984,232,-5544.0
260974988,232,-5534.0
260984988,232,-5523.0
260994988,232,-5513.0
261004996,232,-5502.0
261015000,232,-5491.0
261025000,232,-5481.0
261035008,232,-5470.0
261045008,232,-5460.0
261055008,232,-5449.0
261065012,232,-5438.0
261075012,232,-5428.0
261085012,232,-5417.0
261095012,232,-5407.0
261105016,232,-5396.0
261115020,-228,-5388.0
261125024,-228,-5387.0
261135032,-228,-5391.0
261145036,-228,-5398.0
261155044,-228,-5406.0
261165052,-228,-5415.0
261175056,-228,-5424.0
261185064,-228,-5434.0
261195064,-228,-5444.0
261205072,-228,-5454.0
261215076,-228,-5464.0
261225084,-228,-5474.0
261235084,-228,-5484.0
261245092,-228,-5494.0
261255096,-228,-5505.0
261265104,-228,-5515.0
261275112,-228,-5525.0
261285112,-228,-5535.0
261295120,-228,-5546.0
261305128,-228,-5556.0
261315136,-228,-5566.0
261325136,-228,-5576.0
261335144,-228,-5587.0
261345148,-228,-5597.0
261355148,-228,-5607.0
261365148,-228,-5618.0
261375156,-228,-5628.0
261385164,-228,-5638.0
261395168,-228,-5648.0
261405176,-228,-5659.0
261415180,-228,-5669.0
261425184,-228,-5679.0
261435184,-228,-5689.0
261445192,-228,-5700.0
261455192,-228,-5710.0
261465200,-228,-5720.0
261475208,-228,-5731.0
261485216,-228,-5741.0
261495216,-228,-5751.0
261505224,-228,-5761.0
261515228,-228,-5772.0
261525236,-228,-5782.0
261535244,-228,-5792.0
261545244,-228,-5802.0
261555252,-228,-5813.0
261565256,-228,-5823.0
261575256,-228,-5833.0
261585256,-228,-5844.0
261595264,-228,-5854.0
261605272,-228,-5864.0
261615276,-228,-5874.0
261625280,-228,-5885.0
261635288,-228,-5895.0
261645292,-228,-5905.0
261655308,-228,-5916.0
261665308,-228,-5926.0
261675308,-228,-5936.0
261685312,-228,-5946.0
261695312,-228,-5957.0
261705320,-228,-5967.0
261715320,-228,-5977.0
261725328,-228,-5987.0
261735336,-228,-5998.0
261745344,-228,-6008.0
261755344,-228,-6018.0
261765352,-228,-6029.0
261775360,-228,-6039.0
261785364,-228,-6049.0
261795364,-228,-6059.0
261805364,-228,-6070.0
261815364,226,-6077.0
261825372,226,-6079.0
261835376,226,-6075.0
261845376,226,-6069.0
261855376,226,-6061.0
261865376,226,-6052.0
261875380,226,-6043.0
261885384,226,-6033.0
261895384,226,-6024.0
261905384,226,-6014.0
261915384,226,-6004.0
261925388,226,-5994.0
261935392,226,-5984.0
261945392,226,-5973.0
261955392,226,-5963.0
261965392,226,-5953.0
261975396,226,-5942.0
261985400,226,-5932.0
261995400,226,-5922.0
262005400,226,-5912.0
262015404,226,-5901.0
262025404,226,-5891.0
262035404,226,-5881.0
262045404,226,-5870.0
262055408,226,-5860.0
262065412,226,-5850.0
262075412,226,-5839.0
262085412,226,-5829.0
262095412,226,-5819.0
262105416,226,-5808.0
262115416,226,-5798.0
262125420,226,-5788.0
262135420,226,-5777.0
262145424,226,-5767.0
262155428,226,-5757.0
262165436,226,-5746.0
262175444,226,-5736.0
262185452,226,-5726.0
262195452,226,-5715.0
262205456,226,-5705.0
262215464,226,-5695.0
262225472,226,-5684.0
262235472,226,-5674.0
262245480,226,-5664.0
262255488,226,-5653.0
262265496,226,-5643.0
262275496,226,-5633.0
262285504,226,-5622.0
262295512,226,-5612.0
262305520,226,-5602.0
262315524,226,-5591.0
262325528,226,-5581.0
262335536,226,-5571.0
262345544,226,-5560.0
262355544,226,-5550.0
262365544,226,-5540.0
262375544,226,-5530.0
262385548,226,-5519.0
262395548,226,-5509.0
262405552,226,-5499.0
262415556,226,-5488.0
262425564,226,-5478.0
262435568,226,-5468.0
262445576,226,-5457.0
262455576,226,-5447.0
262465584,226,-5437.0
262475592,226,-5426.0
262485596,226,-5416.0
262495600,226,-5406.0
262505604,226,-5395.0
262515604,-189,-5387.0
262525612,-189,-5386.0
262535616,-189,-5389.0
262545624,-189,-5394.0
262555628,-189,-5401.0
262565632,-189,-5408.0
262575640,-189,-5416.0
262585640,-189,-5424.0
262595644,-189,-5432.0
262605648,-189,-5441.0
262615652,-189,-5449.0
262625652,-189,-5458.0
262635656,-189,-5466.0
262645660,-189,-5474.0
262655664,-189,-5483.0
262665668,-189,-5492.0
262675672,-189,-5500.0
262685676,-189,-5509.0
262695684,-189,-5517.0
262705688,-189,-5526.0
262715688,-189,-5534.0
262725692,-189,-5543.0
262735700,-189,-5551.0
262745704,-189,-5560.0
262755704,-189,-5568.0
262765708,-189,-5577.0
262775716,-189,-5585.0
262785720,-189,-5594.0
262795720,-189,-5602.0
262805728,-189,-5611.0
262815732,-189,-5619.0
262825736,-189,-5628.0
262835744,-189,-5636.0
262845752,-189,-5645.0
262855756,-189,-5653.0
262865764,-189,-5662.0
262875768,-189,-5670.0
262885768,-189,-5679.0
262895776,-189,-5687.0
262905780,-189,-5696.0
262915788,-189,-5704.0
262925804,-189,-5713.0
262935804,-189,-5721.0
262945808,-189,-5730.0
262955816,-189,-5738.0
262965820,-189,-5747.0
262975820,-189,-5755.0
262985828,-189,-5764.0
262995832,-189,-5772.0
263005840,-189,-5781.0
263015840,-189,-5789.0
263025844,-189,-5798.0
263035852,-189,-5806.0
263045856,-189,-5815.0
263055864,-189,-5823.0
263065872,-189,-5832.0
263075876,-189,-5840.0
263085884,-189,-5849.0
263095888,-189,-5857.0
263105888,-189,-5866.0
263115896,-189,-5875.0
263125904,-189,-5883.0
263135908,-189,-5892.0
263145912,-189,-5900.0
263155916,-189,-5909.0
263165916,-189,-5917.0
263175924,-189,-5926.0
263185928,-189,-5934.0
263195928,-189,-5943.0
263205936,84,-5951.0
263215936,84,-5957.0
263225940,84,-5959.0
263235940,84,-5958.0
263245944,84,-5956.0
263255948,84,-5953.0
263265952,84,-5950.0
263275960,84,-5946.0
263285964,84,-5943.0
263295964,84,-5939.0
263305968,84,-5935.0
263315972,84,-5931.0
263325980,84,-5928.0
263335984,84,-5924.0
263345984,84,-5920.0
263355988,84,-5916.0
263365988,84,-5913.0
263375992,84,-5909.0
263385996,84,-5905.0
263396000,84,-5901.0
263406004,84,-5898.0
263416008,84,-5894.0
263426012,84,-5890.0
263436012,84,-5886.0
263446016,84,-5882.0
263456024,84,-5879.0
263466024,84,-5875.0
263476028,84,-5871.0
263486028,84,-5867.0
263496036,84,-5864.0
263506036,84,-5860.0
263516040,84,-5856.0
263526044,84,-5852.0
263536048,84,-5848.0
263546052,84,-5845.0
263556056,84,-5841.0
263566056,84,-5837.0
263576060,84,-5833.0
263586060,84,-5830.0
263596060,84,-5826.0
263606064,84,-5822.0
263616068,84,-5818.0
263626076,84,-5815.0
263636076,84,-5811.0
263646080,84,-5807.0
263656084,84,-5803.0
263666092,84,-5800.0
263676096,84,-5796.0
263686100,84,-5792.0
263696100,84,-5788.0
263706100,84,-5784.0
263716108,84,-5781.0
263726108,84,-5777.0
263736112,84,-5773.0
263746112,84,-5769.0
263756112,84,-5766.0
263766112,84,-5762.0
263776116,84,-5758.0
263786120,84,-5754.0
263796124,84,-5750.0
263806128,84,-5747.0
263816132,84,-5743.0
263826132,84,-5739.0
263836136,84,-5735.0
263846144,84,-5732.0
263856148,84,-5728.0
263866148,84,-5724.0
263876152,84,-5720.0
263886160,84,-5717.0
263896160,84,-5713.0
263906164,-135,-5709.0
263916164,-135,-5707.0
263926172,-135,-5708.0
263936180,-135,-5712.0
263946188,-135,-5716.0
263956188,-135,-5721.0
263966196,-135,-5727.0
263976200,-135,-5733.0
263986208,-135,-5739.0
263996208,-135,-5745.0
264006216,-135,-5751.0
264016216,-135,-5757.0
264026216,-135,-5763.0
264036220,-135,-5769.0
264046228,-135,-5775.0
264056232,-135,-5780.0
264066236,-135,-5786.0
264076236,-135,-5792.0
264086244,-135,-5798.0
264096252,-135,-5804.0
264106252,-135,-5810.0
264116260,-135,-5816.0
264126264,-135,-5822.0
264136264,-135,-5828.0
264146264,-135,-5834.0
264156272,-135,-5840.0
264166280,-135,-5846.0
264176288,-135,-5852.0
264186288,-135,-5858.0
264196288,-135,-5864.0
264206292,-135,-5870.0
264216292,-135,-5876.0
264226300,-135,-5882.0
264236300,-135,-5888.0
264246308,-135,-5894.0
264256316,-135,-5900.0
264266324,-135,-5906.0
264276324,-135,-5912.0
264286332,-135,-5918.0
264296332,-135,-5924.0
264306336,-135,-5930.0
264316340,-135,-5936.0
264326348,-135,-5942.0
264336356,-135,-5948.0
264346364,-135,-5954.0
264356372,-135,-5960.0
264366372,-135,-5966.0
264376380,-135,-5972.0
264386388,-135,-5977.0
264396388,-135,-5983.0
264406388,-135,-5989.0
264416388,-135,-5995.0
264426396,-135,-6001.0
264436396,-135,-6007.0
264446396,-135,-6013.0
264456396,-135,-6019.0
264466404,-135,-6025.0
264476408,-135,-6031.0
264486408,-135,-6037.0
264496408,-135,-6043.0
264506416,-135,-6049.0
264516424,-135,-6055.0
264526432,-135,-6061.0
264536432,-135,-6067.0
264546432,-135,-6073.0
264556440,-135,-6079.0
264566440,-135,-6085.0
264576440,-135,-6091.0
264586448,-135,-6097.0
264596456,-135,-6103.0
264606464,-125,-6109.0
264616472,-125,-6115.0
264626472,-125,-6121.0
264636472,-125,-6126.0
264646472,-125,-6132.0
264656480,-125,-6138.0
264666480,-125,-6143.0
264676480,-125,-6149.0
264686488,-125,-6154.0
264696496,-125,-6160.0
264706496,-125,-6166.0
264716496,-125,-6171.0
264726504,-125,-6177.0
264736512,-125,-6183.0
264746520,-125,-6188.0
264756520,-125,-6194.0
264766520,-125,-6199.0
264776528,-125,-6205.0
264786536,-125,-6211.0
264796540,-125,-6216.0
264806548,-125,-6222.0
264816552,-125,-6227.0
264826552,-125,-6233.0
264836556,-125,-6239.0
264846564,-125,-6244.0
264856572,-125,-6250.0
264866580,-125,-6255.0
264876588,-125,-6261.0
264886588,-125,-6267.0
264896588,-125,-6272.0
264906596,-125,-6278.0
264916596,-125,-6283.0
264926596,-125,-6289.0
264936596,-125,-6295.0
264946604,-125,-6300.0
264956604,-125,-6306.0
264966608,-125,-6311.0
264976616,-125,-6317.0
264986624,-125,-6323.0
264996632,-125,-6328.0
265006640,-125,-6334.0
265016652,-125,-6340.0
265026652,-125,-6345.0
265036660,-125,-6351.0
265046668,-125,-6356.0
265056672,-125,-6362.0
265066680,-125,-6368.0
265076680,-125,-6373.0
265086688,-125,-6379.0
265096688,-125,-6384.0
265106692,-125,-6390.0
265116700,-125,-6396.0
265126700,-125,-6401.0
265136704,-125,-6407.0
265146708,-125,-6412.0
265156716,-125,-6418.0
265166724,-125,-6424.0
265176732,-125,-6429.0
265186732,-125,-6435.0
265196740,-125,-6440.0
265206740,-125,-6446.0
265216748,-125,-6452.0
265226752,-125,-6457.0
265236756,-125,-6463.0
265246764,-125,-6468.0
265256768,-125,-6474.0
265266768,-125,-6480.0
265276772,-125,-6485.0
265286780,-125,-6491.0
265296788,-125,-6496.0
265306792,228,-6502.0
265316792,228,-6504.0
265326796,228,-6501.0
265336800,228,-6495.0
265346800,228,-6487.0
265356808,228,-6479.0
265366808,228,-6469.0
265376808,228,-6459.0
265386816,228,-6450.0
265396824,228,-6439.0
265406824,228,-6429.0
265416824,228,-6419.0
265426824,228,-6409.0
265436828,228,-6398.0
265446832,228,-6388.0
265456840,228,-6378.0
265466848,228,-6367.0
265476848,228,-6357.0
265486852,228,-6346.0
265496856,228,-6336.0
265506856,228,-6326.0
265516856,228,-6315.0
265526864,228,-6305.0
265536868,228,-6294.0
265546876,228,-6284.0
265556876,228,-6274.0
265566884,228,-6263.0
265576884,228,-6253.0
265586884,228,-6242.0
265596884,228,-6232.0
265606892,228,-6221.0
265616900,228,-6211.0
265626900,228,-6201.0
265636908,228,-6190.0
265646916,228,-6180.0
265656924,228,-6169.0
265666924,228,-6159.0
265676924,228,-6149.0
265686932,228,-6138.0
265696940,228,-6128.0
265706940,228,-6117.0
265716940,228,-6107.0
265726940,228,-6097.0
265736948,228,-6086.0
265746948,228,-6076.0
265756948,228,-6065.0
265766948,228,-6055.0
265776956,228,-6044.0
265786964,228,-6034.0
265796964,228,-6024.0
265806964,228,-6013.0
265816972,228,-6003.0
265826980,228,-5992.0
265836984,228,-5982.0
265846992,228,-5972.0
265857000,228,-5961.0
265867008,228,-5951.0
265877016,228,-5940.0
265887020,228,-5930.0
265897028,228,-5919.0
265907036,228,-5909.0
265917036,228,-5899.0
265927040,228,-5888.0
265937048,228,-5878.0
265947056,228,-5867.0
265957056,228,-5857.0
265967056,228,-5847.0
265977056,228,-5836.0
265987056,228,-5826.0
265997064,228,-5815.0
266007072,140,-5805.0
266017072,140,-5795.0
266027072,140,-5787.0
266037076,140,-5779.0
266047076,140,-5772.0
266057080,140,-5765.0
266067080,140,-5758.0
266077084,140,-5751.0
266087084,140,-5745.0
266097092,140,-5738.0
266107092,140,-5732.0
266117096,140,-5726.0
266127096,140,-5719.0
266137100,140,-5713.0
266147116,140,-5706.0
266157120,140,-5700.0
266167120,140,-5694.0
266177124,140,-5687.0
266187128,140,-5681.0
266197132,140,-5675.0
266207132,140,-5668.0
266217136,140,-5662.0
266227144,140,-5656.0
266237148,140,-5649.0
266247148,140,-5643.0
266257148,140,-5637.0
266267148,140,-5630.0
266277152,140,-5624.0
266287152,140,-5617.0
266297152,140,-5611.0
266307152,140,-5605.0
266317156,140,-5598.0
266327156,140,-5592.0
266337156,140,-5586.0
266347156,140,-5579.0
266357164,140,-5573.0
266367164,140,-5567.0
266377164,140,-5560.0
266387168,140,-5554.0
266397168,140,-5548.0
266407176,140,-5541.0
266417176,140,-5535.0
266427184,140,-5528.0
266437184,140,-5522.0
266447192,140,-5516.0
266457192,140,-5509.0
266467192,140,-5503.0
266477192,140,-5497.0
266487196,140,-5490.0
266497196,140,-5484.0
266507196,140,-5478.0
266517200,140,-5471.0
266527208,140,-5465.0
266537212,140,-5459.0
266547212,140,-5452.0
266557212,140,-5446.0
266567212,140,-5439.0
266577220,140,-5433.0
266587220,140,-5427.0
266597220,140,-5420.0
266607220,140,-5414.0
266617228,140,-5408.0
266627228,140,-5401.0
266637228,140,-5395.0
266647228,140,-5389.0
266657236,140,-5382.0
266667236,140,-5376.0
266677236,140,-5370.0
266687236,140,-5363.0
266697240,140,-5357.0
266707256,-225,-5350.0
266717256,-225,-5348.0
266727256,-225,-5351.0
266737264,-225,-5357.0
266747264,-225,-5364.0
266757272,-225,-5373.0
266767276,-225,-5382.0
266777284,-225,-5392.0
266787284,-225,-5401.0
266797288,-225,-5411.0
266807296,-225,-5421.0
266817300,-225,-5431.0
266827304,-225,-5441.0
266837304,-225,-5451.0
266847312,-225,-5461.0
266857316,-225,-5472.0
266867320,-225,-5482.0
266877320,-225,-5492.0
266887328,-225,-5502.0
266897332,-225,-5512.0
266907336,-225,-5522.0
266917336,-225,-5532.0
266927340,-225,-5543.0
266937348,-225,-5553.0
266947356,-225,-5563.0
266957360,-225,-5573.0
266967360,-225,-5583.0
266977364,-225,-5593.0
266987372,-225,-5603.0
266997376,-225,-5613.0
267007376,-225,-5624.0
267017376,-225,-5634.0
267027380,-225,-5644.0
267037388,-225,-5654.0
267047388,-225,-5664.0
267057396,-225,-5674.0
267067400,-225,-5684.0
267077408,-225,-5694.0
267087412,-225,-5705.0
267097412,-225,-5715.0
267107420,-225,-5725.0
267117424,-225,-5735.0
267127432,-225,-5745.0
267137432,-225,-5755.0
267147440,-225,-5765.0
267157444,-225,-5776.0
267167452,-225,-5786.0
267177456,-225,-5796.0
267187456,-225,-5806.0
267197464,-225,-5816.0
267207468,-225,-5826.0
267217476,-225,-5836.0
267227476,-225,-5847.0
267237480,-225,-5857.0
267247488,-225,-5867.0
267257492,-225,-5877.0
267267496,-225,-5887.0
267277500,-225,-5897.0
267287504,-225,-5907.0
267297512,-225,-5918.0
267307516,-225,-5928.0
267317516,-225,-5938.0
267327524,-225,-5948.0
267337532,-225,-5958.0
267347536,-225,-5968.0
267357536,-225,-5978.0
267367544,-225,-5988.0
267377548,-225,-5999.0
267387548,-225,-6009.0
267397548,-225,-6019.0
267407552,-133,-6029.0
267417556,-133,-6038.0
267427568,-133,-6047.0
267437576,-133,-6054.0
267447576,-133,-6061.0
267457576,-133,-6067.0
267467584,-133,-6073.0
267477584,-133,-6079.0
267487584,-133,-6086.0
267497584,-133,-6092.0
267507592,-133,-6098.0
267517592,-133,-6103.0
267527596,-133,-6109.0
267537604,-133,-6115.0
267547608,-133,-6121.0
267557608,-133,-6127.0
267567616,-133,-6133.0
267577616,-133,-6139.0
267587624,-133,-6145.0
267597632,-133,-6151.0
267607632,-133,-6157.0
267617632,-133,-6163.0
267627632,-133,-6169.0
267637640,-133,-6175.0
267647648,-133,-6181.0
267657652,-133,-6187.0
267667660,-133,-6193.0
267677668,-133,-6199.0
267687668,-133,-6205.0
267697676,-133,-6211.0
267707680,-133,-6217.0
267717688,-133,-6223.0
267727696,-133,-6229.0
267737704,-133,-6235.0
267747708,-133,-6241.0
267757716,-133,-6247.0
267767724,-133,-6253.0
267777724,-133,-6259.0
267787724,-133,-6265.0
267797724,-133,-6271.0
267807732,-133,-6277.0
267817732,-133,-6283.0
267827740,-133,-6289.0
267837744,-133,-6295.0
267847752,-133,-6300.0
267857752,-133,-6306.0
267867760,-133,-6312.0
267877764,-133,-6318.0
267887764,-133,-6324.0
267897764,-133,-6330.0
267907772,-133,-6336.0
267917776,-133,-6342.0
267927784,-133,-6348.0
267937784,-133,-6354.0
267947784,-133,-6360.0
267957792,-133,-6366.0
267967796,-133,-6372.0
267977796,-133,-6378.0
267987796,-133,-6384.0
267997796,-133,-6390.0
268007800,-133,-6396.0
268017800,-133,-6402.0
268027808,-133,-6408.0
268037816,-133,-6414.0
268047816,-133,-6420.0
268057824,-133,-6426.0
268067832,-133,-6432.0
268077840,-133,-6438.0
268087848,-133,-6444.0
268097848,-133,-6450.0
268107848,-132,-6456.0
268117852,-132,-6462.0
268127852,-132,-6468.0
268137856,-132,-6474.0
268147864,-132,-6480.0
268157880,-132,-6486.0
268167880,-132,-6491.0
268177880,-132,-6497.0
268187888,-132,-6503.0
268197896,-132,-6509.0
268207896,-132,-6515.0
268217904,-132,-6521.0
268227904,-132,-6527.0
268237904,-132,-6533.0
268247912,-132,-6539.0
268257912,-132,-6545.0
268267912,-132,-6551.0
268277912,-132,-6557.0
268287912,-132,-6563.0
268297912,-132,-6569.0
268307912,-132,-6575.0
268317912,-132,-6581.0
268327920,-132,-6587.0
268337928,-132,-6593.0
268347936,-132,-6599.0
268357940,-132,-6605.0
268367948,-132,-6611.0
268377948,-132,-6617.0
268387956,-132,-6623.0
268397956,-132,-6629.0
268407956,-132,-6635.0
268417956,-132,-6641.0
268427964,-132,-6647.0
268437964,-132,-6653.0
268447964,-132,-6659.0
268457972,-132,-6665.0
268467972,-132,-6671.0
268477980,-132,-6677.0
268487984,-132,-6683.0
268497992,-132,-6689.0
268507992,-132,-6694.0
268518000,-132,-6700.0
268528004,-132,-6706.0
268538012,-132,-6712.0
268548012,-132,-6718.0
268558020,-132,-6724.0
268568024,-132,-6730.0
268578032,-132,-6736.0
268588040,-132,-6742.0
268598048,-132,-6748.0
268608056,-132,-6754.0
268618056,-132,-6760.0
268628056,-132,-6766.0
268638056,-132,-6772.0
268648056,-132,-6778.0
268658056,-132,-6784.0
268668056,-132,-6790.0
268678056,-132,-6796.0
268688064,-132,-6802.0
268698068,-132,-6808.0
268708072,-132,-6814.0
268718072,-132,-6820.0
268728080,-132,-6826.0
268738088,-132,-6832.0
268748092,-132,-6838.0
268758100,-132,-6844.0
268768108,-132,-6850.0
268778116,-132,-6856.0
268788120,-132,-6862.0
268798128,-132,-6868.0
268808128,249,-6874.0
268818132,249,-6875.0
268828140,249,-6871.0
268838144,249,-6864.0
268848144,249,-6855.0
268858152,249,-6846.0
268868160,249,-6836.0
268878160,249,-6825.0
268888164,249,-6814.0
268898168,249,-6803.0
268908176,249,-6792.0
268918176,249,-6781.0
268928184,249,-6770.0
268938188,249,-6759.0
268948192,249,-6747.0
268958200,249,-6736.0
268968200,249,-6725.0
268978208,249,-6713.0
268988212,249,-6702.0
268998220,249,-6690.0
269008220,249,-6679.0
269018228,249,-6668.0
269028236,249,-6656.0
269038240,249,-6645.0
269048244,249,-6634.0
269058248,249,-6622.0
269068256,249,-6611.0
269078260,249,-6599.0
269088268,249,-6588.0
269098268,249,-6577.0
269108272,249,-6565.0
269118280,249,-6554.0
269128288,249,-6543.0
269138288,249,-6531.0
269148292,249,-6520.0
269158300,249,-6508.0
269168308,249,-6497.0
269178308,249,-6486.0
269188312,249,-6474.0
269198312,249,-6463.0
269208320,249,-6452.0
269218324,249,-6440.0
269228324,249,-6429.0
269238332,249,-6417.0
269248340,249,-6406.0
269258344,249,-6395.0
269268348,249,-6383.0
269278356,249,-6372.0
269288356,249,-6360.0
269298364,249,-6349.0
269308364,249,-6338.0
269318364,249,-6326.0
269328372,249,-6315.0
269338380,249,-6304.0
269348388,249,-6292.0
269358392,249,-6281.0
269368400,249,-6269.0
269378404,249,-6258.0
269388412,249,-6247.0
269398412,249,-6235.0
269408412,249,-6224.0
269418420,249,-6213.0
269428424,249,-6201.0
269438428,249,-6190.0
269448436,249,-6178.0
269458444,249,-6167.0
269468448,249,-6156.0
269478448,249,-6144.0
269488448,249,-6133.0
269498456,249,-6121.0
269508460,174,-6110.0
269518460,174,-6099.0
269528460,174,-6090.0
269538460,174,-6081.0
269548468,174,-6072.0
269558468,174,-6063.0
269568472,174,-6055.0
269578472,174,-6047.0
269588480,174,-6039.0
269598480,174,-6031.0
269608480,174,-6023.0
269618484,174,-6015.0
269628484,174,-6007.0
269638492,174,-5999.0
269648492,174,-5991.0
269658496,174,-5983.0
269668496,174,-5975.0
269678496,174,-5967.0
269688496,174,-5959.0
269698500,174,-5951.0
269708500,174,-5943.0
269718500,174,-5935.0
269728500,174,-5927.0
269738500,174,-5919.0
269748504,174,-5911.0
269758504,174,-5903.0
269768508,174,-5895.0
269778516,174,-5887.0
269788520,174,-5879.0
269798520,174,-5871.0
269808520,174,-5864.0
269818520,174,-5856.0
269828528,174,-5848.0
269838536,174,-5840.0
269848536,174,-5832.0
269858536,174,-5824.0
269868536,174,-5816.0
269878540,174,-5808.0
269888540,174,-5800.0
269898540,174,-5792.0
269908540,174,-5784.0
269918544,174,-5776.0
269928548,174,-5768.0
269938556,174,-5760.0
269948556,174,-5752.0
269958560,174,-5744.0
269968560,174,-5737.0
269978560,174,-5729.0
269988560,174,-5721.0
269998572,174,-5713.0
270008580,174,-5705.0
270018588,174,-5697.0
270028588,174,-5689.0
270038588,174,-5681.0
270048592,174,-5673.0
270058592,174,-5665.0
270068592,174,-5657.0
270078592,174,-5649.0
270088600,174,-5641.0
270098608,174,-5633.0
270108608,174,-5625.0
270118608,174,-5617.0
270128616,174,-5610.0
270138624,174,-5602.0
270148624,174,-5594.0
270158624,174,-5586.0
270168624,174,-5578.0
270178628,174,-5570.0
270188628,174,-5562.0
270198628,174,-5554.0
270208632,-105,-5546.0
270218636,-105,-5542.0
270228640,-105,-5542.0
270238640,-105,-5544.0
270248640,-105,-5548.0
270258644,-105,-5551.0
270268644,-105,-5556.0
270278644,-105,-5560.0
270288644,-105,-5565.0
270298652,-105,-5569.0
270308656,-105,-5574.0
270318656,-105,-5578.0
270328656,-105,-5583.0
270338656,-105,-5588.0
270348660,-105,-5593.0
270358668,-105,-5597.0
270368668,-105,-5602.0
270378672,-105,-5607.0
270388676,-105,-5611.0
270398684,-105,-5616.0
270408684,-105,-5621.0
270418692,-105,-5625.0
270428700,-105,-5630.0
270438700,-105,-5635.0
270448700,-105,-5639.0
270458704,-105,-5644.0
270468704,-105,-5649.0
270478708,-105,-5654.0
270488716,-105,-5658.0
270498716,-105,-5663.0
270508724,-105,-5668.0
270518728,-105,-5672.0
270528728,-105,-5677.0
270538736,-105,-5682.0
270548736,-105,-5686.0
270558744,-105,-5691.0
270568744,-105,-5696.0
270578744,-105,-5701.0
270588744,-105,-5705.0
270598744,-105,-5710.0
270608748,-105,-5715.0
270618756,-105,-5719.0
270628756,-105,-5724.0
270638764,-105,-5729.0
270648768,-105,-5733.0
270658768,-105,-5738.0
270668776,-105,-5743.0
270678776,-105,-5747.0
270688776,-105,-5752.0
270698780,-105,-5757.0
270708788,-105,-5762.0
270718788,-105,-5766.0
270728788,-105,-5771.0
270738788,-105,-5776.0
270748788,-105,-5780.0
270758788,-105,-5785.0
270768796,-105,-5790.0
270778800,-105,-5794.0
270788808,-105,-5799.0
270798816,-105,-5804.0
270808816,-105,-5809.0
270818824,-105,-5813.0
270828828,-105,-5818.0
270838836,-105,-5823.0
270848844,-105,-5827.0
270858852,-105,-5832.0
270868852,-105,-5837.0
270878852,-105,-5841.0
270888852,-105,-5846.0
270898860,-105,-5851.0
270908864,-80,-5855.0
270918864,-80,-5860.0
270928864,-80,-5864.0
270938864,-80,-5868.0
270948864,-80,-5872.0
270958868,-80,-5875.0
270968868,-80,-5879.0
270978868,-80,-5882.0
270988868,-80,-5886.0
270998872,-80,-5890.0
271008872,-80,-5893.0
271018872,-80,-5897.0
271028876,-80,-5900.0
271038880,-80,-5904.0
271048880,-80,-5907.0
271058880,-80,-5911.0
271068880,-80,-5915.0
271078892,-80,-5918.0
271088896,-80,-5922.0
271098896,-80,-5925.0
271108896,-80,-5929.0
271118896,-80,-5933.0
271128900,-80,-5936.0
271138904,-80,-5940.0
271148904,-80,-5943.0
271158904,-80,-5947.0
271168908,-80,-5950.0
271178908,-80,-5954.0
271188908,-80,-5958.0
271198912,-80,-5961.0
271208916,-80,-5965.0
271218916,-80,-5968.0
271228916,-80,-5972.0
271238920,-80,-5976.0
271248920,-80,-5979.0
271258924,-80,-5983.0
271268924,-80,-5986.0
271278924,-80,-5990.0
271288924,-80,-5993.0
271298932,-80,-5997.0
271308932,-80,-6001.0
271318932,-80,-6004.0
271328932,-80,-6008.0
271338940,-80,-6011.0
271348940,-80,-6015.0
271358940,-80,-6019.0
271368944,-80,-6022.0
271378952,-80,-6026.0
271388956,-80,-6029.0
271398956,-80,-6033.0
271408956,-80,-6036.0
271418956,-80,-6040.0
271428960,-80,-6044.0
271438960,-80,-6047.0
271448968,-80,-6051.0
271458968,-80,-6054.0
271468972,-80,-6058.0
271478972,-80,-6061.0
271488972,-80,-6065.0
271498972,-80,-6069.0
271508972,-80,-6072.0
271518976,-80,-6076.0
271528976,-80,-6079.0
271538976,-80,-6083.0
271548976,-80,-6087.0
271558980,-80,-6090.0
271568984,-80,-6094.0
271578992,-80,-6097.0
271588992,-80,-6101.0
271598996,-80,-6104.0
271608996,212,-6108.0
271619004,212,-6107.0
271629008,212,-6103.0
271639020,212,-6096.0
271649024,212,-6089.0
271659024,212,-6080.0
271669024,212,-6071.0
271679024,212,-6062.0
271689028,212,-6053.0
271699028,212,-6043.0
271709028,212,-6034.0
271719028,212,-6024.0
271729028,212,-6014.0
271739028,212,-6005.0
271749028,212,-5995.0
271759028,212,-5985.0
271769036,212,-5976.0
271779036,212,-5966.0
271789036,212,-5956.0
271799036,212,-5947.0
271809036,212,-5937.0
271819040,212,-5927.0
271829040,212,-5918.0
271839040,212,-5908.0
271849040,212,-5898.0
271859044,212,-5889.0
271869048,212,-5879.0
271879048,212,-5869.0
271889048,212,-5860.0
271899048,212,-5850.0
271909048,212,-5840.0
271919048,212,-5831.0
271929048,212,-5821.0
271939048,212,-5811.0
271949052,212,-5802.0
271959052,212,-5792.0
271969052,212,-5782.0
271979052,212,-5773.0
271989056,212,-5763.0
271999056,212,-5753.0
272009056,212,-5744.0
272019056,212,-5734.0
272029056,212,-5724.0
272039056,212,-5715.0
272049064,212,-5705.0
272059072,212,-5695.0
272069072,212,-5686.0
272079072,212,-5676.0
272089080,212,-5666.0
272099080,212,-5657.0
272109088,212,-5647.0
272119088,212,-5637.0
272129088,212,-5628.0
272139096,212,-5618.0
272149104,212,-5608.0
272159108,212,-5599.0
272169116,212,-5589.0
272179116,212,-5579.0
272189116,212,-5570.0
272199120,212,-5560.0
272209120,212,-5550.0
272219128,212,-5541.0
272229128,212,-5531.0
272239136,212,-5521.0
272249140,212,-5512.0
272259140,212,-5502.0
272269140,212,-5492.0
272279148,212,-5483.0
272289152,212,-5473.0
272299152,212,-5463.0
272309152,-193,-5454.0
272319160,-193,-5450.0
272329168,-193,-5450.0
272339176,-193,-5455.0
272349176,-193,-5461.0
272359184,-193,-5468.0
272369192,-193,-5476.0
272379192,-193,-5484.0
272389192,-193,-5492.0
272399208,-193,-5501.0
272409216,-193,-5509.0
272419216,-193,-5518.0
272429224,-193,-5526.0
272439228,-193,-5535.0
272449236,-193,-5544.0
272459244,-193,-5552.0
272469244,-193,-5561.0
272479252,-193,-5570.0
272489260,-193,-5578.0
272499264,-193,-5587.0
272509264,-193,-5596.0
272519264,-193,-5604.0
272529268,-193,-5613.0
272539276,-193,-5622.0
272549276,-193,-5631.0
272559284,-193,-5639.0
272569292,-193,-5648.0
272579296,-193,-5657.0
272589296,-193,-5665.0
272599296,-193,-5674.0
272609304,-193,-5683.0
272619308,-193,-5691.0
272629308,-193,-5700.0
272639308,-193,-5709.0
272649316,-193,-5718.0
272659324,-193,-5726.0
272669328,-193,-5735.0
272679328,-193,-5744.0
272689336,-193,-5752.0
272699344,-193,-5761.0
272709348,-193,-5770.0
272719356,-193,-5778.0
272729356,-193,-5787.0
272739364,-193,-5796.0
272749368,-193,-5804.0
272759376,-193,-5813.0
272769376,-193,-5822.0
272779380,-193,-5830.0
272789388,-193,-5839.0
272799396,-193,-5848.0
272809396,-193,-5857.0
272819400,-193,-5865.0
272829408,-193,-5874.0
272839412,-193,-5883.0
272849420,-193,-5891.0
272859420,-193,-5900.0
272869428,-193,-5909.0
272879432,-193,-5917.0
272889432,-193,-5926.0
272899432,-193,-5935.0
272909436,-193,-5943.0
272919444,-193,-5952.0
272929452,-193,-5961.0
272939460,-193,-5970.0
272949468,-193,-5978.0
272959476,-193,-5987.0
272969484,-193,-5996.0
272979488,-193,-6004.0
272989488,-193,-6013.0
272999496,-193,-6022.0
273009500,184,-6030.0
273019504,184,-6034.0
273029504,184,-6033.0
273039504,184,-6029.0
273049508,184,-6023.0
273059508,184,-6016.0
273069512,184,-6008.0
273079512,184,-6000.0
273089516,184,-5992.0
273099516,184,-5984.0
273109516,184,-5976.0
273119524,184,-5968.0
273129524,184,-5959.0
273139524,184,-5951.0
273149524,184,-5942.0
273159528,184,-5934.0
273169528,184,-5926.0
273179528,184,-5917.0
273189528,184,-5909.0
273199536,184,-5901.0
273209536,184,-5892.0
273219536,184,-5884.0
273229544,184,-5875.0
273239544,184,-5867.0
273249548,184,-5859.0
273259548,184,-5850.0
273269548,184,-5842.0
273279548,184,-5833.0
273289556,184,-5825.0
273299556,184,-5817.0
273309564,184,-5808.0
273319564,184,-5800.0
273329568,184,-5792.0
273339568,184,-5783.0
273349568,184,-5775.0
273359568,184,-5766.0
273369576,184,-5758.0
273379584,184,-5750.0
273389584,184,-5741.0
273399584,184,-5733.0
273409584,184,-5724.0
273419588,184,-5716.0
273429588,184,-5708.0
273439588,184,-5699.0
273449588,184,-5691.0
273459592,184,-5682.0
273469592,184,-5674.0
273479592,184,-5666.0
273489592,184,-5657.0
273499596,184,-5649.0
273509600,184,-5641.0
273519600,184,-5632.0
273529600,184,-5624.0
273539608,184,-5615.0
273549612,184,-5607.0
273559612,184,-5599.0
273569612,184,-5590.0
273579612,184,-5582.0
273589620,184,-5573.0
273599620,184,-5565.0
273609624,184,-5557.0
273619632,184,-5548.0
273629636,184,-5540.0
273639636,184,-5532.0
273649644,184,-5523.0
273659644,184,-5515.0
273669644,184,-5506.0
273679648,184,-5498.0
273689648,184,-5490.0
273699656,184,-5481.0
273709664,101,-5473.0
273719668,101,-5465.0
273729668,101,-5459.0
273739672,101,-5454.0
273749672,101,-5448.0
273759672,101,-5444.0
273769676,101,-5439.0
273779676,101,-5434.0
273789680,101,-5429.0
273799684,101,-5425.0
273809688,101,-5420.0
273819692,101,-5416.0
273829696,101,-5411.0
273839700,101,-5407.0
273849704,101,-5402.0
273859708,101,-5397.0
273869712,101,-5393.0
273879716,101,-5388.0
273889724,101,-5384.0
273899728,101,-5379.0
273909732,101,-5375.0
273919736,101,-5370.0
273929740,101,-5366.0
273939748,101,-5361.0
273949748,101,-5356.0
273959752,101,-5352.0
273969756,101,-5347.0
273979764,101,-5343.0
273989764,101,-5338.0
273999768,101,-5334.0
274009772,101,-5329.0
274019776,101,-5325.0
274029780,101,-5320.0
274039780,101,-5315.0
274049784,101,-5311.0
274059788,101,-5306.0
274069792,101,-5302.0
274079796,101,-5297.0
274089800,101,-5293.0
274099800,101,-5288.0
274109808,101,-5284.0
274119808,101,-5279.0
274129812,101,-5274.0
274139816,101,-5270.0
274149824,101,-5265.0
274159824,101,-5261.0
274169828,101,-5256.0
274179832,101,-5252.0
274189836,101,-5247.0
274199844,101,-5243.0
274209848,101,-5238.0
274219848,101,-5234.0
274229852,101,-5229.0
274239860,101,-5224.0
274249864,101,-5220.0
274259864,101,-5215.0
274269868,101,-5211.0
274279872,101,-5206.0
274289876,101,-5202.0
274299880,101,-5197.0
274309884,101,-5193.0
274319884,101,-5188.0
274329884,101,-5183.0
274339884,101,-5179.0
274349888,101,-5174.0
274359892,101,-5170.0
274369900,101,-5165.0
274379904,101,-5161.0
274389908,101,-5156.0
274399912,101,-5152.0
274409912,61,-5147.0
274419916,61,-5143.0
274429920,61,-5140.0
274439924,61,-5136.0
274449928,61,-5133.0
274459928,61,-5131.0
274469932,61,-5128.0
274479936,61,-5125.0
274489940,61,-5122.0
274499948,61,-5120.0
274509952,61,-5117.0
274519956,61,-5114.0
274529964,61,-5111.0
274539964,61,-5109.0
274549968,61,-5106.0
274559976,61,-5103.0
274569984,61,-5101.0
274579988,61,-5098.0
274589988,61,-5095.0
274599992,61,-5092.0
274610000,61,-5090.0
274620004,61,-5087.0
274630012,61,-5084.0
274640020,61,-5082.0
274650020,61,-5079.0
274660024,61,-5076.0
274670024,61,-5073.0
274680032,61,-5071.0
274690036,61,-5068.0
274700040,61,-5065.0
274710044,61,-5063.0
274720044,61,-5060.0
274730048,61,-5057.0
274740052,61,-5054.0
274750056,61,-5052.0
274760056,61,-5049.0
274770060,61,-5046.0
274780064,61,-5044.0
274790072,61,-5041.0
274800072,61,-5038.0
274810076,61,-5036.0
274820084,61,-5033.0
274830088,61,-5030.0
274840096,61,-5027.0
274850096,61,-5025.0
274860100,61,-5022.0
274870104,61,-5019.0
274880112,61,-5017.0
274890112,61,-5014.0
274900116,61,-5011.0
274910120,61,-5008.0
274920128,61,-5006.0
274930128,61,-5003.0
274940132,61,-5000.0
274950140,61,-4998.0
274960144,61,-4995.0
274970148,61,-4992.0
274980148,61,-4989.0
274990152,61,-4987.0
275000156,61,-4984.0
275010164,61,-4981.0
275020164,61,-4979.0
275030168,61,-4976.0
275040176,61,-4973.0
275050180,61,-4971.0
275060180,61,-4968.0
275070184,61,-4965.0
275080188,61,-4962.0
275090196,61,-4960.0
275100200,61,-4957.0
275110200,222,-4954.0
275120204,222,-4949.0
275130208,222,-4942.0
275140208,222,-4934.0
275150216,222,-4925.0
275160224,222,-4915.0
275170228,222,-4906.0
275180228,222,-4896.0
275190232,222,-4886.0
275200232,222,-4876.0
275210240,222,-4866.0
275220248,222,-4856.0
275230248,222,-4846.0
275240252,222,-4836.0
275250260,222,-4826.0
275260260,222,-4815.0
275270264,222,-4805.0
275280268,222,-4795.0
275290276,222,-4785.0
275300284,222,-4775.0
275310292,222,-4765.0
275320300,222,-4755.0
275330304,222,-4744.0
275340312,222,-4734.0
275350312,222,-4724.0
275360312,222,-4714.0
275370312,222,-4704.0
275380312,222,-4694.0
275390320,222,-4684.0
275400320,222,-4674.0
275410320,222,-4663.0
275420320,222,-4653.0
275430328,222,-4643.0
275440328,222,-4633.0
275450328,222,-4623.0
275460328,222,-4613.0
275470336,222,-4603.0
275480344,222,-4592.0
275490352,222,-4582.0
275500356,222,-4572.0
275510356,222,-4562.0
275520364,222,-4552.0
275530372,222,-4542.0
275540372,222,-4532.0
275550372,222,-4521.0
275560372,222,-4511.0
275570380,222,-4501.0
275580380,222,-4491.0
275590380,222,-4481.0
275600388,222,-4471.0
275610396,222,-4461.0
275620404,222,-4450.0
275630408,222,-4440.0
275640416,222,-4430.0
275650424,222,-4420.0
275660432,222,-4410.0
275670436,222,-4400.0
275680444,222,-4390.0
275690452,222,-4379.0
275700452,222,-4369.0
275710460,222,-4359.0
275720464,222,-4349.0
275730472,222,-4339.0
275740472,222,-4329.0
275750472,222,-4319.0
275760472,222,-4308.0
275770472,222,-4298.0
275780480,222,-4288.0
275790480,222,-4278.0
275800480,222,-4268.0
275810480,-134,-4258.0
275820480,-134,-4254.0
275830480,-134,-4253.0
275840492,-134,-4256.0
275850492,-134,-4260.0
275860492,-134,-4265.0
275870500,-134,-4270.0
275880500,-134,-4276.0
275890500,-134,-4282.0
275900500,-134,-4288.0
275910500,-134,-4294.0
275920508,-134,-4300.0
275930508,-134,-4306.0
275940508,-134,-4312.0
275950508,-134,-4318.0
275960516,-134,-4324.0
275970520,-134,-4330.0
275980520,-134,-4335.0
275990528,-134,-4341.0
276000528,-134,-4347.0
276010532,-134,-4353.0
276020536,-134,-4359.0
276030544,-134,-4365.0
276040544,-134,-4371.0
276050552,-134,-4377.0
276060556,-134,-4383.0
276070564,-134,-4389.0
276080572,-134,-4395.0
276090580,-134,-4401.0
276100588,-134,-4407.0
276110592,-134,-4413.0
276120600,-134,-4419.0
276130600,-134,-4425.0
276140608,-134,-4431.0
276150612,-134,-4437.0
276160612,-134,-4443.0
276170620,-134,-4449.0
276180628,-134,-4455.0
276190632,-134,-4461.0
276200632,-134,-4467.0
276210640,-134,-4473.0
276220640,-134,-4479.0
276230648,-134,-4485.0
276240652,-134,-4491.0
276250656,-134,-4497.0
276260656,-134,-4503.0
276270664,-134,-4509.0
276280668,-134,-4515.0
276290676,-134,-4521.0
276300684,-134,-4527.0
276310684,-134,-4533.0
276320696,-134,-4539.0
276330696,-134,-4544.0
276340696,-134,-4550.0
276350696,-134,-4556.0
276360696,-134,-4562.0
276370696,-134,-4568.0
276380696,-134,-4574.0
276390696,-134,-4580.0
276400696,-134,-4586.0
276410696,-134,-4592.0
276420696,-134,-4598.0
276430696,-134,-4604.0
276440696,-134,-4610.0
276450700,-134,-4616.0
276460700,-134,-4622.0
276470700,-134,-4628.0
276480700,-134,-4634.0
276490700,-134,-4640.0
276500708,-134,-4646.0
276510716,-114,-4652.0
276520716,-114,-4658.0
276530724,-114,-4663.0
276540728,-114,-4668.0
276550728,-114,-4674.0
276560736,-114,-4679.0
276570736,-114,-4684.0
276580736,-114,-4689.0
276590736,-114,-4694.0
276600744,-114,-4699.0
276610744,-114,-4704.0
276620744,-114,-4710.0
276630744,-114,-4715.0
276640744,-114,-4720.0
276650744,-114,-4725.0
276660752,-114,-4730.0
276670756,-114,-4735.0
276680764,-114,-4740.0
276690764,-114,-4745.0
276700764,-114,-4750.0
276710768,-114,-4755.0
276720776,-114,-4761.0
276730776,-114,-4766.0
276740776,-114,-4771.0
276750780,-114,-4776.0
276760780,-114,-4781.0
276770780,-114,-4786.0
276780780,-114,-4791.0
276790780,-114,-4796.0
276800784,-114,-4801.0
276810792,-114,-4807.0
276820800,-114,-4812.0
276830808,-114,-4817.0
276840808,-114,-4822.0
276850808,-114,-4827.0
276860816,-114,-4832.0
276870824,-114,-4837.0
276880828,-114,-4842.0
276890836,-114,-4847.0
276900844,-114,-4853.0
276910852,-114,-4858.0
276920860,-114,-4863.0
276930860,-114,-4868.0
276940860,-114,-4873.0
276950868,-114,-4878.0
276960876,-114,-4883.0
276970880,-114,-4888.0
276980888,-114,-4894.0
276990896,-114,-4899.0
277000896,-114,-4904.0
277010896,-114,-4909.0
277020896,-114,-4914.0
277030896,-114,-4919.0
277040904,-114,-4924.0
277050904,-114,-4929.0
277060904,-114,-4934.0
277070904,-114,-4940.0
277080904,-114,-4945.0
277090904,-114,-4950.0
277100908,-114,-4955.0
277110908,-114,-4960.0
277120916,-114,-4965.0
277130924,-114,-4970.0
277140928,-114,-4975.0
277150948,-114,-4981.0
277160956,-114,-4986.0
277170956,-114,-4991.0
277180956,-114,-4996.0
277190960,-114,-5001.0
277200960,-114,-5006.0
277210960,-200,-5011.0
277220968,-200,-5018.0
277230968,-200,-5025.0
277240968,-200,-5033.0
277250976,-200,-5042.0
277260980,-200,-5050.0
277270980,-200,-5059.0
277280980,-200,-5068.0
277290984,-200,-5077.0
277300984,-200,-5086.0
277310988,-200,-5095.0
277320992,-200,-5103.0
277330996,-200,-5112.0
277340996,-200,-5121.0
277351000,-200,-5130.0
277361004,-200,-5139.0
277371008,-200,-5148.0
277381016,-200,-5157.0
277391024,-200,-5166.0
277401024,-200,-5175.0
277411032,-200,-5184.0
277421040,-200,-5193.0
277431048,-200,-5202.0
277441056,-200,-5211.0
277451056,-200,-5220.0
277461064,-200,-5229.0
277471068,-200,-5238.0
277481068,-200,-5247.0
277491068,-200,-5256.0
277501068,-200,-5264.0
277511076,-200,-5273.0
277521084,-200,-5282.0
277531084,-200,-5291.0
277541088,-200,-5300.0
277551088,-200,-5309.0
277561092,-200,-5318.0
277571092,-200,-5327.0
277581092,-200,-5336.0
277591100,-200,-5345.0
277601108,-200,-5354.0
277611116,-200,-5363.0
277621116,-200,-5372.0
277631124,-200,-5381.0
277641124,-200,-5390.0
277651128,-200,-5399.0
277661132,-200,-5408.0
277671140,-200,-5417.0
277681148,-200,-5426.0
277691156,-200,-5435.0
277701164,-200,-5444.0
277711164,-200,-5453.0
277721172,-200,-5462.0
277731180,-200,-5470.0
277741188,-200,-5479.0
277751192,-200,-5488.0
277761200,-200,-5497.0
277771204,-200,-5506.0
277781212,-200,-5515.0
277791220,-200,-5524.0
277801220,-200,-5533.0
277811228,-200,-5542.0
277821232,-200,-5551.0
277831232,-200,-5560.0
277841232,-200,-5569.0
277851240,-200,-5578.0
277861240,-200,-5587.0
277871248,-200,-5596.0
277881248,-200,-5605.0
277891256,-200,-5614.0
277901260,-200,-5623.0
277911268,106,-5631.0
277921272,106,-5635.0
277931272,106,-5635.0
277941280,106,-5632.0
277951284,106,-5629.0
277961288,106,-5625.0
277971292,106,-5621.0
277981296,106,-5616.0
277991300,106,-5612.0
278001304,106,-5607.0
278011308,106,-5602.0
278021312,106,-5598.0
278031316,106,-5593.0
278041320,106,-5588.0
278051324,106,-5583.0
278061332,106,-5578.0
278071336,106,-5574.0
278081340,106,-5569.0
278091344,106,-5564.0
278101352,106,-5559.0
278111356,106,-5554.0
278121360,106,-5550.0
278131360,106,-5545.0
278141360,106,-5540.0
278151360,106,-5535.0
278161364,106,-5531.0
278171368,106,-5526.0
278181372,106,-5521.0
278191380,106,-5516.0
278201384,106,-5511.0
278211388,106,-5507.0
278221392,106,-5502.0
278231400,106,-5497.0
278241400,106,-5492.0
278251404,106,-5487.0
278261408,106,-5483.0
278271408,106,-5478.0
278281412,106,-5473.0
278291416,106,-5468.0
278301420,106,-5463.0
278311424,106,-5459.0
278321432,106,-5454.0
278331436,106,-5449.0
278341440,106,-5444.0
278351444,106,-5439.0
278361444,106,-5435.0
278371448,106,-5430.0
278381452,106,-5425.0
278391456,106,-5420.0
278401464,106,-5415.0
278411468,106,-5411.0
278421472,106,-5406.0
278431476,106,-5401.0
278441480,106,-5396.0
278451488,106,-5392.0
278461488,106,-5387.0
278471492,106,-5382.0
278481496,106,-5377.0
278491496,106,-5372.0
278501500,106,-5368.0
278511504,106,-5363.0
278521508,106,-5358.0
278531508,106,-5353.0
278541508,106,-5348.0
278551508,106,-5344.0
278561512,106,-5339.0
278571512,106,-5334.0
278581520,106,-5329.0
278591520,106,-5324.0
278601524,106,-5320.0
278611524,159,-5315.0
278621528,159,-5309.0
278631528,159,-5303.0
278641528,159,-5296.0
278651532,159,-5289.0
278661536,159,-5282.0
278671536,159,-5275.0
278681536,159,-5268.0
278691536,159,-5261.0
278701548,159,-5254.0
278711556,159,-5247.0
278721556,159,-5239.0
278731556,159,-5232.0
278741560,159,-5225.0
278751564,159,-5218.0
278761564,159,-5211.0
278771564,159,-5203.0
278781564,159,-5196.0
278791572,159,-5189.0
278801572,159,-5182.0
278811572,159,-5174.0
278821576,159,-5167.0
278831580,159,-5160.0
278841580,159,-5153.0
278851584,159,-5145.0
278861584,159,-5138.0
278871584,159,-5131.0
278881592,159,-5124.0
278891592,159,-5117.0
278901592,159,-5109.0
278911596,159,-5102.0
278921604,159,-5095.0
278931604,159,-5088.0
278941608,159,-5080.0
278951608,159,-5073.0
278961612,159,-5066.0
278971616,159,-5059.0
278981616,159,-5051.0
278991616,159,-5044.0
279001620,159,-5037.0
279011624,159,-5030.0
279021628,159,-5022.0
279031628,159,-5015.0
279041632,159,-5008.0
279051636,159,-5001.0
279061636,159,-4994.0
279071636,159,-4986.0
279081640,159,-4979.0
279091644,159,-4972.0
279101644,159,-4965.0
279111644,159,-4957.0
279121648,159,-4950.0
279131648,159,-4943.0
279141656,159,-4936.0
279151656,159,-4928.0
279161660,159,-4921.0
279171660,159,-4914.0
279181668,159,-4907.0
279191668,159,-4900.0
279201672,159,-4892.0
279211672,159,-4885.0
279221676,159,-4878.0
279231676,159,-4871.0
279241680,159,-4863.0
279251680,159,-4856.0
279261680,159,-4849.0
279271684,159,-4842.0
279281684,159,-4834.0
279291684,159,-4827.0
279301688,159,-4820.0
279311692,-223,-4814.0
279321696,-223,-4814.0
279331704,-223,-4818.0
279341704,-223,-4824.0
279351704,-223,-4832.0
279361712,-223,-4841.0
279371720,-223,-4850.0
279381724,-223,-4860.0
279391732,-223,-4869.0
279401732,-223,-4879.0
279411736,-223,-4889.0
279421744,-223,-4899.0
279431752,-223,-4909.0
279441752,-223,-4919.0
279451756,-223,-4929.0
279461756,-223,-4939.0
279471760,-223,-4949.0
279481764,-223,-4959.0
279491768,-223,-4969.0
279501776,-223,-4979.0
279511784,-223,-4989.0
279521788,-223,-4999.0
279531788,-223,-5009.0
279541788,-223,-5019.0
279551796,-223,-5029.0
279561804,-223,-5039.0
279571804,-223,-5049.0
279581812,-223,-5059.0
279591820,-223,-5070.0
279601828,-223,-5080.0
279611828,-223,-5090.0
279621836,-223,-5100.0
279631844,-223,-5110.0
279641852,-223,-5120.0
279651860,-223,-5130.0
279661860,-223,-5140.0
279671864,-223,-5150.0
279681864,-223,-5160.0
279691868,-223,-5170.0
279701868,-223,-5180.0
279711876,-223,-5190.0
279721884,-223,-5200.0
279731888,-223,-5210.0
279741888,-223,-5220.0
279751896,-223,-5230.0
279761904,-223,-5240.0
279771912,-223,-5250.0
279781920,-223,-5260.0
279791920,-223,-5270.0
279801928,-223,-5280.0
279811932,-223,-5290.0
279821940,-223,-5301.0
279831940,-223,-5311.0
279841940,-223,-5321.0
279851944,-223,-5331.0
279861952,-223,-5341.0
279871952,-223,-5351.0
279881960,-223,-5361.0
279891968,-223,-5371.0
279901972,-223,-5381.0
279911972,-223,-5391.0
279921972,-223,-5401.0
279931980,-223,-5411.0
279941988,-223,-5421.0
279951996,-223,-5431.0
279962000,-223,-5441.0
279972004,-223,-5451.0
279982012,-223,-5461.0
279992020,-223,-5471.0
280002028,-223,-5481.0
280012040,74,-5491.0
280022044,74,-5495.0
280032048,74,-5497.0
280042056,74,-5497.0
280052056,74,-5495.0
280062060,74,-5492.0
280072068,74,-5490.0
280082072,74,-5486.0
280092080,74,-5483.0
280102084,74,-5480.0
280112088,74,-5477.0
280122092,74,-5473.0
280132100,74,-5470.0
280142108,74,-5467.0
280152112,74,-5463.0
280162116,74,-5460.0
280172124,74,-5457.0
280182132,74,-5454.0
280192136,74,-5450.0
280202140,74,-5447.0
280212144,74,-5444.0
280222152,74,-5440.0
280232156,74,-5437.0
280242160,74,-5434.0
280252164,74,-5430.0
280262172,74,-5427.0
280272172,74,-5424.0
280282176,74,-5420.0
280292180,74,-5417.0
280302184,74,-5414.0
280312184,74,-5410.0
280322188,74,-5407.0
280332192,74,-5404.0
280342196,74,-5401.0
280352196,74,-5397.0
280362200,74,-5394.0
280372204,74,-5391.0
280382208,74,-5387.0
280392212,74,-5384.0
280402212,74,-5381.0
280412216,74,-5377.0
280422220,74,-5374.0
280432228,74,-5371.0
280442236,74,-5367.0
280452240,74,-5364.0
280462244,74,-5361.0
280472252,74,-5357.0
280482252,74,-5354.0
280492256,74,-5351.0
280502260,74,-5348.0
280512264,74,-5344.0
280522268,74,-5341.0
280532268,74,-5338.0
280542272,74,-5334.0
280552276,74,-5331.0
280562284,74,-5328.0
280572292,74,-5324.0
280582296,74,-5321.0
280592300,74,-5318.0
280602304,74,-5314.0
280612304,74,-5311.0
280622308,74,-5308.0
280632312,74,-5304.0
280642316,74,-5301.0
280652320,74,-5298.0
280662320,74,-5295.0
280672324,74,-5291.0
280682328,74,-5288.0
280692332,74,-5285.0
280702336,74,-5281.0
280712336,-222,-5279.0
280722336,-222,-5281.0
280732344,-222,-5287.0
280742344,-222,-5294.0
280752344,-222,-5302.0
280762352,-222,-5311.0
280772356,-222,-5320.0
280782356,-222,-5330.0
280792356,-222,-5339.0
280802364,-222,-5349.0
280812368,-222,-5359.0
280822376,-222,-5369.0
280832376,-222,-5379.0
280842380,-222,-5389.0
280852388,-222,-5399.0
280862392,-222,-5409.0
280872396,-222,-5419.0
280882404,-222,-5429.0
280892412,-222,-5439.0
280902416,-222,-5449.0
280912424,-222,-5459.0
280922424,-222,-5469.0
280932428,-222,-5479.0
280942428,-222,-5489.0
280952432,-222,-5499.0
280962436,-222,-5509.0
280972440,-222,-5519.0
280982440,-222,-5529.0
280992444,-222,-5539.0
281002444,-222,-5549.0
281012452,-222,-5559.0
281022460,-222,-5569.0
281032464,-222,-5579.0
281042464,-222,-5589.0
281052464,-222,-5599.0
281062472,-222,-5609.0
281072476,-222,-5619.0
281082484,-222,-5629.0
281092484,-222,-5639.0
281102492,-222,-5649.0
281112496,-222,-5659.0
281122504,-222,-5669.0
281132504,-222,-5679.0
281142512,-222,-5689.0
281152520,-222,-5699.0
281162528,-222,-5709.0
281172532,-222,-5719.0
281182532,-222,-5729.0
281192532,-222,-5739.0
281202540,-222,-5749.0
281212544,-222,-5759.0
281222548,-222,-5769.0
281232552,-222,-5779.0
281242560,-222,-5789.0
281252568,-222,-5799.0
281262572,-222,-5809.0
281272576,-222,-5819.0
281282580,-222,-5829.0
281292588,-222,-5839.0
281302596,-222,-5849.0
281312596,-222,-5859.0
281322596,-222,-5869.0
281332604,-222,-5879.0
281342612,-222,-5889.0
281352612,-222,-5899.0
281362612,-222,-5909.0
281372616,-222,-5919.0
281382616,-222,-5929.0
281392624,-222,-5939.0
281402628,-222,-5949.0
281412636,-238,-5959.0
281422644,-238,-5969.0
281432652,-238,-5979.0
281442652,-238,-5990.0
281452652,-238,-6001.0
281462660,-238,-6011.0
281472668,-238,-6022.0
281482668,-238,-6033.0
281492676,-238,-6043.0
281502684,-238,-6054.0
281512692,-238,-6065.0
281522700,-238,-6075.0
281532700,-238,-6086.0
281542700,-238,-6097.0
281552708,-238,-6108.0
281562716,-238,-6118.0
281572716,-238,-6129.0
281582716,-238,-6140.0
281592716,-238,-6151.0
281602716,-238,-6162.0
281612724,-238,-6172.0
281622732,-238,-6183.0
281632736,-238,-6194.0
281642752,-238,-6205.0
281652760,-238,-6215.0
281662768,-238,-6226.0
281672776,-238,-6237.0
281682780,-238,-6248.0
281692788,-238,-6258.0
281702788,-238,-6269.0
281712792,-238,-6280.0
281722800,-238,-6291.0
281732808,-238,-6301.0
281742808,-238,-6312.0
281752812,-238,-6323.0
281762812,-238,-6333.0
281772816,-238,-6344.0
281782824,-238,-6355.0
281792824,-238,-6366.0
281802824,-238,-6376.0
281812832,-238,-6387.0
281822836,-238,-6398.0
281832836,-238,-6409.0
281842840,-238,-6419.0
281852844,-238,-6430.0
281862848,-238,-6441.0
281872856,-238,-6452.0
281882860,-238,-6462.0
281892868,-238,-6473.0
281902872,-238,-6484.0
281912876,-238,-6495.0
281922876,-238,-6505.0
281932880,-238,-6516.0
281942884,-238,-6527.0
281952888,-238,-6538.0
281962888,-238,-6548.0
281972896,-238,-6559.0
281982900,-238,-6570.0
281992904,-238,-6581.0
282002904,-238,-6591.0
282012908,-238,-6602.0
282022916,-238,-6613.0
282032920,-238,-6624.0
282042924,-238,-6634.0
282052924,-238,-6645.0
282062928,-238,-6656.0
282072936,-238,-6667.0
282082940,-238,-6677.0
282092940,-238,-6688.0
282102948,-238,-6699.0
282112952,-138,-6709.0
282122960,-138,-6718.0
282132964,-138,-6726.0
282142964,-138,-6734.0
282152964,-138,-6741.0
282162968,-138,-6747.0
282172968,-138,-6754.0
282182972,-138,-6760.0
282192980,-138,-6767.0
282202988,-138,-6773.0
282212988,-138,-6779.0
282222992,-138,-6785.0
282232992,-138,-6791.0
282243000,-138,-6798.0
282253008,-138,-6804.0
282263016,-138,-6810.0
282273020,-138,-6816.0
282283028,-138,-6823.0
282293036,-138,-6829.0
282303044,-138,-6835.0
282313048,-138,-6841.0
282323048,-138,-6847.0
282333052,-138,-6854.0
282343052,-138,-6860.0
282353056,-138,-6866.0
282363064,-138,-6872.0
282373064,-138,-6878.0
282383072,-138,-6885.0
282393072,-138,-6891.0
282403076,-138,-6897.0
282413076,-138,-6903.0
282423084,-138,-6909.0
282433092,-138,-6916.0
282443096,-138,-6922.0
282453104,-138,-6928.0
282463104,-138,-6934.0
282473112,-138,-6940.0
282483116,-138,-6947.0
282493116,-138,-6953.0
282503124,-138,-6959.0
282513124,-138,-6965.0
282523132,-138,-6971.0
282533136,-138,-6978.0
282543136,-138,-6984.0
282553136,-138,-6990.0
282563144,-138,-6996.0
282573148,-138,-7002.0
282583156,-138,-7009.0
282593156,-138,-7015.0
282603156,-138,-7021.0
282613160,-138,-7027.0
282623160,-138,-7033.0
282633164,-138,-7040.0
282643172,-138,-7046.0
282653180,-138,-7052.0
282663180,-138,-7058.0
282673180,-138,-7064.0
282683188,-138,-7071.0
282693188,-138,-7077.0
282703188,-138,-7083.0
282713188,-138,-7089.0
282723188,-138,-7095.0
282733188,-138,-7102.0
282743192,-138,-7108.0
282753200,-138,-7114.0
282763200,-138,-7120.0
282773208,-138,-7126.0
282783208,-138,-7133.0
282793212,-138,-7139.0
282803220,-138,-7145.0
282813220,-95,-7151.0
282823220,-95,-7156.0
282833224,-95,-7161.0
282843224,-95,-7166.0
282853224,-95,-7171.0
282863224,-95,-7175.0
282873228,-95,-7179.0
282883228,-95,-7184.0
282893228,-95,-7188.0
282903228,-95,-7192.0
282913232,-95,-7197.0
282923232,-95,-7201.0
282933232,-95,-7205.0
282943232,-95,-7209.0
282953232,-95,-7214.0
282963236,-95,-7218.0
282973236,-95,-7222.0
282983236,-95,-7226.0
282993236,-95,-7231.0
283003240,-95,-7235.0
283013240,-95,-7239.0
283023240,-95,-7243.0
283033240,-95,-7248.0
283043248,-95,-7252.0
283053248,-95,-7256.0
283063248,-95,-7260.0
283073248,-95,-7264.0
283083248,-95,-7269.0
283093252,-95,-7273.0
283103256,-95,-7277.0
283113256,-95,-7281.0
283123256,-95,-7286.0
283133260,-95,-7290.0
283143264,-95,-7294.0
283153272,-95,-7298.0
283163272,-95,-7303.0
283173276,-95,-7307.0
283183276,-95,-7311.0
283193280,-95,-7315.0
283203288,-95,-7320.0
283213288,-95,-7324.0
283223292,-95,-7328.0
283233292,-95,-7332.0
283243300,-95,-7337.0
283253300,-95,-7341.0
283263304,-95,-7345.0
283273304,-95,-7349.0
283283304,-95,-7354.0
283293304,-95,-7358.0
283303308,-95,-7362.0
283313308,-95,-7366.0
283323308,-95,-7371.0
283333308,-95,-7375.0
283343312,-95,-7379.0
283353312,-95,-7383.0
283363312,-95,-7387.0
283373312,-95,-7392.0
283383312,-95,-7396.0
283393320,-95,-7400.0
283403328,-95,-7404.0
283413328,-95,-7409.0
283423328,-95,-7413.0
283433332,-95,-7417.0
283443336,-95,-7421.0
283453344,-95,-7426.0
283463344,-95,-7430.0
283473348,-95,-7434.0
283483348,-95,-7438.0
283493348,-95,-7443.0
283503348,-95,-7447.0
283513348,197,-7450.0
283523352,197,-7448.0
283533352,197,-7443.0
283543356,197,-7437.0
283553356,197,-7430.0
283563364,197,-7422.0
283573364,197,-7413.0
283583364,197,-7405.0
283593364,197,-7396.0
283603368,197,-7387.0
283613368,197,-7378.0
283623368,197,-7369.0
283633368,197,-7360.0
283643368,197,-7351.0
283653372,197,-7342.0
283663372,197,-7333.0
283673372,197,-7324.0
283683372,197,-7315.0
283693376,197,-7306.0
283703376,197,-7297.0
283713376,197,-7288.0
283723376,197,-7279.0
283733380,197,-7270.0
283743380,197,-7261.0
283753380,197,-7252.0
283763380,197,-7243.0
283773384,197,-7234.0
283783384,197,-7225.0
283793384,197,-7216.0
283803384,197,-7207.0
283813384,197,-7198.0
283823388,197,-7189.0
283833388,197,-7181.0
283843392,197,-7172.0
283853392,197,-7163.0
283863392,197,-7154.0
283873392,197,-7145.0
283883392,197,-7136.0
283893392,197,-7127.0
283903400,197,-7118.0
283913400,197,-7109.0
283923400,197,-7100.0
283933400,197,-7091.0
283943400,197,-7082.0
283953404,197,-7073.0
283963408,197,-7064.0
283973408,197,-7055.0
283983408,197,-7046.0
283993412,197,-7037.0
284003412,197,-7028.0
284013412,197,-7019.0
284023412,197,-7010.0
284033420,197,-7001.0
284043420,197,-6993.0
284053420,197,-6984.0
284063420,197,-6975.0
284073424,197,-6966.0
284083424,197,-6957.0
284093424,197,-6948.0
284103428,197,-6939.0
284113428,197,-6930.0
284123432,197,-6921.0
284133432,197,-6912.0
284143436,197,-6903.0
284153436,197,-6894.0
284163440,197,-6885.0
284173440,197,-6876.0
284183440,197,-6867.0
284193448,197,-6858.0
284203452,197,-6849.0
284213452,69,-6841.0
284223456,69,-6834.0
284233456,69,-6829.0
284243460,69,-6824.0
284253460,69,-6821.0
284263464,69,-6817.0
284273468,69,-6814.0
284283468,69,-6810.0
284293468,69,-6807.0
284303472,69,-6804.0
284313476,69,-6801.0
284323484,69,-6798.0
284333492,69,-6795.0
284343496,69,-6792.0
284353504,69,-6789.0
284363508,69,-6786.0
284373516,69,-6783.0
284383524,69,-6779.0
284393528,69,-6776.0
284403536,69,-6773.0
284413540,69,-6770.0
284423540,69,-6767.0
284433544,69,-6764.0
284443548,69,-6761.0
284453552,69,-6758.0
284463552,69,-6755.0
284473560,69,-6752.0
284483564,69,-6749.0
284493568,69,-6746.0
284503580,69,-6742.0
284513580,69,-6739.0
284523584,69,-6736.0
284533592,69,-6733.0
284543596,69,-6730.0
284553596,69,-6727.0
284563604,69,-6724.0
284573608,69,-6721.0
284583612,69,-6718.0
284593612,69,-6715.0
284603616,69,-6712.0
284613620,69,-6709.0
284623628,69,-6706.0
284633632,69,-6702.0
284643632,69,-6699.0
284653636,69,-6696.0
284663644,69,-6693.0
284673648,69,-6690.0
284683648,69,-6687.0
284693648,69,-6684.0
284703656,69,-6681.0
284713660,69,-6678.0
284723668,69,-6675.0
284733672,69,-6672.0
284743676,69,-6669.0
284753684,69,-6665.0
284763688,69,-6662.0
284773688,69,-6659.0
284783692,69,-6656.0
284793700,69,-6653.0
284803704,69,-6650.0
284813704,69,-6647.0
284823708,69,-6644.0
284833712,69,-6641.0
284843716,69,-6638.0
284853724,69,-6635.0
284863728,69,-6632.0
284873736,69,-6629.0
284883740,69,-6625.0
284893744,69,-6622.0
284903752,69,-6619.0
284913756,117,-6616.0
284923760,117,-6612.0
284933764,117,-6608.0
284943772,117,-6603.0
284953772,117,-6598.0
284963776,117,-6593.0
284973780,117,-6587.0
284983780,117,-6582.0
284993780,117,-6577.0
285003780,117,-6572.0
285013784,117,-6566.0
285023788,117,-6561.0
285033796,117,-6556.0
285043796,117,-6550.0
285053800,117,-6545.0
285063804,117,-6540.0
285073804,117,-6535.0
285083804,117,-6529.0
285093808,117,-6524.0
285103808,117,-6519.0
285113816,117,-6513.0
285123820,117,-6508.0
285133820,117,-6503.0
285143824,117,-6497.0
285153824,117,-6492.0
285163832,117,-6487.0
285173836,117,-6482.0
285183836,117,-6476.0
285193840,117,-6471.0
285203848,117,-6466.0
285213848,117,-6460.0
285223852,117,-6455.0
285233856,117,-6450.0
285243860,117,-6444.0
285253864,117,-6439.0
285263868,117,-6434.0
285273868,117,-6428.0
285283872,117,-6423.0
285293880,117,-6418.0
285303880,117,-6413.0
285313884,117,-6407.0
285323884,117,-6402.0
285333884,117,-6397.0
285343888,117,-6391.0
285353892,117,-6386.0
285363896,117,-6381.0
285373896,117,-6376.0
285383900,117,-6370.0
285393904,117,-6365.0
285403908,117,-6360.0
285413916,117,-6354.0
285423916,117,-6349.0
285433920,117,-6344.0
285443924,117,-6338.0
285453928,117,-6333.0
285463936,117,-6328.0
285473940,117,-6323.0
285483944,117,-6317.0
285493948,117,-6312.0
285503956,117,-6307.0
285513960,117,-6301.0
285523964,117,-6296.0
285533968,117,-6291.0
285543972,117,-6285.0
285553972,117,-6280.0
285563976,117,-6275.0
285573980,117,-6270.0
285583984,117,-6264.0
285593984,117,-6259.0
285603988,117,-6254.0
285613992,-92,-6250.0
285623996,-92,-6250.0
285634004,-92,-6251.0
285644008,-92,-6254.0
285654008,-92,-6257.0
285664008,-92,-6261.0
285674008,-92,-6265.0
285684016,-92,-6269.0
285694016,-92,-6273.0
285704020,-92,-6277.0
285714020,-92,-6281.0
285724024,-92,-6285.0
285734024,-92,-6289.0
285744028,-92,-6293.0
285754028,-92,-6297.0
285764032,-92,-6301.0
285774032,-92,-6305.0
285784032,-92,-6310.0
285794032,-92,-6314.0
285804036,-92,-6318.0
285814040,-92,-6322.0
285824040,-92,-6326.0
285834040,-92,-6330.0
285844040,-92,-6334.0
285854048,-92,-6338.0
285864048,-92,-6343.0
285874048,-92,-6347.0
285884052,-92,-6351.0
285894056,-92,-6355.0
285904060,-92,-6359.0
285914060,-92,-6363.0
285924060,-92,-6367.0
285934060,-92,-6371.0
285944068,-92,-6375.0
285954068,-92,-6380.0
285964068,-92,-6384.0
285974068,-92,-6388.0
285984076,-92,-6392.0
285994076,-92,-6396.0
286004080,-92,-6400.0
286014088,-92,-6404.0
286024092,-92,-6408.0
286034092,-92,-6412.0
286044100,-92,-6417.0
286054100,-92,-6421.0
286064104,-92,-6425.0
286074108,-92,-6429.0
286084108,-92,-6433.0
286094108,-92,-6437.0
286104108,-92,-6441.0
286114112,-92,-6446.0
286124112,-92,-6450.0
286134112,-92,-6454.0
286144112,-92,-6458.0
286154116,-92,-6462.0
286164116,-92,-6466.0
286174116,-92,-6470.0
286184116,-92,-6474.0
286194124,-92,-6478.0
286204124,-92,-6482.0
286214124,-92,-6487.0
286224124,-92,-6491.0
286234124,-92,-6495.0
286244128,-92,-6499.0
286254128,-92,-6503.0
286264128,-92,-6507.0
286274128,-92,-6511.0
286284136,-92,-6515.0
286294136,-92,-6519.0
286304136,-92,-6524.0
286314140,173,-6526.0
286324140,173,-6524.0
286334144,173,-6520.0
286344148,173,-6515.0
286354152,173,-6508.0
286364152,173,-6501.0
286374160,173,-6494.0
286384160,173,-6486.0
286394164,173,-6478.0
286404164,173,-6471.0
286414168,173,-6463.0
286424168,173,-6455.0
286434168,173,-6447.0
286444168,173,-6439.0
286454172,173,-6431.0
286464172,173,-6423.0
286474172,173,-6416.0
286484172,173,-6408.0
286494184,173,-6400.0
286504188,173,-6392.0
286514192,173,-6384.0
286524196,173,-6376.0
286534200,173,-6368.0
286544204,173,-6360.0
286554208,173,-6352.0
286564212,173,-6344.0
286574212,173,-6337.0
286584212,173,-6329.0
286594212,173,-6321.0
286604216,173,-6313.0
286614216,173,-6305.0
286624216,173,-6297.0
286634216,173,-6289.0
286644220,173,-6281.0
286654224,173,-6274.0
286664224,173,-6266.0
286674224,173,-6258.0
286684224,173,-6250.0
286694228,173,-6242.0
286704232,173,-6234.0
286714240,173,-6226.0
286724244,173,-6218.0
286734252,173,-6210.0
286744252,173,-6203.0
286754256,173,-6195.0
286764256,173,-6187.0
286774256,173,-6179.0
286784256,173,-6171.0
286794256,173,-6163.0
286804256,173,-6155.0
286814256,173,-6147.0
286824256,173,-6139.0
286834256,173,-6132.0
286844264,173,-6124.0
286854264,173,-6116.0
286864264,173,-6108.0
286874272,173,-6100.0
286884276,173,-6092.0
286894276,173,-6084.0
286904276,173,-6076.0
286914288,173,-6068.0
286924288,173,-6061.0
286934292,173,-6053.0
286944296,173,-6045.0
286954296,173,-6037.0
286964296,173,-6029.0
286974300,173,-6021.0
286984304,173,-6013.0
286994304,173,-6005.0
287004304,173,-5997.0
287014312,-60,-5991.0
287024316,-60,-5988.0
287034316,-60,-5987.0
287044320,-60,-5988.0
287054324,-60,-5990.0
287064328,-60,-5992.0
287074328,-60,-5995.0
287084328,-60,-5997.0
287094332,-60,-6000.0
287104336,-60,-6002.0
287114336,-60,-6005.0
287124336,-60,-6008.0
287134340,-60,-6010.0
287144344,-60,-6013.0
287154344,-60,-6016.0
287164348,-60,-6018.0
287174348,-60,-6021.0
287184364,-60,-6023.0
287194368,-60,-6026.0
287204368,-60,-6029.0
287214368,-60,-6031.0
287224372,-60,-6034.0
287234376,-60,-6037.0
287244376,-60,-6039.0
287254380,-60,-6042.0
287264380,-60,-6045.0
287274384,-60,-6047.0
287284388,-60,-6050.0
287294388,-60,-6053.0
287304388,-60,-6055.0
287314396,-60,-6058.0
287324396,-60,-6060.0
287334400,-60,-6063.0
287344400,-60,-6066.0
287354400,-60,-6068.0
287364408,-60,-6071.0
287374408,-60,-6074.0
287384408,-60,-6076.0
287394412,-60,-6079.0
287404416,-60,-6082.0
287414416,-60,-6084.0
287424416,-60,-6087.0
287434420,-60,-6090.0
287444424,-60,-6092.0
287454424,-60,-6095.0
287464428,-60,-6097.0
287474428,-60,-6100.0
287484428,-60,-6103.0
287494436,-60,-6105.0
287504436,-60,-6108.0
287514440,-60,-6111.0
287524440,-60,-6113.0
287534448,-60,-6116.0
287544448,-60,-6119.0
287554452,-60,-6121.0
287564452,-60,-6124.0
287574456,-60,-6127.0
287584460,-60,-6129.0
287594460,-60,-6132.0
287604464,-60,-6135.0
287614464,-60,-6137.0
287624472,-60,-6140.0
287634472,-60,-6142.0
287644476,-60,-6145.0
287654476,-60,-6148.0
287664484,-60,-6150.0
287674484,-60,-6153.0
287684488,-60,-6156.0
287694488,-60,-6158.0
287704496,-60,-6161.0
287714496,252,-6161.0
287724500,252,-6157.0
287734504,252,-6150.0
287744504,252,-6142.0
287754508,252,-6132.0
287764508,252,-6122.0
287774516,252,-6111.0
287784516,252,-6100.0
287794520,252,-6089.0
287804520,252,-6078.0
287814528,252,-6066.0
287824528,252,-6055.0
287834532,252,-6043.0
287844540,252,-6032.0
287854540,252,-6020.0
287864540,252,-6009.0
287874548,252,-5997.0
287884552,252,-5986.0
287894552,252,-5974.0
287904552,252,-5963.0
287914560,252,-5951.0
287924564,252,-5940.0
287934572,252,-5928.0
287944572,252,-5917.0
287954572,252,-5905.0
287964576,252,-5894.0
287974576,252,-5882.0
287984584,252,-5871.0
287994584,252,-5859.0
288004584,252,-5848.0
288014584,252,-5836.0
288024592,252,-5825.0
288034600,252,-5813.0
288044604,252,-5801.0
288054608,252,-5790.0
288064612,252,-5778.0
288074620,252,-5767.0
288084628,252,-5755.0
288094628,252,-5744.0
288104636,252,-5732.0
288114644,252,-5721.0
288124652,252,-5709.0
288134652,252,-5698.0
288144652,252,-5686.0
288154660,252,-5675.0
288164664,252,-5663.0
288174664,252,-5652.0
288184664,252,-5640.0
288194672,252,-5629.0
288204680,252,-5617.0
288214688,252,-5606.0
288224688,252,-5594.0
288234688,252,-5583.0
288244696,252,-5571.0
288254696,252,-5559.0
288264696,252,-5548.0
288274696,252,-5536.0
288284696,252,-5525.0
288294704,252,-5513.0
288304712,252,-5502.0
288314712,252,-5490.0
288324712,252,-5479.0
288334712,252,-5467.0
288344712,252,-5456.0
288354712,252,-5444.0
288364712,252,-5433.0
288374720,252,-5421.0
288384724,252,-5410.0
288394728,252,-5398.0
288404732,252,-5387.0
288414736,116,-5376.0
288424736,116,-5367.0
288434744,116,-5359.0
288444748,116,-5352.0
288454752,116,-5346.0
288464752,116,-5340.0
288474752,116,-5335.0
288484760,116,-5329.0
288494760,116,-5324.0
288504760,116,-5318.0
288514764,116,-5313.0
288524776,116,-5308.0
288534780,116,-5302.0
288544784,116,-5297.0
288554784,116,-5292.0
288564784,116,-5287.0
288574788,116,-5281.0
288584792,116,-5276.0
288594792,116,-5271.0
288604796,116,-5266.0
288614800,116,-5260.0
288624804,116,-5255.0
288634804,116,-5250.0
288644804,116,-5245.0
288654812,116,-5239.0
288664812,116,-5234.0
288674816,116,-5229.0
288684816,116,-5224.0
288694816,116,-5218.0
288704820,116,-5213.0
288714824,116,-5208.0
288724824,116,-5203.0
288734824,116,-5197.0
288744832,116,-5192.0
288754832,116,-5187.0
288764836,116,-5182.0
288774840,116,-5176.0
288784844,116,-5171.0
288794844,116,-5166.0
288804848,116,-5161.0
288814856,116,-5155.0
288824856,116,-5150.0
288834864,116,-5145.0
288844864,116,-5140.0
288854864,116,-5134.0
288864864,116,-5129.0
288874868,116,-5124.0
288884872,116,-5119.0
288894872,116,-5113.0
288904876,116,-5108.0
288914880,116,-5103.0
288924884,116,-5098.0
288934884,116,-5092.0
288944888,116,-5087.0
288954888,116,-5082.0
288964896,116,-5077.0
288974896,116,-5071.0
288984900,116,-5066.0
288994904,116,-5061.0
289004908,116,-5056.0
289014912,116,-5050.0
289024912,116,-5045.0
289034916,116,-5040.0
289044920,116,-5035.0
289054920,116,-5029.0
289064924,116,-5024.0
289074928,116,-5019.0
289084932,116,-5014.0
289094936,116,-5008.0
289104940,116,-5003.0
289114944,-185,-5000.0
289124944,-185,-5002.0
289134948,-185,-5006.0
289144948,-185,-5013.0
289154948,-185,-5019.0
289164956,-185,-5027.0
289174956,-185,-5035.0
289184956,-185,-5043.0
289194964,-185,-5051.0
289204972,-185,-5059.0
289214976,-185,-5067.0
289224976,-185,-5076.0
289234976,-185,-5084.0
289244984,-185,-5092.0
289254988,-185,-5101.0
289264992,-185,-5109.0
289275000,-185,-5117.0
289285008,-185,-5126.0
289295012,-185,-5134.0
289305016,-185,-5142.0
289315020,-185,-5150.0
289325028,-185,-5159.0
289335032,-185,-5167.0
289345040,-185,-5176.0
289355040,-185,-5184.0
289365048,-185,-5192.0
289375052,-185,-5201.0
289385060,-185,-5209.0
289395060,-185,-5217.0
289405068,-185,-5225.0
289415072,-185,-5234.0
289425080,-185,-5242.0
289435080,-185,-5250.0
289445088,-185,-5259.0
289455092,-185,-5267.0
289465092,-185,-5275.0
289475096,-185,-5284.0
289485096,-185,-5292.0
289495104,-185,-5300.0
289505112,-185,-5309.0
289515120,-185,-5317.0
289525124,-185,-5325.0
289535128,-185,-5334.0
289545128,-185,-5342.0
289555136,-185,-5350.0
289565136,-185,-5359.0
289575144,-185,-5367.0
289585144,-185,-5375.0
289595152,-185,-5384.0
289605160,-185,-5392.0
289615160,-185,-5400.0
289625164,-185,-5409.0
289635164,-185,-5417.0
289645172,-185,-5425.0
289655172,-185,-5434.0
289665180,-185,-5442.0
289675188,-185,-5450.0
289685192,-185,-5459.0
289695192,-185,-5467.0
289705192,-185,-5475.0
289715200,-185,-5484.0
289725204,-185,-5492.0
289735212,-185,-5500.0
289745212,-185,-5509.0
289755220,-185,-5517.0
289765228,-185,-5525.0
289775236,-185,-5534.0
289785236,-185,-5542.0
289795236,-185,-5550.0
289805240,-185,-5559.0
289815240,194,-5565.0
289825240,194,-5564.0
289835244,194,-5561.0
289845244,194,-5555.0
289855244,194,-5548.0
289865244,194,-5540.0
289875248,194,-5532.0
289885248,194,-5524.0
289895248,194,-5515.0
289905248,194,-5507.0
289915252,194,-5498.0
289925252,194,-5489.0
289935252,194,-5480.0
289945252,194,-5472.0
289955256,194,-5463.0
289965256,194,-5454.0
289975256,194,-5445.0
289985256,194,-5436.0
289995256,194,-5427.0
290005260,194,-5419.0
290015260,194,-5410.0
290025260,194,-5401.0
290035260,194,-5392.0
290045264,194,-5383.0
290055272,194,-5374.0
290065272,194,-5365.0
290075272,194,-5356.0
290085276,194,-5347.0
290095276,194,-5338.0
290105276,194,-5329.0
290115284,194,-5320.0
290125292,194,-5311.0
290135296,194,-5302.0
290145296,194,-5293.0
290155296,194,-5284.0
290165296,194,-5275.0
290175300,194,-5266.0
290185300,194,-5257.0
290195300,194,-5248.0
290205308,194,-5239.0
290215312,194,-5230.0
290225312,194,-5222.0
290235312,194,-5213.0
290245312,194,-5204.0
290255316,194,-5195.0
290265316,194,-5186.0
290275316,194,-5177.0
290285316,194,-5168.0
290295316,194,-5159.0
290305324,194,-5150.0
290315332,194,-5141.0
290325332,194,-5132.0
290335332,194,-5123.0
290345336,194,-5114.0
290355336,194,-5105.0
290365336,194,-5096.0
290375336,194,-5087.0
290385344,194,-5078.0
290395344,194,-5069.0
290405348,194,-5060.0
290415348,194,-5051.0
290425348,194,-5042.0
290435352,194,-5033.0
290445356,194,-5025.0
290455356,194,-5016.0
290465356,194,-5007.0
290475360,194,-4998.0
290485360,194,-4989.0
290495360,194,-4980.0
290505392,253,-4971.0
290515400,253,-4961.0
290525408,253,-4951.0
290535408,253,-4941.0
290545408,253,-4930.0
290555416,253,-4919.0
290565420,253,-4907.0
290575428,253,-4896.0
290585436,253,-4885.0
290595436,253,-4873.0
290605436,253,-4862.0
290615436,253,-4850.0
290625444,253,-4839.0
290635452,253,-4827.0
290645456,253,-4815.0
290655464,253,-4804.0
290665472,253,-4792.0
290675472,253,-4781.0
290685480,253,-4769.0
290695484,253,-4758.0
290705492,253,-4746.0
290715500,253,-4734.0
290725500,253,-4723.0
290735504,253,-4711.0
290745504,253,-4700.0
290755512,253,-4688.0
290765512,253,-4676.0
290775516,253,-4665.0
290785524,253,-4653.0
290795524,253,-4642.0
290805532,253,-4630.0
290815532,253,-4619.0
290825536,253,-4607.0
290835544,253,-4595.0
290845552,253,-4584.0
290855560,253,-4572.0
290865564,253,-4561.0
290875572,253,-4549.0
290885572,253,-4538.0
290895580,253,-4526.0
290905584,253,-4514.0
290915588,253,-4503.0
290925588,253,-4491.0
290935596,253,-4480.0
290945596,253,-4468.0
290955596,253,-4457.0
290965596,253,-4445.0
290975596,253,-4433.0
290985596,253,-4422.0
290995596,253,-4410.0
291005596,253,-4399.0
291015604,253,-4387.0
291025604,253,-4376.0
291035604,253,-4364.0
291045612,253,-4352.0
291055612,253,-4341.0
291065620,253,-4329.0
291075628,253,-4318.0
291085628,253,-4306.0
291095628,253,-4295.0
291105636,253,-4283.0
291115644,253,-4271.0
291125648,253,-4260.0
291135652,253,-4248.0
291145652,253,-4237.0
291155652,253,-4225.0
291165656,253,-4214.0
291175664,253,-4202.0
291185672,253,-4190.0
291195672,253,-4179.0
291205816,229,-4167.0
291215820,229,-4156.0
291225828,229,-4145.0
291235836,229,-4134.0
291245844,229,-4123.0
291255844,229,-4112.0
291265844,229,-4102.0
291275844,229,-4091.0
291285844,229,-4081.0
291295852,229,-4070.0
291305856,229,-4060.0
291315864,229,-4049.0
291325864,229,-4039.0
291335872,229,-4028.0
291345872,229,-4018.0
291355872,229,-4007.0
291365872,229,-3997.0
291375880,229,-3986.0
291385880,229,-3976.0
291395884,229,-3965.0
291405892,229,-3955.0
291415892,229,-3944.0
291425892,229,-3934.0
291435892,229,-3923.0
291445892,229,-3913.0
291455892,229,-3903.0
291465892,229,-3892.0
291475896,229,-3882.0
291485896,229,-3871.0
291495904,229,-3861.0
291505904,229,-3850.0
291515904,229,-3840.0
291525908,229,-3829.0
291535908,229,-3819.0
291545908,229,-3808.0
291555908,229,-3798.0
291565908,229,-3787.0
291575912,229,-3777.0
291585912,229,-3766.0
291595912,229,-3756.0
291605916,229,-3746.0
291615916,229,-3735.0
291625916,229,-3725.0
291635916,229,-3714.0
291645924,229,-3704.0
291655928,229,-3693.0
291665936,229,-3683.0
291675944,229,-3672.0
291685944,229,-3662.0
291695948,229,-3651.0
291705948,229,-3641.0
291715956,229,-3630.0
291725956,229,-3620.0
291735960,229,-3609.0
291745960,229,-3599.0
291755960,229,-3589.0
291765960,229,-3578.0
291775964,229,-3568.0
291785964,229,-3557.0
291795964,229,-3547.0
291805972,229,-3536.0
291815972,229,-3526.0
291825976,229,-3515.0
291835976,229,-3505.0
291845976,229,-3494.0
291855976,229,-3484.0
291865976,229,-3473.0
291875976,229,-3463.0
291885976,229,-3453.0
291895984,229,-3442.0
291905988,229,-3432.0
291915996,173,-3421.0
291925996,173,-3412.0
291935996,173,-3403.0
291945996,173,-3395.0
291956000,173,-3386.0
291966000,173,-3378.0
291976004,173,-3370.0
291986012,173,-3362.0
291996016,173,-3354.0
292006016,173,-3346.0
292016016,173,-3338.0
292026016,173,-3330.0
292036028,173,-3322.0
292046028,173,-3315.0
292056028,173,-3307.0
292066028,173,-3299.0
292076028,173,-3291.0
292086032,173,-3283.0
292096040,173,-3275.0
292106040,173,-3267.0
292116040,173,-3259.0
292126044,173,-3251.0
292136044,173,-3244.0
292146044,173,-3236.0
292156044,173,-3228.0
292166048,173,-3220.0
292176048,173,-3212.0
292186048,173,-3204.0
292196056,173,-3196.0
292206056,173,-3188.0
292216064,173,-3180.0
292226068,173,-3173.0
292236068,173,-3165.0
292246068,173,-3157.0
292256076,173,-3149.0
292266076,173,-3141.0
292276076,173,-3133.0
292286076,173,-3125.0
292296076,173,-3117.0
292306076,173,-3109.0
292316076,173,-3102.0
292326076,173,-3094.0
292336084,173,-3086.0
292346084,173,-3078.0
292356084,173,-3070.0
292366084,173,-3062.0
292376084,173,-3054.0
292386088,173,-3046.0
292396088,173,-3038.0
292406092,173,-3030.0
292416092,173,-3023.0
292426096,173,-3015.0
292436096,173,-3007.0
292446096,173,-2999.0
292456100,173,-2991.0
292466104,173,-2983.0
292476104,173,-2975.0
292486104,173,-2967.0
292496104,173,-2959.0
292506104,173,-2952.0
292516108,173,-2944.0
292526108,173,-2936.0
292536108,173,-2928.0
292546108,173,-2920.0
292556112,173,-2912.0
292566116,173,-2904.0
292576116,173,-2896.0
292586116,173,-2888.0
292596120,173,-2881.0
292606120,173,-2873.0
292616124,192,-2865.0
292626124,192,-2856.0
292636132,192,-2848.0
292646140,192,-2839.0
292656140,192,-2831.0
292666140,192,-2822.0
292676140,192,-2813.0
292686144,192,-2805.0
292696144,192,-2796.0
292706144,192,-2787.0
292716144,192,-2778.0
292726152,192,-2770.0
292736152,192,-2761.0
292746152,192,-2752.0
292756152,192,-2743.0
292766160,192,-2735.0
292776160,192,-2726.0
292786160,192,-2717.0
292796160,192,-2708.0
292806164,192,-2700.0
292816168,192,-2691.0
292826176,192,-2682.0
292836176,192,-2673.0
292846176,192,-2664.0
292856180,192,-2656.0
292866180,192,-2647.0
292876180,192,-2638.0
292886180,192,-2629.0
292896184,192,-2621.0
292906192,192,-2612.0
292916192,192,-2603.0
292926192,192,-2594.0
292936200,192,-2585.0
292946204,192,-2577.0
292956204,192,-2568.0
292966204,192,-2559.0
292976204,192,-2550.0
292986208,192,-2542.0
292996208,192,-2533.0
293006208,192,-2524.0
293016208,192,-2515.0
293026216,192,-2507.0
293036216,192,-2498.0
293046216,192,-2489.0
293056216,192,-2480.0
293066216,192,-2472.0
293076224,192,-2463.0
293086224,192,-2454.0
293096224,192,-2445.0
293106224,192,-2436.0
293116232,192,-2428.0
293126232,192,-2419.0
293136232,192,-2410.0
293146232,192,-2401.0
293156236,192,-2393.0
293166240,192,-2384.0
293176240,192,-2375.0
293186240,192,-2366.0
293196244,192,-2357.0
293206244,192,-2349.0
293216248,192,-2340.0
293226256,192,-2331.0
293236256,192,-2322.0
293246264,192,-2314.0
293256264,192,-2305.0
293266264,192,-2296.0
293276264,192,-2287.0
293286272,192,-2279.0
293296272,192,-2270.0
293306280,192,-2261.0
293316284,-79,-2254.0
293326288,-79,-2251.0
293336292,-79,-2252.0
293346292,-79,-2253.0
293356296,-79,-2255.0
293366296,-79,-2258.0
293376304,-79,-2261.0
293386304,-79,-2265.0
293396304,-79,-2268.0
293406304,-79,-2272.0
293416312,-79,-2275.0
293426312,-79,-2279.0
293436316,-79,-2282.0
293446316,-79,-2286.0
293456324,-79,-2289.0
293466324,-79,-2293.0
293476324,-79,-2296.0
293486328,-79,-2300.0
293496328,-79,-2303.0
293506332,-79,-2307.0
293516336,-79,-2310.0
293526336,-79,-2314.0
293536340,-79,-2317.0
293546344,-79,-2321.0
293556348,-79,-2324.0
293566348,-79,-2328.0
293576352,-79,-2331.0
293586360,-79,-2335.0
293596360,-79,-2338.0
293606364,-79,-2342.0
293616364,-79,-2345.0
293626364,-79,-2349.0
293636372,-79,-2352.0
293646372,-79,-2356.0
293656372,-79,-2359.0
293666372,-79,-2363.0
293676380,-79,-2366.0
293686380,-79,-2370.0
293696380,-79,-2373.0
293706380,-79,-2377.0
293716388,-79,-2380.0
293726388,-79,-2384.0
293736388,-79,-2387.0
293746388,-79,-2391.0
293756392,-79,-2395.0
293766400,-79,-2398.0
293776408,-79,-2402.0
293786408,-79,-2405.0
293796416,-79,-2409.0
293806420,-79,-2412.0
293816420,-79,-2416.0
293826420,-79,-2419.0
293836420,-79,-2423.0
293846428,-79,-2426.0
293856428,-79,-2430.0
293866428,-79,-2433.0
293876428,-79,-2437.0
293886440,-79,-2440.0
293896444,-79,-2444.0
293906444,-79,-2447.0
293916444,-79,-2451.0
293926448,-79,-2454.0
293936452,-79,-2458.0
293946452,-79,-2461.0
293956452,-79,-2465.0
293966452,-79,-2468.0
293976456,-79,-2472.0
293986460,-79,-2475.0
293996460,-79,-2479.0
294006460,84,-2482.0
294016460,84,-2484.0
294026464,84,-2484.0
294036468,84,-2482.0
294046476,84,-2480.0
294056480,84,-2476.0
294066480,84,-2473.0
294076484,84,-2469.0
294086492,84,-2466.0
294096496,84,-2462.0
294106500,84,-2458.0
294116504,84,-2454.0
294126508,84,-2451.0
294136512,84,-2447.0
294146512,84,-2443.0
294156516,84,-2439.0
294166520,84,-2436.0
294176524,84,-2432.0
294186528,84,-2428.0
294196528,84,-2424.0
294206532,84,-2421.0
294216536,84,-2417.0
294226540,84,-2413.0
294236548,84,-2409.0
294246552,84,-2406.0
294256556,84,-2402.0
294266564,84,-2398.0
294276572,84,-2394.0
294286576,84,-2390.0
294296584,84,-2387.0
294306588,84,-2383.0
294316592,84,-2379.0
294326592,84,-2375.0
294336600,84,-2372.0
294346604,84,-2368.0
294356608,84,-2364.0
294366608,84,-2360.0
294376612,84,-2356.0
294386620,84,-2353.0
294396624,84,-2349.0
294406632,84,-2345.0
294416640,84,-2341.0
294426640,84,-2338.0
294436644,84,-2334.0
294446648,84,-2330.0
294456656,84,-2326.0
294466656,84,-2323.0
294476660,84,-2319.0
294486664,84,-2315.0
294496664,84,-2311.0
294506668,84,-2308.0
294516672,84,-2304.0
294526672,84,-2300.0
294536680,84,-2296.0
294546684,84,-2292.0
294556692,84,-2289.0
294566696,84,-2285.0
294576696,84,-2281.0
294586696,84,-2277.0
294596700,84,-2274.0
294606704,84,-2270.0
294616704,84,-2266.0
294626704,84,-2262.0
294636708,84,-2258.0
294646712,84,-2255.0
294656716,84,-2251.0
294666728,84,-2247.0
294676736,84,-2243.0
294686740,84,-2240.0
294696744,84,-2236.0
294706868,-91,-2232.0
294716872,-91,-2230.0
294726876,-91,-2231.0
294736880,-91,-2233.0
294746880,-91,-2236.0
294756880,-91,-2239.0
294766884,-91,-2243.0
294776884,-91,-2247.0
294786884,-91,-2251.0
294796884,-91,-2255.0
294806900,-91,-2259.0
294816900,-91,-2263.0
294826900,-91,-2267.0
294836900,-91,-2271.0
294846904,-91,-2275.0
294856904,-91,-2279.0
294866908,-91,-2283.0
294876908,-91,-2287.0
294886908,-91,-2291.0
294896912,-91,-2295.0
294906916,-91,-2299.0
294916916,-91,-2303.0
294926924,-91,-2307.0
294936928,-91,-2311.0
294946936,-91,-2315.0
294956936,-91,-2319.0
294966944,-91,-2323.0
294976948,-91,-2327.0
294986956,-91,-2332.0
294996964,-91,-2336.0
295006964,-91,-2340.0
295016972,-91,-2344.0
295026976,-91,-2348.0
295036976,-91,-2352.0
295046976,-91,-2356.0
295056984,-91,-2360.0
295066984,-91,-2364.0
295076984,-91,-2368.0
295086984,-91,-2372.0
295096984,-91,-2376.0
295106984,-91,-2380.0
295116984,-91,-2384.0
295126984,-91,-2388.0
295136984,-91,-2392.0
295146992,-91,-2396.0
295156996,-91,-2400.0
295166996,-91,-2405.0
295176996,-91,-2409.0
295186996,-91,-2413.0
295197000,-91,-2417.0
295207000,-91,-2421.0
295217008,-91,-2425.0
295227008,-91,-2429.0
295237012,-91,-2433.0
295247012,-91,-2437.0
295257020,-91,-2441.0
295267020,-91,-2445.0
295277028,-91,-2449.0
295287032,-91,-2453.0
295297032,-91,-2457.0
295307032,-91,-2461.0
295317032,-91,-2465.0
295327036,-91,-2469.0
295337036,-91,-2473.0
295347036,-91,-2478.0
295357036,-91,-2482.0
295367040,-91,-2486.0
295377040,-91,-2490.0
295387040,-91,-2494.0
295397048,-91,-2498.0
295407052,-91,-2502.0
295417052,145,-2504.0
295427060,145,-2502.0
295437064,145,-2499.0
295447064,145,-2494.0
295457072,145,-2489.0
295467072,145,-2483.0
295477072,145,-2476.0
295487076,145,-2470.0
295497080,145,-2464.0
295507084,145,-2457.0
295517084,145,-2451.0
295527088,145,-2444.0
295537092,145,-2438.0
295547092,145,-2431.0
295557092,145,-2424.0
295567096,145,-2418.0
295577100,145,-2411.0
295587104,145,-2405.0
295597108,145,-2398.0
295607108,145,-2391.0
295617112,145,-2385.0
295627120,145,-2378.0
295637120,145,-2372.0
295647124,145,-2365.0
295657124,145,-2359.0
295667132,145,-2352.0
295677136,145,-2345.0
295687136,145,-2339.0
295697140,145,-2332.0
295707140,145,-2326.0
295717148,145,-2319.0
295727148,145,-2312.0
295737152,145,-2306.0
295747152,145,-2299.0
295757160,145,-2293.0
295767160,145,-2286.0
295777160,145,-2279.0
295787160,145,-2273.0
295797168,145,-2266.0
295807168,145,-2260.0
295817172,145,-2253.0
295827172,145,-2246.0
295837176,145,-2240.0
295847180,145,-2233.0
295857184,145,-2227.0
295867184,145,-2220.0
295877188,145,-2213.0
295887196,145,-2207.0
295897196,145,-2200.0
295907200,145,-2194.0
295917200,145,-2187.0
295927208,145,-2180.0
295937208,145,-2174.0
295947208,145,-2167.0
295957208,145,-2161.0
295967212,145,-2154.0
295977216,145,-2147.0
295987216,145,-2141.0
295997220,145,-2134.0
296007220,145,-2128.0
296017224,145,-2121.0
296027228,145,-2114.0
296037228,145,-2108.0
296047228,145,-2101.0
296057236,145,-2095.0
296067236,145,-2088.0
296077236,145,-2082.0
296087236,145,-2075.0
296097240,145,-2068.0
296107244,-102,-2062.0
296117252,-102,-2058.0
296127252,-102,-2058.0
296137256,-102,-2059.0
296147260,-102,-2062.0
296157260,-102,-2066.0
296167260,-102,-2070.0
296177268,-102,-2074.0
296187272,-102,-2079.0
296197272,-102,-2083.0
296207280,-102,-2088.0
296217280,-102,-2092.0
296227284,-102,-2096.0
296237292,-102,-2101.0
296247300,-102,-2105.0
296257308,-102,-2110.0
296267316,-102,-2114.0
296277320,-102,-2119.0
296287320,-102,-2123.0
296297328,-102,-2128.0
296307328,-102,-2132.0
296317332,-102,-2137.0
296327332,-102,-2141.0
296337340,-102,-2146.0
296347340,-102,-2150.0
296357340,-102,-2155.0
296367340,-102,-2159.0
296377340,-102,-2164.0
296387340,-102,-2168.0
296397348,-102,-2173.0
296407352,-102,-2177.0
296417360,-102,-2182.0
296427360,-102,-2186.0
296437360,-102,-2191.0
296447364,-102,-2195.0
296457364,-102,-2199.0
296467372,-102,-2204.0
296477372,-102,-2208.0
296487376,-102,-2213.0
296497376,-102,-2217.0
296507384,-102,-2222.0
296517384,-102,-2226.0
296527384,-102,-2231.0
296537388,-102,-2235.0
296547388,-102,-2240.0
296557388,-102,-2244.0
296567396,-102,-2249.0
296577400,-102,-2253.0
296587408,-102,-2258.0
296597408,-102,-2262.0
296607416,-102,-2267.0
296617420,-102,-2271.0
296627420,-102,-2276.0
296637420,-102,-2280.0
296647428,-102,-2285.0
296657428,-102,-2289.0
296667432,-102,-2293.0
296677432,-102,-2298.0
296687432,-102,-2302.0
296697432,-102,-2307.0
296707436,-102,-2311.0
296717436,-102,-2316.0
296727436,-102,-2320.0
296737436,-102,-2325.0
296747440,-102,-2329.0
296757448,-102,-2334.0
296767448,-102,-2338.0
296777448,-102,-2343.0
296787448,-102,-2347.0
296797452,-102,-2352.0
296807452,137,-2356.0
296817456,137,-2358.0
296827464,137,-2357.0
296837472,137,-2353.0
296847476,137,-2348.0
296857480,137,-2343.0
296867484,137,-2337.0
296877492,137,-2332.0
296887492,137,-2326.0
296897496,137,-2320.0
296907496,137,-2313.0
296917500,137,-2307.0
296927508,137,-2301.0
296937512,137,-2295.0
296947516,137,-2289.0
296957520,137,-2283.0
296967528,137,-2277.0
296977536,137,-2270.0
296987536,137,-2264.0
296997536,137,-2258.0
297007544,137,-2252.0
297017544,137,-2245.0
297027544,137,-2239.0
297037548,137,-2233.0
297047548,137,-2227.0
297057552,137,-2221.0
297067556,137,-2214.0
297077556,137,-2208.0
297087556,137,-2202.0
297097556,137,-2196.0
297107556,137,-2189.0
297117556,137,-2183.0
297127560,137,-2177.0
297137564,137,-2171.0
297147568,137,-2165.0
297157568,137,-2158.0
297167572,137,-2152.0
297177572,137,-2146.0
297187572,137,-2140.0
297197572,137,-2133.0
297207576,137,-2127.0
297217576,137,-2121.0
297227580,137,-2115.0
297237584,137,-2108.0
297247584,137,-2102.0
297257588,137,-2096.0
297267592,137,-2090.0
297277592,137,-2084.0
297287596,137,-2077.0
297297596,137,-2071.0
297307604,137,-2065.0
297317608,137,-2059.0
297327608,137,-2052.0
297337612,137,-2046.0
297347612,137,-2040.0
297357616,137,-2034.0
297367620,137,-2028.0
297377624,137,-2021.0
297387624,137,-2015.0
297397628,137,-2009.0
297407632,137,-2003.0
297417632,137,-1996.0
297427636,137,-1990.0
297437640,137,-1984.0
297447644,137,-1978.0
297457644,137,-1971.0
297467644,137,-1965.0
297477648,137,-1959.0
297487656,137,-1953.0
297497656,137,-1947.0
297507656,158,-1940.0
297517660,158,-1934.0
297527664,158,-1927.0
297537668,158,-1920.0
297547668,158,-1913.0
297557668,158,-1906.0
297567676,158,-1899.0
297577676,158,-1892.0
297587680,158,-1885.0
297597680,158,-1878.0
297607680,158,-1871.0
297617684,158,-1863.0
297627684,158,-1856.0
297637684,158,-1849.0
297647684,158,-1842.0
297657688,158,-1835.0
297667688,158,-1827.0
297677688,158,-1820.0
297687688,158,-1813.0
297697692,158,-1806.0
297707692,158,-1799.0
297717692,158,-1792.0
297727692,158,-1784.0
297737704,158,-1777.0
297747712,158,-1770.0
297757712,158,-1763.0
297767712,158,-1756.0
297777716,158,-1749.0
297787720,158,-1741.0
297797720,158,-1734.0
297807724,158,-1727.0
297817724,158,-1720.0
297827728,158,-1713.0
297837728,158,-1706.0
297847732,158,-1698.0
297857732,158,-1691.0
297867736,158,-1684.0
297877736,158,-1677.0
297887740,158,-1670.0
297897740,158,-1663.0
297907740,158,-1656.0
297917744,158,-1648.0
297927748,158,-1641.0
297937748,158,-1634.0
297947748,158,-1627.0
297957756,158,-1620.0
297967760,158,-1613.0
297977760,158,-1605.0
297987760,158,-1598.0
297997768,158,-1591.0
298007768,158,-1584.0
298017768,158,-1577.0
298027772,158,-1570.0
298037772,158,-1562.0
298047776,158,-1555.0
298057780,158,-1548.0
298067780,158,-1541.0
298077780,158,-1534.0
298087788,158,-1527.0
298097788,158,-1519.0
298107788,158,-1512.0
298117792,158,-1505.0
298127796,158,-1498.0
298137800,158,-1491.0
298147800,158,-1484.0
298157800,158,-1476.0
298167804,158,-1469.0
298177812,158,-1462.0
298187812,158,-1455.0
298197816,158,-1448.0
298207820,-121,-1441.0
298217820,-121,-1436.0
298227820,-121,-1437.0
298237824,-121,-1439.0
298247824,-121,-1442.0
298257828,-121,-1447.0
298267836,-121,-1451.0
298277844,-121,-1456.0
298287852,-121,-1462.0
298297852,-121,-1467.0
298307852,-121,-1472.0
298317852,-121,-1478.0
298327860,-121,-1483.0
298337860,-121,-1488.0
298347860,-121,-1494.0
298357860,-121,-1499.0
298367868,-121,-1505.0
298377868,-121,-1510.0
298387872,-121,-1515.0
298397872,-121,-1521.0
298407872,-121,-1526.0
298417880,-121,-1532.0
298427888,-121,-1537.0
298437892,-121,-1543.0
298447892,-121,-1548.0
298457900,-121,-1553.0
298467900,-121,-1559.0
298477904,-121,-1564.0
298487912,-121,-1570.0
298497912,-121,-1575.0
298507912,-121,-1581.0
298517916,-121,-1586.0
298527916,-121,-1591.0
298537916,-121,-1597.0
298547924,-121,-1602.0
298557932,-121,-1608.0
298567936,-121,-1613.0
298577944,-121,-1618.0
298587952,-121,-1624.0
298597952,-121,-1629.0
298607952,-121,-1635.0
298617952,-121,-1640.0
298627952,-121,-1646.0
298637960,-121,-1651.0
298647964,-121,-1656.0
298657964,-121,-1662.0
298667972,-121,-1667.0
298677980,-121,-1673.0
298687980,-121,-1678.0
298697984,-121,-1684.0
298707984,-121,-1689.0
298717992,-121,-1694.0
298727992,-121,-1700.0
298737996,-121,-1705.0
298747996,-121,-1711.0
298757996,-121,-1716.0
298767996,-121,-1722.0
298778000,-121,-1727.0
298788000,-121,-1732.0
298798008,-121,-1738.0
298808008,-121,-1743.0
298818012,-121,-1749.0
298828020,-121,-1754.0
298838020,-121,-1759.0
298848020,-121,-1765.0
298858028,-121,-1770.0
298868028,-121,-1776.0
298878028,-121,-1781.0
298888028,-121,-1787.0
298898036,-121,-1792.0
298908036,144,-1797.0
298918040,144,-1800.0
298928048,144,-1799.0
298938060,144,-1795.0
298948060,144,-1791.0
298958060,144,-1785.0
298968064,144,-1780.0
298978064,144,-1773.0
298988068,144,-1767.0
298998072,144,-1761.0
299008076,144,-1754.0
299018084,144,-1748.0
299028084,144,-1741.0
299038088,144,-1735.0
299048092,144,-1728.0
299058100,144,-1721.0
299068104,144,-1715.0
299078108,144,-1708.0
299088108,144,-1702.0
299098112,144,-1695.0
299108112,144,-1689.0
299118112,144,-1682.0
299128120,144,-1676.0
299138120,144,-1669.0
299148120,144,-1663.0
299158124,144,-1656.0
299168132,144,-1650.0
299178132,144,-1643.0
299188132,144,-1636.0
299198132,144,-1630.0
299208140,144,-1623.0
299218140,144,-1617.0
299228140,144,-1610.0
299238140,144,-1604.0
299248140,144,-1597.0
299258140,144,-1591.0
299268140,144,-1584.0
299278140,144,-1577.0
299288144,144,-1571.0
299298148,144,-1564.0
299308152,144,-1558.0
299318152,144,-1551.0
299328156,144,-1545.0
299338160,144,-1538.0
299348164,144,-1532.0
299358164,144,-1525.0
299368168,144,-1519.0
299378168,144,-1512.0
299388176,144,-1506.0
299398176,144,-1499.0
299408180,144,-1492.0
299418180,144,-1486.0
299428184,144,-1479.0
299438188,144,-1473.0
299448188,144,-1466.0
299458188,144,-1460.0
299468188,144,-1453.0
299478188,144,-1447.0
299488192,144,-1440.0
299498192,144,-1433.0
299508208,144,-1427.0
299518212,144,-1420.0
299528216,144,-1414.0
299538216,144,-1407.0
299548216,144,-1401.0
299558224,144,-1394.0
299568224,144,-1388.0
299578224,144,-1381.0
299588228,144,-1375.0
299598232,144,-1368.0
299608232,120,-1362.0
299618232,120,-1355.0
299628236,120,-1349.0
299638248,120,-1343.0
299648256,120,-1338.0
299658256,120,-1332.0
299668256,120,-1327.0
299678260,120,-1321.0
299688268,120,-1316.0
299698268,120,-1310.0
299708268,120,-1305.0
299718272,120,-1300.0
299728280,120,-1294.0
299738280,120,-1289.0
299748280,120,-1283.0
299758284,120,-1278.0
299768296,120,-1272.0
299778296,120,-1267.0
299788296,120,-1262.0
299798300,120,-1256.0
299808304,120,-1251.0
299818312,120,-1245.0
299828316,120,-1240.0
299838316,120,-1234.0
299848320,120,-1229.0
299858328,120,-1223.0
299868328,120,-1218.0
299878328,120,-1213.0
299888332,120,-1207.0
299898348,120,-1202.0
299908352,120,-1196.0
299918356,120,-1191.0
299928360,120,-1185.0
299938364,120,-1180.0
299948372,120,-1175.0
299958376,120,-1169.0
299968380,120,-1164.0
299978380,120,-1158.0
299988380,120,-1153.0
299998384,120,-1147.0
300008388,120,-1142.0
300018388,120,-1136.0
300028392,120,-1131.0
300038392,120,-1126.0
300048392,120,-1120.0
300058396,120,-1115.0
300068400,120,-1109.0
300078404,120,-1104.0
300088408,120,-1098.0
300098408,120,-1093.0
300108412,120,-1088.0
300118420,120,-1082.0
300128420,120,-1077.0
300138424,120,-1071.0
300148428,120,-1066.0
300158440,120,-1060.0
300168448,120,-1055.0
300178448,120,-1050.0
300188448,120,-1044.0
300198452,120,-1039.0
300208456,120,-1033.0
300218460,120,-1028.0
300228460,120,-1022.0
300238464,120,-1017.0
300248472,120,-1012.0
300258472,120,-1006.0
300268476,120,-1001.0
300278476,120,-995.0
300288492,120,-990.0
300298496,120,-984.0
300308500,-229,-979.0
300318508,-229,-978.0
300328512,-229,-981.0
300338512,-229,-987.0
300348512,-229,-995.0
300358512,-229,-1003.0
300368516,-229,-1013.0
300378520,-229,-1023.0
300388524,-229,-1032.0
300398524,-229,-1042.0
300408528,-229,-1053.0
300418536,-229,-1063.0
300428536,-229,-1073.0
300438536,-229,-1083.0
300448544,-229,-1094.0
300458548,-229,-1104.0
300468552,-229,-1114.0
300478560,-229,-1125.0
300488564,-229,-1135.0
300498564,-229,-1145.0
300508564,-229,-1155.0
300518568,-229,-1166.0
300528576,-229,-1176.0
300538584,-229,-1186.0
300548592,-229,-1197.0
300558592,-229,-1207.0
300568592,-229,-1217.0
300578596,-229,-1228.0
300588604,-229,-1238.0
300598604,-229,-1248.0
300608612,-229,-1259.0
300618620,-229,-1269.0
300628628,-229,-1279.0
300638628,-229,-1290.0
300648628,-229,-1300.0
300658636,-229,-1310.0
300668640,-229,-1321.0
300678648,-229,-1331.0
300688648,-229,-1341.0
300698664,-229,-1352.0
300708672,-229,-1362.0
300718680,-229,-1372.0
300728680,-229,-1382.0
300738688,-229,-1393.0
300748696,-229,-1403.0
300758704,-229,-1413.0
300768704,-229,-1424.0
300778704,-229,-1434.0
300788712,-229,-1444.0
300798720,-229,-1455.0
300808720,-229,-1465.0
300818720,-229,-1475.0
300828724,-229,-1486.0
300838732,-229,-1496.0
300848736,-229,-1506.0
300858736,-229,-1517.0
300868744,-229,-1527.0
300878748,-229,-1537.0
300888756,-229,-1548.0
300898756,-229,-1558.0
300908764,-229,-1568.0
300918772,-229,-1579.0
300928780,-229,-1589.0
300938784,-229,-1599.0
300948788,-229,-1610.0
300958792,-229,-1620.0
300968792,-229,-1630.0
300978796,-229,-1641.0
300988800,-229,-1651.0
300998804,-229,-1661.0
301008820,-232,-1672.0
301018828,-232,-1682.0
301028828,-232,-1692.0
301038836,-232,-1703.0
301048844,-232,-1713.0
301058852,-232,-1724.0
301068856,-232,-1734.0
301078856,-232,-1744.0
301088864,-232,-1755.0
301098872,-232,-1765.0
301108876,-232,-1776.0
301118880,-232,-1786.0
301128884,-232,-1797.0
301138892,-232,-1807.0
301148896,-232,-1818.0
301158904,-232,-1828.0
301168904,-232,-1839.0
301178912,-232,-1849.0
301188916,-232,-1860.0
301198916,-232,-1870.0
301208916,-232,-1880.0
301218924,-232,-1891.0
301228932,-232,-1901.0
301238940,-232,-1912.0
301248940,-232,-1922.0
301258948,-232,-1933.0
301268956,-232,-1943.0
301278964,-232,-1954.0
301288972,-232,-1964.0
301298972,-232,-1975.0
301308980,-232,-1985.0
301318988,-232,-1996.0
301328996,-232,-2006.0
301338996,-232,-2016.0
301349004,-232,-2027.0
301359012,-232,-2037.0
301369020,-232,-2048.0
301379020,-232,-2058.0
301389020,-232,-2069.0
301399028,-232,-2079.0
301409036,-232,-2090.0
301419044,-232,-2100.0
301429048,-232,-2111.0
301439056,-232,-2121.0
301449064,-232,-2132.0
301459072,-232,-2142.0
301469076,-232,-2153.0
301479080,-232,-2163.0
301489088,-232,-2173.0
301499092,-232,-2184.0
301509100,-232,-2194.0
301519100,-232,-2205.0
301529100,-232,-2215.0
301539104,-232,-2226.0
301549104,-232,-2236.0
301559104,-232,-2247.0
301569112,-232,-2257.0
301579116,-232,-2268.0
301589124,-232,-2278.0
301599124,-232,-2289.0
301609132,-232,-2299.0
301619136,-232,-2309.0
301629144,-232,-2320.0
301639152,-232,-2330.0
301649152,-232,-2341.0
301659160,-232,-2351.0
301669168,-232,-2362.0
301679176,-232,-2372.0
301689176,-232,-2383.0
301699184,-232,-2393.0
301709184,-248,-2404.0
301719188,-248,-2414.0
301729188,-248,-2425.0
301739196,-248,-2436.0
301749204,-248,-2447.0
301759208,-248,-2458.0
301769208,-248,-2469.0
301779216,-248,-2480.0
301789220,-248,-2491.0
301799228,-248,-2503.0
301809232,-248,-2514.0
301819236,-248,-2525.0
301829240,-248,-2536.0
301839248,-248,-2547.0
301849256,-248,-2558.0
301859256,-248,-2570.0
301869260,-248,-2581.0
301879268,-248,-2592.0
301889272,-248,-2603.0
301899280,-248,-2614.0
301909280,-248,-2626.0
301919284,-248,-2637.0
301929292,-248,-2648.0
301939296,-248,-2659.0
301949296,-248,-2670.0
301959296,-248,-2682.0
301969300,-248,-2693.0
301979304,-248,-2704.0
301989308,-248,-2715.0
301999312,-248,-2726.0
302009312,-248,-2737.0
302019316,-248,-2749.0
302029324,-248,-2760.0
302039324,-248,-2771.0
302049332,-248,-2782.0
302059336,-248,-2793.0
302069336,-248,-2805.0
302079336,-248,-2816.0
302089336,-248,-2827.0
302099340,-248,-2838.0
302109348,-248,-2849.0
302119348,-248,-2860.0
302129352,-248,-2872.0
302139360,-248,-2883.0
302149364,-248,-2894.0
302159368,-248,-2905.0
302169368,-248,-2916.0
302179376,-248,-2927.0
302189380,-248,-2939.0
302199388,-248,-2950.0
302209388,-248,-2961.0
302219392,-248,-2972.0
302229400,-248,-2983.0
302239408,-248,-2995.0
302249408,-248,-3006.0
302259412,-248,-3017.0
302269420,-248,-3028.0
302279428,-248,-3039.0
302289436,-248,-3050.0
302299436,-248,-3062.0
302309440,-248,-3073.0
302319448,-248,-3084.0
302329456,-248,-3095.0
302339456,-248,-3106.0
302349460,-248,-3118.0
302359468,-248,-3129.0
302369476,-248,-3140.0
302379476,-248,-3151.0
302389484,-248,-3162.0
302399492,-248,-3173.0
302409500,203,-3185.0
302419504,203,-3191.0
302429504,203,-3192.0
302439508,203,-3188.0
302449512,203,-3182.0
302459516,203,-3175.0
302469520,203,-3167.0
302479520,203,-3159.0
302489524,203,-3150.0
302499524,203,-3141.0
302509528,203,-3132.0
302519528,203,-3123.0
302529532,203,-3114.0
302539532,203,-3105.0
302549532,203,-3096.0
302559540,203,-3086.0
302569540,203,-3077.0
302579540,203,-3068.0
302589540,203,-3059.0
302599548,203,-3049.0
302609548,203,-3040.0
302619548,203,-3031.0
302629548,203,-3022.0
302639552,203,-3012.0
302649556,203,-3003.0
302659556,203,-2994.0
302669556,203,-2984.0
302679556,203,-2975.0
302689564,203,-2966.0
302699564,203,-2957.0
302709564,203,-2947.0
302719564,203,-2938.0
302729572,203,-2929.0
302739572,203,-2919.0
302749572,203,-2910.0
302759572,203,-2901.0
302769576,203,-2892.0
302779576,203,-2882.0
302789576,203,-2873.0
302799576,203,-2864.0
302809576,203,-2854.0
302819584,203,-2845.0
302829584,203,-2836.0
302839584,203,-2827.0
302849584,203,-2817.0
302859588,203,-2808.0
302869588,203,-2799.0
302879588,203,-2790.0
302889588,203,-2780.0
302899592,203,-2771.0
302909592,203,-2762.0
302919592,203,-2752.0
302929592,203,-2743.0
302939600,203,-2734.0
302949600,203,-2725.0
302959600,203,-2715.0
302969604,203,-2706.0
302979612,203,-2697.0
302989616,203,-2687.0
302999616,203,-2678.0
303009620,203,-2669.0
303019620,203,-2660.0
303029624,203,-2650.0
303039624,203,-2641.0
303049628,203,-2632.0
303059636,203,-2622.0
303069640,203,-2613.0
303079640,203,-2604.0
303089644,203,-2595.0
303099644,203,-2585.0
303109648,204,-2576.0
303119648,204,-2567.0
303129648,204,-2557.0
303139648,204,-2548.0
303149648,204,-2539.0
303159652,204,-2529.0
303169652,204,-2520.0
303179652,204,-2511.0
303189652,204,-2501.0
303199656,204,-2492.0
303209656,204,-2483.0
303219656,204,-2474.0
303229656,204,-2464.0
303239656,204,-2455.0
303249660,204,-2446.0
303259668,204,-2436.0
303269668,204,-2427.0
303279668,204,-2418.0
303289672,204,-2408.0
303299672,204,-2399.0
303309672,204,-2390.0
303319672,204,-2380.0
303329680,204,-2371.0
303339680,204,-2362.0
303349680,204,-2352.0
303359680,204,-2343.0
303369688,204,-2334.0
303379696,204,-2324.0
303389696,204,-2315.0
303399696,204,-2306.0
303409696,204,-2296.0
303419700,204,-2287.0
303429700,204,-2278.0
303439700,204,-2268.0
303449700,204,-2259.0
303459704,204,-2250.0
303469704,204,-2240.0
303479704,204,-2231.0
303489708,204,-2222.0
303499712,204,-2212.0
303509712,204,-2203.0
303519712,204,-2194.0
303529712,204,-2184.0
303539712,204,-2175.0
303549716,204,-2166.0
303559716,204,-2156.0
303569720,204,-2147.0
303579720,204,-2138.0
303589724,204,-2128.0
303599724,204,-2119.0
303609728,204,-2110.0
303619728,204,-2100.0
303629732,204,-2091.0
303639732,204,-2082.0
303649732,204,-2072.0
303659740,204,-2063.0
303669740,204,-2054.0
303679744,204,-2044.0
303689748,204,-2035.0
303699748,204,-2026.0
303709748,204,-2016.0
303719752,204,-2007.0
303729752,204,-1998.0
